Order_ID,Service_Type,Courier_ID,Courier_Name,Hub_Origin,Store_Latitude,Store_Longitude,Destination_Address,Destination_City,Drop_Latitude,Drop_Longitude,Courier_Live_Lat,Courier_Live_Long,Order_Date,Order_Time,Pickup_Time,Weight_Kg,Dimensions_Cm,Special_Handling,Temperature_C,Weather,Traffic,Vehicle,Delivery_Status,SLA_Deadline,Delivery_Time_Minutes,SLA_Remaining_Minutes,SLA_Status,Category
100024000000,Instant,STR-JKT-001,Budi Santoso,HUB-JAKSEL-TEBET,-6.225588,106.855324,"Jl. Ir. H. Djuanda No. 120, RT 02/RW 07",Jakarta Selatan,-6.191771,106.819609,-6.219597,106.847922,2026-09-20,10:35:00,10:50:00,2.9,30x23x12,Instant_Direct,N/A,Berawan,Padat,Motorcycle,Incident_Reported,2026-09-20 13:50:00,180,-40,BREACHED,Kebutuhan Pokok Cepat
100024000001,Regular,STR-TGR-001,Rian Kusuma,HUB-BKS-HARAPANINDAH,-6.180215,106.984211,"Jl. H.R. Rasuna Said No. 8, RT 06/RW 06",Bekasi,-6.20258,106.935978,-6.199536,106.942214,2026-09-17,16:06:00,16:33:00,1.5,24x30x29,Standard,N/A,Berawan,Sedang,Motorcycle,Assigned,2026-09-20 16:33:00,4320,123,SAFE,Perlengkapan Rumah
100024000002,Regular,STR-JKT-003,Rizky Pratama,HUB-JAKPUS-TANAHABANG,-6.187841,106.814327,"Jl. Juanda No. 34, RT 06/RW 03",Jakarta Pusat,-6.149611,106.882258,-6.157018,106.864469,2026-09-18,21:35:00,22:14:00,9.3,20x27x17,Standard,N/A,Berawan,Sedang,Motorcycle,In_Transit,2026-09-20 22:14:00,2880,464,SAFE,Elektronik
100024000003,PHARMA,STR-DPK-001,Indra Gunawan,HUB-BDG-BATUNUNGGAL,-6.953812,107.627419,"Jl. Ahmad Yani No. 102, RT 07/RW 05",Bandung,-6.993066,107.602819,-6.983476,107.612429,2026-09-19,13:52:00,14:41:00,4.39,29x12x14,BPOM_Pharma,17.2,Hujan Deras,Padat,Motorcycle,In_Transit,2026-09-20 14:41:00,1440,11,HIGH_RISK,Obat Resep
100024000004,Instant,STR-JKT-012,Wahyu Hidayat,HUB-SBY-GUBENG,-7.265412,112.752189,"Jl. M.H. Thamrin No. 12, RT 02/RW 03",Surabaya,-7.279496,112.712894,-7.277302,112.716401,2026-09-21,10:22:00,11:18:00,3.1,24x18x5,Instant_Direct,N/A,Cerah,Lancar,Motorcycle,In_Transit,2026-09-21 14:18:00,180,1428,SAFE,Makanan Siap Saji
100024000005,Same Day,STR-JKT-005,Eko Prasetyo,HUB-JAKTIM-RAWAMANGUN,-6.194218,106.883905,"Jl. Senopati No. 18, RT 09/RW 02",Jakarta Timur,-6.200697,106.947439,-6.200582,106.932391,2026-09-20,16:30:00,17:16:00,1.5,20x27x10,Same_Day_Priority,N/A,Berawan,Sedang,Motorcycle,In_Transit,2026-09-21 01:16:00,480,646,SAFE,Snack & Makanan Kering
100024000006,PHARMA,STR-TGR-002,Surya Darma,HUB-JAKUT-SUNTER,-6.138472,106.865419,"Jl. Gatot Subroto Kav. 22, RT 09/RW 03",Jakarta Utara,-6.174949,106.829141,-6.160958,106.846961,2026-09-20,01:42:00,02:39:00,7.45,28x13x18,BPOM_Pharma,21.4,Banjir,Sedang,Van,In_Transit,2026-09-20 14:39:00,720,9,HIGH_RISK,Obat Resep
100024000007,Next Day,STR-JKT-002,Agus Prayitno,HUB-BDG-BATUNUNGGAL,-6.953812,107.627419,"Jl. Raya Darmo No. 55, RT 04/RW 01",Bandung,-6.960604,107.592126,-6.958009,107.620867,2026-09-19,13:45:00,14:42:00,8.7,17x26x17,Standard,N/A,Cerah,Lancar,Motorcycle,In_Transit,2026-09-20 14:42:00,1440,12,HIGH_RISK,Elektronik Kecil
100024000008,Next Day,STR-JKT-004,Hendra Wijaya,HUB-SBY-GUBENG,-7.265412,112.752189,"Jl. Margonda Raya No. 150, RT 06/RW 07",Surabaya,-7.254742,112.716209,-7.260837,112.732446,2026-09-19,16:28:00,16:55:00,1.1,38x20x13,Standard,N/A,Berawan,Macet Total,Van,In_Transit,2026-09-20 16:55:00,1440,145,SAFE,Sepatu
100024000009,Next Day,STR-JKT-009,Aris Munandar,HUB-BKS-HARAPANINDAH,-6.180215,106.984211,"Jl. Ir. H. Djuanda No. 120, RT 02/RW 01",Bekasi,-6.224527,106.978979,-6.216535,106.982072,2026-09-20,09:14:00,09:32:00,2.1,30x25x16,Standard,N/A,Berawan,Macet Total,Van,In_Transit,2026-09-21 09:32:00,1440,1142,SAFE,Buku
100024000010,Regular,STR-JKT-002,Agus Prayitno,HUB-BKS-HARAPANINDAH,-6.180215,106.984211,"Jl. Ir. H. Djuanda No. 120, RT 08/RW 03",Bekasi,-6.213087,107.023981,-6.196078,107.005587,2026-09-17,14:03:00,14:51:00,11.3,16x11x28,Standard,N/A,Hujan Deras,Sedang,Motorcycle,In_Transit,2026-09-20 14:51:00,4320,21,MEDIUM_RISK,Kecantikan
100024000011,Frozen,STR-JKT-009,Aris Munandar,HUB-JAKBAR-KEBONJERUK,-6.189512,106.769941,"Jl. Raya Darmo No. 55, RT 04/RW 01",Jakarta Barat,-6.140324,106.709534,-6.177623,106.757429,2026-09-20,20:26:00,21:23:00,11.2,26x25x22,Cold_Chain_-2_to_5C,0.7,Berawan,Sedang,Van,In_Transit,2026-09-21 05:23:00,480,893,SAFE,Buah & Sayuran Segar
100024000012,Next Day,STR-JKT-006,Fajar Ramadhan,HUB-JAKBAR-KEBONJERUK,-6.189512,106.769941,"Jl. Asia Afrika No. 80, RT 05/RW 03",Jakarta Barat,-6.258208,106.786903,-6.229289,106.779396,2026-09-19,17:10:00,17:25:00,4.7,32x19x29,Standard,N/A,Gerimis,Lancar,Van,In_Transit,2026-09-20 17:25:00,1440,175,SAFE,Mainan Anak
100024000013,Next Day,STR-DPK-001,Indra Gunawan,HUB-JAKBAR-KEBONJERUK,-6.189512,106.769941,"Jl. Panjang No. 14, RT 05/RW 04",Jakarta Barat,-6.128062,106.718742,-6.177687,106.758444,2026-09-19,21:29:00,22:01:00,2.9,16x12x30,Standard,N/A,Berawan,Padat,Motorcycle,In_Transit,2026-09-20 22:01:00,1440,451,SAFE,Buku
100024000014,Same Day,STR-BKS-001,Aditya Putra,HUB-JAKTIM-RAWAMANGUN,-6.194218,106.883905,"Jl. Sudirman No. 45, RT 02/RW 02",Jakarta Timur,-6.175022,106.850579,-6.181068,106.861181,2026-09-20,11:32:00,12:10:00,4.1,28x14x11,Same_Day_Priority,N/A,Cerah,Padat,Motorcycle,Delivered,2026-09-20 20:10:00,480,340,SAFE,Snack & Makanan Kering
100024000015,Cargo,STR-JKT-013,Gilang Permana,HUB-JAKSEL-TEBET,-6.225588,106.855324,"Jl. Margonda Raya No. 150, RT 03/RW 04",Jakarta Selatan,-6.169739,106.814735,-6.209839,106.843827,2026-09-18,20:42:00,21:07:00,232.8,76x91x135,Heavy_Cargo,N/A,Gerimis,Lancar,Van,Assigned,2026-09-20 21:07:00,2880,397,SAFE,Furnitur
100024000016,Regular,STR-JKT-011,Doni Kurniawan,HUB-JAKSEL-TEBET,-6.225588,106.855324,"Jl. Kebon Jeruk Raya No. 88, RT 04/RW 01",Jakarta Selatan,-6.175385,106.816465,-6.189599,106.826114,2026-09-20,04:19:00,04:41:00,5.5,31x22x27,Standard,N/A,Cerah,Padat,Motorcycle,Assigned,2026-09-21 04:41:00,1440,851,SAFE,Perlengkapan Rumah
100024000017,Same Day,STR-JKT-012,Wahyu Hidayat,HUB-SBY-GUBENG,-7.265412,112.752189,"Jl. Ahmad Yani No. 102, RT 07/RW 09",Surabaya,-7.200657,112.719354,-7.251178,112.746143,2026-09-20,06:22:00,06:41:00,0.5,32x16x21,Same_Day_Priority,N/A,Berawan,Lancar,Motorcycle,Incident_Reported,2026-09-20 14:41:00,480,11,HIGH_RISK,Gadget & Aksesoris
100024000018,PHARMA,STR-JKT-009,Aris Munandar,HUB-SBY-GUBENG,-7.265412,112.752189,"Jl. Margonda Raya No. 150, RT 06/RW 07",Surabaya,-7.291464,112.800911,-7.283644,112.782901,2026-09-21,03:26:00,04:00:00,5.85,20x19x19,BPOM_Pharma,18.7,Cerah,Lancar,Van,In_Transit,2026-09-21 10:00:00,360,1170,SAFE,Vaksin & Biologis
100024000019,Same Day,STR-JKT-005,Eko Prasetyo,HUB-SBY-GUBENG,-7.265412,112.752189,"Jl. Senopati No. 18, RT 02/RW 05",Surabaya,-7.250479,112.727304,-7.2575,112.740828,2026-09-21,04:24:00,04:41:00,4.9,22x16x14,Same_Day_Priority,N/A,Berawan,Lancar,Motorcycle,In_Transit,2026-09-21 12:41:00,480,1331,SAFE,Pakaian
100024000020,Next Day,STR-JKT-004,Hendra Wijaya,HUB-JAKBAR-KEBONJERUK,-6.189512,106.769941,"Jl. BSD Raya Utama Blok A2, RT 04/RW 03",Jakarta Barat,-6.195754,106.824,-6.191654,106.799138,2026-09-19,14:58:00,15:16:00,7.9,22x15x26,Standard,N/A,Gerimis,Padat,Van,In_Transit,2026-09-20 15:16:00,1440,46,SAFE,Buku
100024000021,PHARMA,STR-JKT-009,Aris Munandar,HUB-JAKBAR-KEBONJERUK,-6.189512,106.769941,"Jl. Juanda No. 34, RT 09/RW 07",Jakarta Barat,-6.195607,106.812139,-6.190347,106.796563,2026-09-20,21:04:00,21:47:00,3.99,22x20x14,BPOM_Pharma,20.6,Cerah,Lancar,Van,In_Transit,2026-09-21 09:47:00,720,1157,SAFE,Reagen Lab
100024000022,Same Day,STR-JKT-005,Eko Prasetyo,HUB-JAKUT-SUNTER,-6.138472,106.865419,"Jl. TB Simatupang No. 30, RT 04/RW 02",Jakarta Utara,-6.161453,106.920443,-6.14531,106.876074,2026-09-20,17:37:00,18:22:00,5.9,27x28x10,Same_Day_Priority,N/A,Cerah,Lancar,Motorcycle,In_Transit,2026-09-21 02:22:00,480,712,SAFE,Gadget & Aksesoris
100024000023,Same Day,STR-DPK-001,Indra Gunawan,HUB-BKS-HARAPANINDAH,-6.180215,106.984211,"Jl. Basuki Rahmat No. 40, RT 04/RW 08",Bekasi,-6.130732,107.047691,-6.156793,107.012629,2026-09-20,06:04:00,06:58:00,4.9,27x15x24,Same_Day_Priority,N/A,Cerah,Lancar,Motorcycle,In_Transit,2026-09-20 14:58:00,480,28,MEDIUM_RISK,Kosmetik
100024000024,PHARMA,STR-JKT-009,Aris Munandar,HUB-SBY-GUBENG,-7.265412,112.752189,"Jl. M.H. Thamrin No. 12, RT 05/RW 07",Surabaya,-7.256397,112.685983,-7.262189,112.712241,2026-09-20,06:18:00,06:36:00,2.58,28x14x11,BPOM_Pharma,15.2,Cerah,Sedang,Van,Delivered,2026-09-21 06:36:00,1440,966,SAFE,Reagen Lab
100024000025,Same Day,STR-JKT-014,Ilham Saputra,HUB-JAKBAR-KEBONJERUK,-6.189512,106.769941,"Jl. Sudirman No. 45, RT 03/RW 04",Jakarta Barat,-6.150139,106.791187,-6.160121,106.782541,2026-09-20,06:08:00,06:42:00,5.0,26x15x13,Same_Day_Priority,N/A,Cerah,Macet Total,Motorcycle,In_Transit,2026-09-20 14:42:00,480,12,HIGH_RISK,Kosmetik
100024000026,Regular,STR-JKT-004,Hendra Wijaya,HUB-JAKUT-SUNTER,-6.138472,106.865419,"Jl. Raya Darmo No. 55, RT 04/RW 02",Jakarta Utara,-6.12786,106.922543,-6.131443,106.887185,2026-09-19,00:25:00,01:22:00,12.0,33x11x21,Standard,N/A,Gerimis,Sedang,Van,In_Transit,2026-09-21 01:22:00,2880,652,SAFE,Olahraga
100024000027,Next Day,STR-DPK-001,Indra Gunawan,HUB-TGR-BSD,-6.302143,106.652194,"Jl. Juanda No. 34, RT 03/RW 07",Tangerang Selatan,-6.370372,106.641002,-6.336188,106.645848,2026-09-19,14:23:00,14:53:00,4.9,38x28x18,Standard,N/A,Berawan,Padat,Motorcycle,Assigned,2026-09-20 14:53:00,1440,23,MEDIUM_RISK,Elektronik Kecil
100024000028,Regular,STR-JKT-011,Doni Kurniawan,HUB-DPK-MARGONDA,-6.372841,106.832714,"Jl. Ahmad Yani No. 102, RT 03/RW 08",Depok,-6.4087,106.827773,-6.394266,106.827034,2026-09-17,14:12:00,14:53:00,8.5,31x16x12,Standard,N/A,Cerah,Padat,Motorcycle,In_Transit,2026-09-20 14:53:00,4320,23,MEDIUM_RISK,Elektronik
100024000029,Cargo,STR-BKS-002,Bambang Sudrajat,HUB-DPK-MARGONDA,-6.372841,106.832714,"Jl. Kebon Jeruk Raya No. 88, RT 05/RW 06",Depok,-6.352415,106.831429,-6.360881,106.830138,2026-09-19,08:43:00,09:12:00,124.4,94x69x84,Heavy_Cargo,N/A,Cerah,Macet Total,Cargo_Truck,In_Transit,2026-09-21 09:12:00,2880,1122,SAFE,Otomotif & Mesin
100024000030,Regular,STR-JKT-012,Wahyu Hidayat,HUB-JAKBAR-KEBONJERUK,-6.189512,106.769941,"Jl. Panjang No. 14, RT 09/RW 05",Jakarta Barat,-6.155509,106.833064,-6.169835,106.811337,2026-09-19,20:52:00,21:42:00,0.5,32x14x18,Standard,N/A,Cerah,Lancar,Motorcycle,In_Transit,2026-09-20 21:42:00,1440,432,SAFE,Pakaian
100024000031,Frozen,STR-TGR-001,Rian Kusuma,HUB-DPK-MARGONDA,-6.372841,106.832714,"Jl. M.H. Thamrin No. 12, RT 05/RW 08",Depok,-6.428479,106.764431,-6.392388,106.807925,2026-09-20,05:52:00,06:33:00,8.4,24x19x24,Cold_Chain_-2_to_5C,-1.1,Gerimis,Lancar,Motorcycle,In_Transit,2026-09-20 14:33:00,480,3,HIGH_RISK,Makanan Beku
100024000032,Cargo,STR-JKT-009,Aris Munandar,HUB-JAKPUS-TANAHABANG,-6.187841,106.814327,"Jl. Margonda Raya No. 150, RT 05/RW 01",Jakarta Pusat,-6.149244,106.79758,-6.158721,106.801696,2026-09-17,18:09:00,18:28:00,108.5,55x50x80,Heavy_Cargo,N/A,Gerimis,Lancar,Van,In_Transit,2026-09-20 18:28:00,4320,238,SAFE,Furnitur
100024000033,Same Day,STR-JKT-005,Eko Prasetyo,HUB-SBY-GUBENG,-7.265412,112.752189,"Jl. Gatot Subroto Kav. 22, RT 04/RW 05",Surabaya,-7.269624,112.686759,-7.268197,112.731337,2026-09-21,04:01:00,04:25:00,3.3,32x17x14,Same_Day_Priority,N/A,Berawan,Padat,Motorcycle,In_Transit,2026-09-21 12:25:00,480,1315,SAFE,Snack & Makanan Kering
100024000034,Regular,STR-TGR-002,Surya Darma,HUB-JAKUT-SUNTER,-6.138472,106.865419,"Jl. Pemuda No. 71, RT 07/RW 05",Jakarta Utara,-6.125166,106.910813,-6.128261,106.901312,2026-09-20,06:58:00,07:56:00,11.1,34x18x10,Standard,N/A,Cerah,Sedang,Van,Assigned,2026-09-21 07:56:00,1440,1046,SAFE,Pakaian
100024000035,Next Day,STR-DPK-001,Indra Gunawan,HUB-JAKSEL-TEBET,-6.225588,106.855324,"Jl. Raya Pajajaran No. 9, RT 09/RW 08",Jakarta Selatan,-6.155648,106.879443,-6.204661,106.86503,2026-09-19,20:41:00,21:16:00,9.7,30x21x23,Standard,N/A,Hujan Deras,Lancar,Motorcycle,In_Transit,2026-09-20 21:16:00,1440,406,SAFE,Elektronik Kecil
100024000036,Mini Cargo,STR-JKT-001,Budi Santoso,HUB-TGR-BSD,-6.302143,106.652194,"Jl. M.H. Thamrin No. 12, RT 08/RW 02",Tangerang Selatan,-6.314513,106.65156,-6.310333,106.653368,2026-09-20,01:19:00,02:07:00,26.5,47x39x33,Bulky_UMKM,N/A,Cerah,Sedang,Motorcycle,In_Transit,2026-09-21 02:07:00,1440,697,SAFE,Paket UMKM
100024000037,Cargo,STR-JKT-010,Teguh Wibowo,HUB-DPK-MARGONDA,-6.372841,106.832714,"Jl. Raya Pajajaran No. 9, RT 02/RW 01",Depok,-6.336442,106.791212,-6.350821,106.810162,2026-09-20,11:07:00,11:51:00,177.2,85x66x61,Heavy_Cargo,N/A,Berawan,Sedang,Cargo_Truck,Delivered,2026-09-21 11:51:00,1440,1281,SAFE,Furnitur
100024000038,Instant,STR-JKT-003,Rizky Pratama,HUB-JAKTIM-RAWAMANGUN,-6.194218,106.883905,"Jl. Raya Pajajaran No. 9, RT 04/RW 08",Jakarta Timur,-6.194445,106.914229,-6.195692,106.901264,2026-09-21,01:37:00,02:10:00,4.3,18x23x15,Instant_Direct,N/A,Cerah,Sedang,Motorcycle,Assigned,2026-09-21 04:10:00,120,820,SAFE,Obat Darurat
100024000039,Mini Cargo,STR-JKT-009,Aris Munandar,HUB-SBY-GUBENG,-7.265412,112.752189,"Jl. Ir. H. Djuanda No. 120, RT 09/RW 07",Surabaya,-7.195566,112.750739,-7.247438,112.750891,2026-09-19,01:19:00,02:04:00,23.7,37x49x33,Bulky_UMKM,N/A,Gerimis,Macet Total,Van,Assigned,2026-09-21 02:04:00,2880,694,SAFE,Paket UMKM
100024000040,Mini Cargo,STR-JKT-001,Budi Santoso,HUB-BKS-HARAPANINDAH,-6.180215,106.984211,"Jl. TB Simatupang No. 30, RT 09/RW 06",Bekasi,-6.111837,107.025146,-6.140837,107.011823,2026-09-19,05:35:00,06:06:00,28.7,43x45x24,Bulky_UMKM,N/A,Cerah,Padat,Motorcycle,In_Transit,2026-09-21 06:06:00,2880,936,SAFE,Paket UMKM
100024000041,Dokumen,STR-JKT-005,Eko Prasetyo,HUB-JAKBAR-KEBONJERUK,-6.189512,106.769941,"Jl. Raya Pajajaran No. 9, RT 09/RW 01",Jakarta Barat,-6.140265,106.819269,-6.153221,106.805913,2026-09-18,22:23:00,23:05:00,1.15,35x25x2,Secure_Document_Pouch,N/A,Berawan,Padat,Motorcycle,Delivered,2026-09-20 23:05:00,2880,515,SAFE,Dokumen Penting
100024000042,Cargo,STR-JKT-007,Dimas Setiawan,HUB-JAKBAR-KEBONJERUK,-6.189512,106.769941,"Jl. Pemuda No. 71, RT 06/RW 06",Jakarta Barat,-6.197397,106.797101,-6.198405,106.792968,2026-09-17,22:27:00,23:25:00,85.8,55x79x161,Heavy_Cargo,N/A,Cerah,Sedang,Cargo_Truck,In_Transit,2026-09-20 23:25:00,4320,535,SAFE,Grosir Bahan Industri
100024000043,PHARMA,STR-JKT-008,Bayu Nugroho,HUB-JAKTIM-RAWAMANGUN,-6.194218,106.883905,"Jl. Juanda No. 34, RT 05/RW 09",Jakarta Timur,-6.231712,106.903212,-6.210903,106.895406,2026-09-20,02:14:00,02:59:00,5.54,28x14x17,BPOM_Pharma,16.8,Gerimis,Macet Total,Motorcycle,In_Transit,2026-09-20 14:59:00,720,29,MEDIUM_RISK,Vaksin & Biologis
100024000044,Same Day,STR-JKT-005,Eko Prasetyo,HUB-TGR-BSD,-6.302143,106.652194,"Jl. Panjang No. 14, RT 01/RW 01",Tangerang Selatan,-6.291669,106.721171,-6.29554,106.677745,2026-09-20,23:04:00,00:02:00,4.4,26x17x16,Same_Day_Priority,N/A,Berawan,Padat,Motorcycle,Assigned,2026-09-21 08:02:00,480,1052,SAFE,Snack & Makanan Kering
100024000045,Cargo,STR-JKT-009,Aris Munandar,HUB-JAKTIM-RAWAMANGUN,-6.194218,106.883905,"Jl. Raya Darmo No. 55, RT 06/RW 03",Jakarta Timur,-6.176263,106.940382,-6.184548,106.917574,2026-09-17,13:49:00,14:36:00,76.7,84x96x174,Heavy_Cargo,N/A,Berawan,Padat,Van,Incident_Reported,2026-09-20 14:36:00,4320,6,HIGH_RISK,Otomotif & Mesin
100024000046,Mini Cargo,STR-TGR-001,Rian Kusuma,HUB-JAKUT-SUNTER,-6.138472,106.865419,"Jl. H.R. Rasuna Said No. 8, RT 08/RW 02",Jakarta Utara,-6.080505,106.927605,-6.091753,106.91908,2026-09-18,14:37:00,14:52:00,36.9,55x42x31,Bulky_UMKM,N/A,Gerimis,Sedang,Motorcycle,In_Transit,2026-09-20 14:52:00,2880,22,MEDIUM_RISK,Paket UMKM
100024000047,Regular,STR-JKT-003,Rizky Pratama,HUB-TGR-BSD,-6.302143,106.652194,"Jl. H.R. Rasuna Said No. 8, RT 04/RW 08",Tangerang Selatan,-6.277947,106.676322,-6.286678,106.668328,2026-09-19,13:57:00,14:20:00,9.6,29x19x30,Standard,N/A,Berawan,Padat,Motorcycle,In_Transit,2026-09-20 14:20:00,1440,-10,BREACHED,Kecantikan
100024000048,Regular,STR-TGR-002,Surya Darma,HUB-DPK-MARGONDA,-6.372841,106.832714,"Jl. Ir. H. Djuanda No. 120, RT 07/RW 03",Depok,-6.426584,106.795586,-6.401793,106.8124,2026-09-19,12:43:00,13:26:00,14.1,23x11x21,Standard,N/A,Cerah,Sedang,Van,Delivered,2026-09-21 13:26:00,2880,1376,SAFE,Elektronik
100024000049,Mini Cargo,STR-JKT-001,Budi Santoso,HUB-JAKBAR-KEBONJERUK,-6.189512,106.769941,"Jl. Panjang No. 14, RT 04/RW 02",Jakarta Barat,-6.122182,106.751368,-6.136046,106.752795,2026-09-20,05:46:00,06:36:00,6.2,40x32x24,Bulky_UMKM,N/A,Cerah,Lancar,Motorcycle,In_Transit,2026-09-21 06:36:00,1440,966,SAFE,Tekstil & Garmen
100024000050,Regular,STR-JKT-005,Eko Prasetyo,HUB-JAKPUS-TANAHABANG,-6.187841,106.814327,"Jl. TB Simatupang No. 30, RT 03/RW 09",Jakarta Pusat,-6.211843,106.764985,-6.209554,106.777972,2026-09-19,14:24:00,14:50:00,0.5,40x17x28,Standard,N/A,Cerah,Padat,Motorcycle,In_Transit,2026-09-20 14:50:00,1440,20,MEDIUM_RISK,Perlengkapan Rumah
100024000051,Regular,STR-JKT-012,Wahyu Hidayat,HUB-BKS-HARAPANINDAH,-6.180215,106.984211,"Jl. H.R. Rasuna Said No. 8, RT 08/RW 09",Bekasi,-6.176563,107.018604,-6.176782,107.000915,2026-09-18,13:48:00,14:46:00,7.0,15x11x25,Standard,N/A,Berawan,Padat,Motorcycle,In_Transit,2026-09-20 14:46:00,2880,16,MEDIUM_RISK,Kecantikan
100024000052,Dokumen,STR-BKS-001,Aditya Putra,HUB-DPK-MARGONDA,-6.372841,106.832714,"Jl. Raya Darmo No. 55, RT 09/RW 06",Depok,-6.432552,106.774025,-6.409829,106.79757,2026-09-19,10:29:00,11:28:00,0.7,35x25x2,Secure_Document_Pouch,N/A,Cerah,Sedang,Motorcycle,In_Transit,2026-09-21 11:28:00,2880,1258,SAFE,Dokumen Penting
100024000053,Instant,STR-JKT-011,Doni Kurniawan,HUB-BDG-BATUNUNGGAL,-6.953812,107.627419,"Jl. Juanda No. 34, RT 07/RW 07",Bandung,-6.922894,107.587522,-6.941031,107.607857,2026-09-20,23:03:00,23:45:00,4.8,25x12x7,Instant_Direct,N/A,Cerah,Sedang,Motorcycle,In_Transit,2026-09-21 01:45:00,120,675,SAFE,Makanan Siap Saji
100024000054,Dokumen,STR-TGR-001,Rian Kusuma,HUB-JAKTIM-RAWAMANGUN,-6.194218,106.883905,"Jl. Boulevard Barat Kelapa Gading, RT 07/RW 01",Jakarta Timur,-6.186326,106.89601,-6.190954,106.888213,2026-09-19,10:37:00,11:34:00,0.4,35x25x2,Secure_Document_Pouch,N/A,Cerah,Lancar,Motorcycle,In_Transit,2026-09-21 11:34:00,2880,1264,SAFE,Dokumen Penting
100024000055,Mini Cargo,STR-JKT-006,Fajar Ramadhan,HUB-TGR-BSD,-6.302143,106.652194,"Jl. Ir. H. Djuanda No. 120, RT 09/RW 01",Tangerang Selatan,-6.253791,106.633653,-6.268634,106.641359,2026-09-19,13:17:00,13:32:00,13.7,54x34x49,Bulky_UMKM,N/A,Berawan,Lancar,Van,In_Transit,2026-09-21 13:32:00,2880,1382,SAFE,Bahan Makanan Kering UMKM
100024000056,Regular,STR-JKT-003,Rizky Pratama,HUB-BKS-HARAPANINDAH,-6.180215,106.984211,"Jl. BSD Raya Utama Blok A2, RT 07/RW 08",Bekasi,-6.240473,107.017947,-6.232695,107.012404,2026-09-18,03:22:00,03:42:00,13.3,19x15x29,Standard,N/A,Cerah,Lancar,Motorcycle,In_Transit,2026-09-21 03:42:00,4320,792,SAFE,Pakaian
100024000057,Dokumen,STR-BKS-001,Aditya Putra,HUB-DPK-MARGONDA,-6.372841,106.832714,"Jl. H.R. Rasuna Said No. 8, RT 05/RW 08",Depok,-6.35785,106.8207,-6.368256,106.82817,2026-09-19,01:08:00,01:36:00,0.18,35x25x2,Secure_Document_Pouch,N/A,Cerah,Lancar,Motorcycle,In_Transit,2026-09-21 01:36:00,2880,666,SAFE,Dokumen Penting
100024000058,Regular,STR-JKT-014,Ilham Saputra,HUB-JAKTIM-RAWAMANGUN,-6.194218,106.883905,"Jl. TB Simatupang No. 30, RT 07/RW 09",Jakarta Timur,-6.157235,106.854428,-6.18558,106.876592,2026-09-19,07:50:00,08:09:00,1.4,38x11x23,Standard,N/A,Berawan,Sedang,Motorcycle,Assigned,2026-09-21 08:09:00,2880,1059,SAFE,Pakaian
100024000059,Next Day,STR-JKT-003,Rizky Pratama,HUB-SBY-GUBENG,-7.265412,112.752189,"Jl. Senopati No. 18, RT 08/RW 06",Surabaya,-7.278793,112.771809,-7.270701,112.761905,2026-09-19,14:08:00,14:33:00,4.3,24x20x17,Standard,N/A,Berawan,Padat,Motorcycle,In_Transit,2026-09-20 14:33:00,1440,3,HIGH_RISK,Elektronik Kecil
100024000060,Instant,STR-DPK-001,Indra Gunawan,HUB-BDG-BATUNUNGGAL,-6.953812,107.627419,"Jl. TB Simatupang No. 30, RT 04/RW 02",Bandung,-6.952419,107.684248,-6.951898,107.651755,2026-09-20,10:56:00,11:51:00,0.6,30x25x19,Instant_Direct,N/A,Cerah,Lancar,Motorcycle,In_Transit,2026-09-20 14:51:00,180,21,MEDIUM_RISK,Kebutuhan Pokok Cepat
100024000061,Next Day,STR-JKT-003,Rizky Pratama,HUB-DPK-MARGONDA,-6.372841,106.832714,"Jl. Pemuda No. 71, RT 08/RW 08",Depok,-6.380932,106.805109,-6.378273,106.82331,2026-09-19,13:18:00,14:08:00,6.3,31x22x24,Standard,N/A,Hujan Deras,Lancar,Motorcycle,Incident_Reported,2026-09-20 14:08:00,1440,-22,BREACHED,Mainan Anak
100024000062,Dokumen,STR-DPK-001,Indra Gunawan,HUB-JAKSEL-TEBET,-6.225588,106.855324,"Jl. TB Simatupang No. 30, RT 01/RW 08",Jakarta Selatan,-6.232625,106.898698,-6.230925,106.881475,2026-09-18,14:07:00,14:37:00,0.34,35x25x2,Secure_Document_Pouch,N/A,Banjir,Lancar,Motorcycle,In_Transit,2026-09-20 14:37:00,2880,7,HIGH_RISK,Dokumen Penting
100024000063,Frozen,STR-JKT-009,Aris Munandar,HUB-BDG-BATUNUNGGAL,-6.953812,107.627419,"Jl. Ahmad Yani No. 102, RT 01/RW 06",Bandung,-6.950627,107.579643,-6.953806,107.607236,2026-09-20,05:56:00,06:33:00,8.8,39x19x25,Cold_Chain_-2_to_5C,-0.9,Hujan Deras,Padat,Van,In_Transit,2026-09-20 14:33:00,480,3,HIGH_RISK,Makanan Beku
100024000064,Instant,STR-JKT-011,Doni Kurniawan,HUB-BKS-HARAPANINDAH,-6.180215,106.984211,"Jl. Ahmad Yani No. 102, RT 03/RW 09",Bekasi,-6.232162,107.013448,-6.190734,106.991191,2026-09-20,12:19:00,12:42:00,1.7,16x20x20,Instant_Direct,N/A,Gerimis,Padat,Motorcycle,In_Transit,2026-09-20 14:42:00,120,12,HIGH_RISK,Minuman Segar
100024000065,Same Day,STR-JKT-003,Rizky Pratama,HUB-JAKBAR-KEBONJERUK,-6.189512,106.769941,"Jl. Basuki Rahmat No. 40, RT 03/RW 07",Jakarta Barat,-6.188435,106.775509,-6.188634,106.774627,2026-09-20,06:07:00,06:50:00,5.2,16x23x21,Same_Day_Priority,N/A,Berawan,Sedang,Motorcycle,In_Transit,2026-09-20 14:50:00,480,20,MEDIUM_RISK,Kosmetik
100024000066,Cargo,STR-JKT-015,Ahmad Fauzi,HUB-DPK-MARGONDA,-6.372841,106.832714,"Jl. Kemang Raya No. 5, RT 06/RW 08",Depok,-6.410081,106.796198,-6.401892,106.804979,2026-09-19,00:24:00,00:42:00,276.9,62x91x127,Heavy_Cargo,N/A,Berawan,Sedang,Cargo_Truck,In_Transit,2026-09-21 00:42:00,2880,612,SAFE,Furnitur
100024000067,Mini Cargo,STR-JKT-009,Aris Munandar,HUB-BDG-BATUNUNGGAL,-6.953812,107.627419,"Jl. Senopati No. 18, RT 05/RW 08",Bandung,-6.893011,107.657015,-6.924986,107.64005,2026-09-18,19:48:00,20:06:00,31.9,58x36x49,Bulky_UMKM,N/A,Berawan,Lancar,Van,In_Transit,2026-09-20 20:06:00,2880,336,SAFE,Paket UMKM
100024000068,Same Day,STR-JKT-014,Ilham Saputra,HUB-BKS-HARAPANINDAH,-6.180215,106.984211,"Jl. Ahmad Yani No. 102, RT 03/RW 03",Bekasi,-6.110981,106.966699,-6.165879,106.983274,2026-09-20,05:47:00,06:15:00,3.4,15x12x10,Same_Day_Priority,N/A,Hujan Deras,Sedang,Motorcycle,Incident_Reported,2026-09-20 14:15:00,480,-15,BREACHED,Snack & Makanan Kering
100024000069,Next Day,STR-JKT-009,Aris Munandar,HUB-SBY-GUBENG,-7.265412,112.752189,"Jl. Margonda Raya No. 150, RT 08/RW 02",Surabaya,-7.261524,112.697755,-7.265238,112.730333,2026-09-19,14:02:00,14:39:00,7.3,24x23x10,Standard,N/A,Hujan Deras,Lancar,Van,In_Transit,2026-09-20 14:39:00,1440,9,HIGH_RISK,Mainan Anak
100024000070,Same Day,STR-JKT-011,Doni Kurniawan,HUB-JAKBAR-KEBONJERUK,-6.189512,106.769941,"Jl. Asia Afrika No. 80, RT 09/RW 01",Jakarta Barat,-6.186224,106.750426,-6.18656,106.755708,2026-09-20,22:37:00,23:07:00,2.1,15x21x12,Same_Day_Priority,N/A,Cerah,Lancar,Motorcycle,Assigned,2026-09-21 07:07:00,480,997,SAFE,Snack & Makanan Kering
100024000071,Instant,STR-JKT-014,Ilham Saputra,HUB-SBY-GUBENG,-7.265412,112.752189,"Jl. Senopati No. 18, RT 08/RW 08",Surabaya,-7.232486,112.728742,-7.259175,112.749825,2026-09-20,16:07:00,16:41:00,0.4,16x11x11,Instant_Direct,N/A,Cerah,Sedang,Motorcycle,In_Transit,2026-09-20 19:41:00,180,311,SAFE,Makanan Siap Saji
100024000072,Frozen,STR-JKT-011,Doni Kurniawan,HUB-BDG-BATUNUNGGAL,-6.953812,107.627419,"Jl. M.H. Thamrin No. 12, RT 06/RW 05",Bandung,-6.957536,107.562546,-6.95734,107.590484,2026-09-20,05:49:00,06:37:00,10.8,32x25x20,Cold_Chain_-2_to_5C,0.5,Gerimis,Padat,Motorcycle,In_Transit,2026-09-20 14:37:00,480,7,HIGH_RISK,Minuman Dingin
100024000073,Regular,STR-BKS-001,Aditya Putra,HUB-BKS-HARAPANINDAH,-6.180215,106.984211,"Jl. Gatot Subroto Kav. 22, RT 06/RW 05",Bekasi,-6.239165,106.998554,-6.222719,106.993546,2026-09-19,10:44:00,11:39:00,5.5,16x21x29,Standard,N/A,Berawan,Lancar,Motorcycle,Delivered,2026-09-21 11:39:00,2880,1269,SAFE,Kecantikan
100024000074,Frozen,STR-JKT-009,Aris Munandar,HUB-JAKBAR-KEBONJERUK,-6.189512,106.769941,"Jl. Sudirman No. 45, RT 03/RW 08",Jakarta Barat,-6.165546,106.75681,-6.17581,106.761215,2026-09-20,05:30:00,05:49:00,4.9,38x16x19,Cold_Chain_-2_to_5C,0.5,Berawan,Padat,Van,In_Transit,2026-09-20 13:49:00,480,-41,BREACHED,Minuman Dingin
100024000075,Next Day,STR-JKT-012,Wahyu Hidayat,HUB-BKS-HARAPANINDAH,-6.180215,106.984211,"Jl. Asia Afrika No. 80, RT 07/RW 09",Bekasi,-6.206201,106.953228,-6.204429,106.956848,2026-09-19,14:25:00,14:44:00,7.1,30x16x13,Standard,N/A,Berawan,Padat,Motorcycle,In_Transit,2026-09-20 14:44:00,1440,14,HIGH_RISK,Sepatu
100024000076,PHARMA,STR-DPK-001,Indra Gunawan,HUB-DPK-MARGONDA,-6.372841,106.832714,"Jl. Gatot Subroto Kav. 22, RT 09/RW 09",Depok,-6.303224,106.876186,-6.312328,106.869685,2026-09-20,18:49:00,19:19:00,5.53,26x18x13,BPOM_Pharma,23.9,Gerimis,Sedang,Motorcycle,Assigned,2026-09-21 01:19:00,360,649,SAFE,Alat Kesehatan
100024000077,Regular,STR-JKT-003,Rizky Pratama,HUB-BDG-BATUNUNGGAL,-6.953812,107.627419,"Jl. Gatot Subroto Kav. 22, RT 05/RW 07",Bandung,-6.943693,107.622856,-6.947553,107.6259,2026-09-19,06:27:00,07:25:00,2.1,25x30x12,Standard,N/A,Cerah,Sedang,Motorcycle,In_Transit,2026-09-21 07:25:00,2880,1015,SAFE,Kecantikan
100024000078,Regular,STR-JKT-009,Aris Munandar,HUB-BDG-BATUNUNGGAL,-6.953812,107.627419,"Jl. M.H. Thamrin No. 12, RT 02/RW 09",Bandung,-6.934241,107.582894,-6.938043,107.593088,2026-09-19,13:55:00,14:50:00,5.4,31x19x12,Standard,N/A,Cerah,Padat,Van,Assigned,2026-09-20 14:50:00,1440,20,MEDIUM_RISK,Perlengkapan Rumah
100024000079,Same Day,STR-BKS-001,Aditya Putra,HUB-JAKUT-SUNTER,-6.138472,106.865419,"Jl. Senopati No. 18, RT 06/RW 01",Jakarta Utara,-6.122452,106.808499,-6.12833,106.831825,2026-09-20,07:17:00,08:03:00,2.2,21x28x23,Same_Day_Priority,N/A,Cerah,Padat,Motorcycle,Delivered,2026-09-20 16:03:00,480,93,SAFE,Pakaian
100024000080,Next Day,STR-JKT-013,Gilang Permana,HUB-JAKUT-SUNTER,-6.138472,106.865419,"Jl. M.H. Thamrin No. 12, RT 03/RW 08",Jakarta Utara,-6.14086,106.908075,-6.141191,106.889709,2026-09-20,06:18:00,06:56:00,8.7,25x21x22,Standard,N/A,Cerah,Sedang,Van,In_Transit,2026-09-21 06:56:00,1440,986,SAFE,Sepatu
100024000081,Regular,STR-JKT-013,Gilang Permana,HUB-JAKPUS-TANAHABANG,-6.187841,106.814327,"Jl. BSD Raya Utama Blok A2, RT 07/RW 04",Jakarta Pusat,-6.192535,106.781773,-6.191779,106.802536,2026-09-18,19:58:00,20:32:00,3.1,20x25x26,Standard,N/A,Berawan,Padat,Van,In_Transit,2026-09-20 20:32:00,2880,362,SAFE,Kecantikan
100024000082,Regular,STR-JKT-014,Ilham Saputra,HUB-BKS-HARAPANINDAH,-6.180215,106.984211,"Jl. Raya Pajajaran No. 9, RT 08/RW 05",Bekasi,-6.179453,107.049547,-6.180869,107.001154,2026-09-17,17:55:00,18:45:00,11.5,26x11x22,Standard,N/A,Cerah,Padat,Motorcycle,In_Transit,2026-09-20 18:45:00,4320,255,SAFE,Pakaian
100024000083,Next Day,STR-JKT-014,Ilham Saputra,HUB-JAKBAR-KEBONJERUK,-6.189512,106.769941,"Jl. Basuki Rahmat No. 40, RT 02/RW 03",Jakarta Barat,-6.205423,106.762991,-6.196071,106.766963,2026-09-20,03:44:00,04:31:00,7.7,21x29x26,Standard,N/A,Cerah,Macet Total,Motorcycle,In_Transit,2026-09-21 04:31:00,1440,841,SAFE,Buku
100024000084,Regular,STR-JKT-013,Gilang Permana,HUB-TGR-BSD,-6.302143,106.652194,"Jl. Basuki Rahmat No. 40, RT 06/RW 03",Tangerang Selatan,-6.259588,106.654901,-6.288964,106.650721,2026-09-19,11:22:00,12:07:00,7.8,31x27x25,Standard,N/A,Berawan,Lancar,Van,Assigned,2026-09-21 12:07:00,2880,1297,SAFE,Olahraga
100024000085,Same Day,STR-BKS-001,Aditya Putra,HUB-JAKBAR-KEBONJERUK,-6.189512,106.769941,"Jl. Sudirman No. 45, RT 08/RW 05",Jakarta Barat,-6.122326,106.781659,-6.140611,106.779362,2026-09-21,01:51:00,02:49:00,3.6,31x30x22,Same_Day_Priority,N/A,Berawan,Sedang,Motorcycle,In_Transit,2026-09-21 10:49:00,480,1219,SAFE,Kosmetik
100024000086,Next Day,STR-DPK-001,Indra Gunawan,HUB-JAKBAR-KEBONJERUK,-6.189512,106.769941,"Jl. Asia Afrika No. 80, RT 08/RW 01",Jakarta Barat,-6.232802,106.761686,-6.209218,106.764506,2026-09-20,08:11:00,08:47:00,5.5,25x15x24,Standard,N/A,Cerah,Lancar,Motorcycle,In_Transit,2026-09-21 08:47:00,1440,1097,SAFE,Mainan Anak
100024000087,Dokumen,STR-JKT-008,Bayu Nugroho,HUB-JAKUT-SUNTER,-6.138472,106.865419,"Jl. Pemuda No. 71, RT 05/RW 04",Jakarta Utara,-6.123061,106.822336,-6.133152,106.849871,2026-09-19,06:55:00,07:46:00,0.5,35x25x2,Secure_Document_Pouch,N/A,Cerah,Lancar,Motorcycle,In_Transit,2026-09-21 07:46:00,2880,1036,SAFE,Dokumen Penting
100024000088,Same Day,STR-JKT-008,Bayu Nugroho,HUB-BKS-HARAPANINDAH,-6.180215,106.984211,"Jl. Gatot Subroto Kav. 22, RT 06/RW 08",Bekasi,-6.135642,107.047856,-6.149681,107.02833,2026-09-20,22:56:00,23:26:00,6.6,23x14x13,Same_Day_Priority,N/A,Cerah,Padat,Motorcycle,In_Transit,2026-09-21 07:26:00,480,1016,SAFE,Kosmetik
100024000089,PHARMA,STR-JKT-009,Aris Munandar,HUB-JAKPUS-TANAHABANG,-6.187841,106.814327,"Jl. TB Simatupang No. 30, RT 01/RW 09",Jakarta Pusat,-6.168529,106.751676,-6.178053,106.784407,2026-09-20,13:32:00,14:28:00,4.22,21x14x15,BPOM_Pharma,20.8,Cerah,Padat,Van,In_Transit,2026-09-20 20:28:00,360,358,SAFE,Vaksin & Biologis
100024000090,Next Day,STR-JKT-004,Hendra Wijaya,HUB-JAKSEL-TEBET,-6.225588,106.855324,"Jl. BSD Raya Utama Blok A2, RT 08/RW 03",Jakarta Selatan,-6.167736,106.809833,-6.183128,106.822924,2026-09-20,00:09:00,00:57:00,9.3,25x19x24,Standard,N/A,Gerimis,Lancar,Van,In_Transit,2026-09-21 00:57:00,1440,627,SAFE,Mainan Anak
100024000091,PHARMA,STR-JKT-004,Hendra Wijaya,HUB-BDG-BATUNUNGGAL,-6.953812,107.627419,"Jl. Panjang No. 14, RT 03/RW 01",Bandung,-6.958289,107.584413,-6.956862,107.61733,2026-09-20,00:48:00,01:09:00,5.31,27x16x18,BPOM_Pharma,15.8,Berawan,Sedang,Van,In_Transit,2026-09-21 01:09:00,1440,639,SAFE,Vaksin & Biologis
100024000092,Regular,STR-JKT-004,Hendra Wijaya,HUB-TGR-BSD,-6.302143,106.652194,"Jl. Ahmad Yani No. 102, RT 05/RW 01",Tangerang Selatan,-6.241127,106.58315,-6.276927,106.621901,2026-09-18,02:59:00,03:21:00,7.1,20x22x26,Standard,N/A,Berawan,Lancar,Van,In_Transit,2026-09-21 03:21:00,4320,771,SAFE,Perlengkapan Rumah
100024000093,Frozen,STR-TGR-002,Surya Darma,HUB-TGR-BSD,-6.302143,106.652194,"Jl. Basuki Rahmat No. 40, RT 06/RW 07",Tangerang Selatan,-6.286095,106.612872,-6.300316,106.644106,2026-09-20,22:50:00,23:09:00,3.0,27x17x29,Cold_Chain_-2_to_5C,2.6,Berawan,Padat,Van,Delivered,2026-09-21 07:09:00,480,999,SAFE,Makanan Hewan
100024000094,Regular,STR-JKT-002,Agus Prayitno,HUB-BDG-BATUNUNGGAL,-6.953812,107.627419,"Jl. Juanda No. 34, RT 02/RW 04",Bandung,-6.897408,107.585721,-6.926175,107.607627,2026-09-20,06:56:00,07:46:00,7.0,31x23x24,Standard,N/A,Cerah,Sedang,Motorcycle,In_Transit,2026-09-21 07:46:00,1440,1036,SAFE,Olahraga
100024000095,Mini Cargo,STR-JKT-012,Wahyu Hidayat,HUB-JAKSEL-TEBET,-6.225588,106.855324,"Jl. Boulevard Barat Kelapa Gading, RT 02/RW 09",Jakarta Selatan,-6.240155,106.899627,-6.234908,106.88237,2026-09-18,16:47:00,17:26:00,18.2,54x29x44,Bulky_UMKM,N/A,Hujan Deras,Sedang,Motorcycle,In_Transit,2026-09-20 17:26:00,2880,176,SAFE,Sparepart Motor
100024000096,PHARMA,STR-JKT-004,Hendra Wijaya,HUB-BKS-HARAPANINDAH,-6.180215,106.984211,"Jl. Boulevard Barat Kelapa Gading, RT 02/RW 03",Bekasi,-6.197625,107.009793,-6.190656,107.00082,2026-09-20,21:59:00,22:29:00,7.15,15x14x17,BPOM_Pharma,19.8,Cerah,Sedang,Van,In_Transit,2026-09-21 04:29:00,360,839,SAFE,Reagen Lab
100024000097,Regular,STR-JKT-002,Agus Prayitno,HUB-JAKPUS-TANAHABANG,-6.187841,106.814327,"Jl. Sudirman No. 45, RT 04/RW 04",Jakarta Pusat,-6.126604,106.84583,-6.171961,106.821056,2026-09-17,14:13:00,14:41:00,3.9,16x22x24,Standard,N/A,Cerah,Padat,Motorcycle,Incident_Reported,2026-09-20 14:41:00,4320,11,HIGH_RISK,Elektronik
100024000098,Cargo,STR-JKT-015,Ahmad Fauzi,HUB-JAKTIM-RAWAMANGUN,-6.194218,106.883905,"Jl. Basuki Rahmat No. 40, RT 06/RW 04",Jakarta Timur,-6.193673,106.854402,-6.192436,106.861545,2026-09-17,19:00:00,19:58:00,117.1,53x75x171,Heavy_Cargo,N/A,Hujan Deras,Sedang,Cargo_Truck,In_Transit,2026-09-20 19:58:00,4320,328,SAFE,Furnitur
100024000099,Next Day,STR-JKT-005,Eko Prasetyo,HUB-TGR-BSD,-6.302143,106.652194,"Jl. TB Simatupang No. 30, RT 05/RW 07",Tangerang Selatan,-6.240321,106.676182,-6.259951,106.668485,2026-09-19,14:10:00,15:00:00,8.2,16x27x23,Standard,N/A,Cerah,Lancar,Motorcycle,In_Transit,2026-09-20 15:00:00,1440,30,MEDIUM_RISK,Buku
100024000100,Same Day,STR-JKT-005,Eko Prasetyo,HUB-JAKUT-SUNTER,-6.138472,106.865419,"Jl. Kemang Raya No. 5, RT 01/RW 05",Jakarta Utara,-6.180005,106.885958,-6.169431,106.879314,2026-09-21,03:15:00,03:43:00,5.7,33x27x16,Same_Day_Priority,N/A,Berawan,Padat,Motorcycle,Assigned,2026-09-21 11:43:00,480,1273,SAFE,Gadget & Aksesoris
100024000101,Same Day,STR-JKT-014,Ilham Saputra,HUB-JAKSEL-TEBET,-6.225588,106.855324,"Jl. Kebon Jeruk Raya No. 88, RT 04/RW 07",Jakarta Selatan,-6.265935,106.811927,-6.2511,106.827816,2026-09-21,01:08:00,01:55:00,4.0,26x19x18,Same_Day_Priority,N/A,Cerah,Lancar,Motorcycle,Delivered,2026-09-21 09:55:00,480,1165,SAFE,Snack & Makanan Kering
100024000102,Next Day,STR-JKT-005,Eko Prasetyo,HUB-DPK-MARGONDA,-6.372841,106.832714,"Jl. Kebon Jeruk Raya No. 88, RT 03/RW 01",Depok,-6.336213,106.807547,-6.363261,106.822635,2026-09-20,10:15:00,11:01:00,2.4,22x22x28,Standard,N/A,Berawan,Lancar,Motorcycle,In_Transit,2026-09-21 11:01:00,1440,1231,SAFE,Sepatu
100024000103,Frozen,STR-JKT-013,Gilang Permana,HUB-TGR-BSD,-6.302143,106.652194,"Jl. Senopati No. 18, RT 06/RW 03",Tangerang Selatan,-6.336117,106.697217,-6.329374,106.689352,2026-09-20,05:45:00,06:40:00,11.9,21x16x17,Cold_Chain_-2_to_5C,0.8,Gerimis,Macet Total,Van,In_Transit,2026-09-20 14:40:00,480,10,HIGH_RISK,Makanan Beku
100024000104,Dokumen,STR-JKT-008,Bayu Nugroho,HUB-JAKSEL-TEBET,-6.225588,106.855324,"Jl. Raya Pajajaran No. 9, RT 08/RW 01",Jakarta Selatan,-6.264967,106.849165,-6.232335,106.856743,2026-09-18,13:47:00,14:20:00,0.85,35x25x2,Secure_Document_Pouch,N/A,Gerimis,Lancar,Motorcycle,In_Transit,2026-09-20 14:20:00,2880,-10,BREACHED,Dokumen Penting
100024000105,Mini Cargo,STR-TGR-001,Rian Kusuma,HUB-BKS-HARAPANINDAH,-6.180215,106.984211,"Jl. Kemang Raya No. 5, RT 09/RW 05",Bekasi,-6.137352,107.041579,-6.172997,106.995007,2026-09-19,23:16:00,00:12:00,19.9,37x47x27,Bulky_UMKM,N/A,Berawan,Lancar,Motorcycle,Delivered,2026-09-21 00:12:00,1440,582,SAFE,Bahan Makanan Kering UMKM
100024000106,Instant,STR-JKT-002,Agus Prayitno,HUB-JAKSEL-TEBET,-6.225588,106.855324,"Jl. Senopati No. 18, RT 02/RW 08",Jakarta Selatan,-6.282498,106.838421,-6.258806,106.843306,2026-09-21,09:48:00,10:05:00,4.5,11x17x11,Instant_Direct,N/A,Berawan,Sedang,Motorcycle,Delivered,2026-09-21 13:05:00,180,1355,SAFE,Kebutuhan Pokok Cepat
100024000107,Dokumen,STR-JKT-012,Wahyu Hidayat,HUB-JAKUT-SUNTER,-6.138472,106.865419,"Jl. Kemang Raya No. 5, RT 03/RW 07",Jakarta Utara,-6.082568,106.87431,-6.126226,106.865844,2026-09-19,00:28:00,01:17:00,1.05,35x25x2,Secure_Document_Pouch,N/A,Cerah,Lancar,Motorcycle,In_Transit,2026-09-21 01:17:00,2880,647,SAFE,Dokumen Penting
100024000108,Cargo,STR-JKT-015,Ahmad Fauzi,HUB-JAKTIM-RAWAMANGUN,-6.194218,106.883905,"Jl. H.R. Rasuna Said No. 8, RT 07/RW 04",Jakarta Timur,-6.153548,106.910408,-6.184412,106.888411,2026-09-19,01:56:00,02:42:00,277.5,70x41x131,Heavy_Cargo,N/A,Berawan,Sedang,Cargo_Truck,In_Transit,2026-09-21 02:42:00,2880,732,SAFE,Otomotif & Mesin
100024000109,Next Day,STR-TGR-001,Rian Kusuma,HUB-BKS-HARAPANINDAH,-6.180215,106.984211,"Jl. Kebon Jeruk Raya No. 88, RT 02/RW 02",Bekasi,-6.189756,107.009368,-6.188544,107.000331,2026-09-20,03:20:00,04:03:00,3.5,18x12x10,Standard,N/A,Berawan,Sedang,Motorcycle,In_Transit,2026-09-21 04:03:00,1440,813,SAFE,Elektronik Kecil
100024000110,Same Day,STR-JKT-001,Budi Santoso,HUB-JAKTIM-RAWAMANGUN,-6.194218,106.883905,"Jl. Gatot Subroto Kav. 22, RT 06/RW 09",Jakarta Timur,-6.251996,106.874242,-6.225337,106.876308,2026-09-20,05:43:00,06:41:00,2.4,27x12x17,Same_Day_Priority,N/A,Hujan Deras,Macet Total,Motorcycle,In_Transit,2026-09-20 14:41:00,480,11,HIGH_RISK,Kosmetik
100024000111,Regular,STR-BKS-001,Aditya Putra,HUB-JAKUT-SUNTER,-6.138472,106.865419,"Jl. Gatot Subroto Kav. 22, RT 06/RW 05",Jakarta Utara,-6.170895,106.81585,-6.148475,106.85098,2026-09-18,11:46:00,12:25:00,1.9,24x10x22,Standard,N/A,Cerah,Sedang,Motorcycle,Assigned,2026-09-21 12:25:00,4320,1315,SAFE,Perlengkapan Rumah
100024000112,Same Day,STR-DPK-001,Indra Gunawan,HUB-TGR-BSD,-6.302143,106.652194,"Jl. Basuki Rahmat No. 40, RT 04/RW 08",Tangerang Selatan,-6.311857,106.697489,-6.307461,106.678433,2026-09-20,20:08:00,20:40:00,3.7,33x17x20,Same_Day_Priority,N/A,Hujan Deras,Lancar,Motorcycle,Assigned,2026-09-21 04:40:00,480,850,SAFE,Gadget & Aksesoris
100024000113,Same Day,STR-JKT-012,Wahyu Hidayat,HUB-JAKBAR-KEBONJERUK,-6.189512,106.769941,"Jl. Sudirman No. 45, RT 08/RW 04",Jakarta Barat,-6.129023,106.727913,-6.140133,106.735903,2026-09-20,16:30:00,17:01:00,4.9,19x30x19,Same_Day_Priority,N/A,Berawan,Lancar,Motorcycle,In_Transit,2026-09-21 01:01:00,480,631,SAFE,Kosmetik
100024000114,Dokumen,STR-BKS-001,Aditya Putra,HUB-BKS-HARAPANINDAH,-6.180215,106.984211,"Jl. Margonda Raya No. 150, RT 09/RW 01",Bekasi,-6.23986,107.052909,-6.209766,107.017601,2026-09-19,03:01:00,03:21:00,0.99,35x25x2,Secure_Document_Pouch,N/A,Berawan,Padat,Motorcycle,In_Transit,2026-09-21 03:21:00,2880,771,SAFE,Dokumen Penting
100024000115,Regular,STR-JKT-009,Aris Munandar,HUB-TGR-BSD,-6.302143,106.652194,"Jl. Ahmad Yani No. 102, RT 07/RW 02",Tangerang Selatan,-6.348856,106.667969,-6.326697,106.66166,2026-09-19,13:24:00,14:01:00,6.9,27x24x28,Standard,N/A,Berawan,Padat,Van,Incident_Reported,2026-09-20 14:01:00,1440,-29,BREACHED,Olahraga
100024000116,Next Day,STR-BKS-001,Aditya Putra,HUB-JAKUT-SUNTER,-6.138472,106.865419,"Jl. Pemuda No. 71, RT 06/RW 08",Jakarta Utara,-6.150235,106.930061,-6.138548,106.878217,2026-09-20,08:35:00,08:52:00,7.4,29x20x12,Standard,N/A,Cerah,Sedang,Motorcycle,Assigned,2026-09-21 08:52:00,1440,1102,SAFE,Elektronik Kecil
100024000117,Regular,STR-TGR-001,Rian Kusuma,HUB-TGR-BSD,-6.302143,106.652194,"Jl. Senopati No. 18, RT 09/RW 03",Tangerang Selatan,-6.281427,106.676994,-6.293749,106.657231,2026-09-20,04:44:00,05:38:00,9.6,20x30x23,Standard,N/A,Hujan Deras,Lancar,Motorcycle,Delivered,2026-09-21 05:38:00,1440,908,SAFE,Kecantikan
100024000118,Next Day,STR-DPK-001,Indra Gunawan,HUB-BKS-HARAPANINDAH,-6.180215,106.984211,"Jl. Gatot Subroto Kav. 22, RT 02/RW 09",Bekasi,-6.195778,107.012874,-6.183277,106.994492,2026-09-19,14:01:00,14:55:00,5.5,35x20x29,Standard,N/A,Cerah,Lancar,Motorcycle,In_Transit,2026-09-20 14:55:00,1440,25,MEDIUM_RISK,Buku
100024000119,Regular,STR-JKT-005,Eko Prasetyo,HUB-TGR-BSD,-6.302143,106.652194,"Jl. Basuki Rahmat No. 40, RT 02/RW 03",Tangerang Selatan,-6.253771,106.668625,-6.266098,106.662803,2026-09-18,22:31:00,23:13:00,7.8,28x29x14,Standard,N/A,Cerah,Lancar,Motorcycle,In_Transit,2026-09-20 23:13:00,2880,523,SAFE,Olahraga
100024000120,Instant,STR-TGR-001,Rian Kusuma,HUB-JAKTIM-RAWAMANGUN,-6.194218,106.883905,"Jl. M.H. Thamrin No. 12, RT 06/RW 01",Jakarta Timur,-6.18653,106.882455,-6.193422,106.883251,2026-09-20,18:19:00,18:44:00,3.3,23x25x18,Instant_Direct,N/A,Berawan,Macet Total,Motorcycle,In_Transit,2026-09-20 21:44:00,180,434,SAFE,Kebutuhan Pokok Cepat
100024000121,Regular,STR-JKT-014,Ilham Saputra,HUB-JAKPUS-TANAHABANG,-6.187841,106.814327,"Jl. Raya Pajajaran No. 9, RT 09/RW 09",Jakarta Pusat,-6.216948,106.782806,-6.205152,106.797481,2026-09-19,13:51:00,14:33:00,8.3,39x11x24,Standard,N/A,Berawan,Padat,Motorcycle,In_Transit,2026-09-20 14:33:00,1440,3,HIGH_RISK,Olahraga
100024000122,Mini Cargo,STR-TGR-002,Surya Darma,HUB-JAKPUS-TANAHABANG,-6.187841,106.814327,"Jl. Juanda No. 34, RT 02/RW 04",Jakarta Pusat,-6.216162,106.884231,-6.201913,106.84872,2026-09-19,14:05:00,14:56:00,10.1,34x50x26,Bulky_UMKM,N/A,Gerimis,Sedang,Van,In_Transit,2026-09-20 14:56:00,1440,26,MEDIUM_RISK,Tekstil & Garmen
100024000123,Same Day,STR-DPK-001,Indra Gunawan,HUB-BDG-BATUNUNGGAL,-6.953812,107.627419,"Jl. Asia Afrika No. 80, RT 02/RW 03",Bandung,-7.000239,107.694479,-6.96985,107.653929,2026-09-20,20:37:00,21:07:00,1.3,19x17x14,Same_Day_Priority,N/A,Gerimis,Macet Total,Motorcycle,Assigned,2026-09-21 05:07:00,480,877,SAFE,Snack & Makanan Kering
100024000124,Dokumen,STR-BKS-001,Aditya Putra,HUB-DPK-MARGONDA,-6.372841,106.832714,"Jl. Gatot Subroto Kav. 22, RT 07/RW 09",Depok,-6.422937,106.85125,-6.40312,106.841093,2026-09-19,03:20:00,03:40:00,0.1,35x25x2,Secure_Document_Pouch,N/A,Cerah,Sedang,Motorcycle,Assigned,2026-09-21 03:40:00,2880,790,SAFE,Dokumen Penting
100024000125,Next Day,STR-DPK-001,Indra Gunawan,HUB-TGR-BSD,-6.302143,106.652194,"Jl. Raya Pajajaran No. 9, RT 05/RW 06",Tangerang Selatan,-6.253128,106.693589,-6.278336,106.671877,2026-09-20,01:41:00,02:36:00,8.0,36x11x11,Standard,N/A,Cerah,Lancar,Motorcycle,Assigned,2026-09-21 02:36:00,1440,726,SAFE,Pakaian
100024000126,Next Day,STR-JKT-003,Rizky Pratama,HUB-JAKBAR-KEBONJERUK,-6.189512,106.769941,"Jl. TB Simatupang No. 30, RT 05/RW 03",Jakarta Barat,-6.129391,106.722059,-6.15833,106.747024,2026-09-19,23:31:00,00:26:00,4.0,35x15x11,Standard,N/A,Cerah,Lancar,Motorcycle,In_Transit,2026-09-21 00:26:00,1440,596,SAFE,Buku
100024000127,Dokumen,STR-JKT-002,Agus Prayitno,HUB-JAKPUS-TANAHABANG,-6.187841,106.814327,"Jl. Raya Darmo No. 55, RT 04/RW 09",Jakarta Pusat,-6.197749,106.757095,-6.191707,106.799397,2026-09-18,14:42:00,15:24:00,1.48,35x25x2,Secure_Document_Pouch,N/A,Cerah,Lancar,Motorcycle,In_Transit,2026-09-20 15:24:00,2880,54,SAFE,Dokumen Penting
100024000128,Next Day,STR-JKT-001,Budi Santoso,HUB-JAKPUS-TANAHABANG,-6.187841,106.814327,"Jl. TB Simatupang No. 30, RT 07/RW 03",Jakarta Pusat,-6.204211,106.846634,-6.19259,106.823775,2026-09-20,13:16:00,14:11:00,6.3,20x24x21,Standard,N/A,Cerah,Sedang,Motorcycle,Assigned,2026-09-21 14:11:00,1440,1421,SAFE,Sepatu
100024000129,PHARMA,STR-DPK-001,Indra Gunawan,HUB-SBY-GUBENG,-7.265412,112.752189,"Jl. Raya Darmo No. 55, RT 07/RW 06",Surabaya,-7.239293,112.802584,-7.262306,112.764321,2026-09-20,01:02:00,01:49:00,0.99,24x10x20,BPOM_Pharma,16.8,Berawan,Lancar,Motorcycle,In_Transit,2026-09-21 01:49:00,1440,679,SAFE,Vaksin & Biologis
100024000130,Same Day,STR-JKT-003,Rizky Pratama,HUB-JAKSEL-TEBET,-6.225588,106.855324,"Jl. Basuki Rahmat No. 40, RT 02/RW 09",Jakarta Selatan,-6.185856,106.896453,-6.213656,106.866831,2026-09-20,06:44:00,07:29:00,3.0,33x23x21,Same_Day_Priority,N/A,Hujan Deras,Padat,Motorcycle,Delivered,2026-09-20 15:29:00,480,59,SAFE,Kosmetik
100024000131,Cargo,STR-JKT-015,Ahmad Fauzi,HUB-JAKSEL-TEBET,-6.225588,106.855324,"Jl. BSD Raya Utama Blok A2, RT 09/RW 05",Jakarta Selatan,-6.213357,106.787255,-6.219371,106.837526,2026-09-19,07:51:00,08:11:00,64.8,84x74x128,Heavy_Cargo,N/A,Berawan,Lancar,Cargo_Truck,In_Transit,2026-09-21 08:11:00,2880,1061,SAFE,Furnitur
100024000132,Next Day,STR-TGR-002,Surya Darma,HUB-JAKPUS-TANAHABANG,-6.187841,106.814327,"Jl. Gatot Subroto Kav. 22, RT 05/RW 07",Jakarta Pusat,-6.121437,106.76608,-6.162174,106.797634,2026-09-19,22:16:00,23:13:00,1.6,34x29x11,Standard,N/A,Cerah,Lancar,Van,Assigned,2026-09-20 23:13:00,1440,523,SAFE,Elektronik Kecil
100024000133,Cargo,STR-JKT-004,Hendra Wijaya,HUB-JAKBAR-KEBONJERUK,-6.189512,106.769941,"Jl. Asia Afrika No. 80, RT 05/RW 03",Jakarta Barat,-6.257739,106.719151,-6.20031,106.760999,2026-09-18,23:15:00,00:15:00,125.4,77x57x117,Heavy_Cargo,N/A,Berawan,Lancar,Van,Delivered,2026-09-21 00:15:00,2880,585,SAFE,Elektronik Besar
100024000134,Instant,STR-JKT-005,Eko Prasetyo,HUB-DPK-MARGONDA,-6.372841,106.832714,"Jl. Panjang No. 14, RT 02/RW 02",Depok,-6.379113,106.813131,-6.375574,106.822134,2026-09-20,11:55:00,12:45:00,0.4,21x22x9,Instant_Direct,N/A,Cerah,Padat,Motorcycle,Assigned,2026-09-20 14:45:00,120,15,MEDIUM_RISK,Minuman Segar
100024000135,Dokumen,STR-JKT-001,Budi Santoso,HUB-BKS-HARAPANINDAH,-6.180215,106.984211,"Jl. Raya Darmo No. 55, RT 06/RW 02",Bekasi,-6.218783,106.948968,-6.211806,106.958286,2026-09-18,16:33:00,16:52:00,1.44,35x25x2,Secure_Document_Pouch,N/A,Cerah,Padat,Motorcycle,Assigned,2026-09-20 16:52:00,2880,142,SAFE,Dokumen Penting
100024000136,Mini Cargo,STR-JKT-009,Aris Munandar,HUB-JAKUT-SUNTER,-6.138472,106.865419,"Jl. Pemuda No. 71, RT 04/RW 08",Jakarta Utara,-6.16265,106.872852,-6.14403,106.866958,2026-09-19,07:00:00,07:55:00,9.5,59x38x20,Bulky_UMKM,N/A,Hujan Deras,Sedang,Van,Assigned,2026-09-21 07:55:00,2880,1045,SAFE,Tekstil & Garmen
100024000137,Mini Cargo,STR-JKT-011,Doni Kurniawan,HUB-TGR-BSD,-6.302143,106.652194,"Jl. Asia Afrika No. 80, RT 04/RW 07",Tangerang Selatan,-6.371938,106.674217,-6.352728,106.66621,2026-09-18,16:23:00,17:07:00,7.6,59x32x48,Bulky_UMKM,N/A,Hujan Deras,Lancar,Motorcycle,Delivered,2026-09-20 17:07:00,2880,157,SAFE,Sparepart Motor
100024000138,Regular,STR-JKT-013,Gilang Permana,HUB-JAKBAR-KEBONJERUK,-6.189512,106.769941,"Jl. TB Simatupang No. 30, RT 04/RW 05",Jakarta Barat,-6.188752,106.789151,-6.188637,106.775499,2026-09-20,00:58:00,01:50:00,5.0,23x17x12,Standard,N/A,Gerimis,Lancar,Van,In_Transit,2026-09-21 01:50:00,1440,680,SAFE,Elektronik
100024000139,Regular,STR-JKT-002,Agus Prayitno,HUB-DPK-MARGONDA,-6.372841,106.832714,"Jl. Pemuda No. 71, RT 08/RW 05",Depok,-6.377593,106.819626,-6.372549,106.824087,2026-09-18,17:30:00,18:10:00,3.5,25x14x12,Standard,N/A,Cerah,Sedang,Motorcycle,In_Transit,2026-09-20 18:10:00,2880,220,SAFE,Elektronik
100024000140,Dokumen,STR-JKT-005,Eko Prasetyo,HUB-JAKUT-SUNTER,-6.138472,106.865419,"Jl. Ir. H. Djuanda No. 120, RT 04/RW 02",Jakarta Utara,-6.093659,106.81976,-6.099756,106.828476,2026-09-18,19:11:00,19:51:00,0.28,35x25x2,Secure_Document_Pouch,N/A,Cerah,Lancar,Motorcycle,In_Transit,2026-09-20 19:51:00,2880,321,SAFE,Dokumen Penting
100024000141,Instant,STR-JKT-001,Budi Santoso,HUB-JAKBAR-KEBONJERUK,-6.189512,106.769941,"Jl. Juanda No. 34, RT 03/RW 02",Jakarta Barat,-6.177987,106.736176,-6.184096,106.743053,2026-09-20,23:45:00,00:24:00,1.0,28x23x17,Instant_Direct,N/A,Cerah,Padat,Motorcycle,In_Transit,2026-09-21 02:24:00,120,714,SAFE,Kebutuhan Pokok Cepat
100024000142,Regular,STR-TGR-001,Rian Kusuma,HUB-JAKPUS-TANAHABANG,-6.187841,106.814327,"Jl. Basuki Rahmat No. 40, RT 04/RW 05",Jakarta Pusat,-6.130678,106.782824,-6.163528,106.800451,2026-09-18,09:03:00,09:52:00,2.3,21x30x26,Standard,N/A,Cerah,Lancar,Motorcycle,Assigned,2026-09-21 09:52:00,4320,1162,SAFE,Elektronik
100024000143,Frozen,STR-JKT-009,Aris Munandar,HUB-TGR-BSD,-6.302143,106.652194,"Jl. Panjang No. 14, RT 03/RW 01",Tangerang Selatan,-6.304987,106.691595,-6.302861,106.666522,2026-09-20,13:36:00,14:33:00,1.2,35x26x22,Cold_Chain_-2_to_5C,-1.2,Cerah,Padat,Van,In_Transit,2026-09-20 22:33:00,480,483,SAFE,Daging & Seafood
100024000144,Next Day,STR-JKT-014,Ilham Saputra,HUB-JAKSEL-TEBET,-6.225588,106.855324,"Jl. Senopati No. 18, RT 03/RW 04",Jakarta Selatan,-6.188621,106.918016,-6.20225,106.889322,2026-09-20,02:33:00,03:19:00,9.5,33x14x28,Standard,N/A,Gerimis,Lancar,Motorcycle,In_Transit,2026-09-21 03:19:00,1440,769,SAFE,Sepatu
100024000145,Regular,STR-JKT-013,Gilang Permana,HUB-JAKSEL-TEBET,-6.225588,106.855324,"Jl. Basuki Rahmat No. 40, RT 04/RW 03",Jakarta Selatan,-6.282952,106.817891,-6.24282,106.84098,2026-09-17,20:30:00,21:08:00,1.2,19x28x14,Standard,N/A,Gerimis,Padat,Van,Delivered,2026-09-20 21:08:00,4320,398,SAFE,Pakaian
100024000146,Same Day,STR-JKT-003,Rizky Pratama,HUB-BKS-HARAPANINDAH,-6.180215,106.984211,"Jl. Margonda Raya No. 150, RT 08/RW 06",Bekasi,-6.168173,106.96133,-6.172834,106.977006,2026-09-20,05:57:00,06:56:00,3.0,24x14x15,Same_Day_Priority,N/A,Cerah,Sedang,Motorcycle,Assigned,2026-09-20 14:56:00,480,26,MEDIUM_RISK,Pakaian
100024000147,Same Day,STR-JKT-003,Rizky Pratama,HUB-SBY-GUBENG,-7.265412,112.752189,"Jl. Raya Darmo No. 55, RT 02/RW 08",Surabaya,-7.330878,112.766523,-7.314634,112.761906,2026-09-20,06:32:00,06:47:00,4.6,17x30x20,Same_Day_Priority,N/A,Cerah,Macet Total,Motorcycle,In_Transit,2026-09-20 14:47:00,480,17,MEDIUM_RISK,Gadget & Aksesoris
100024000148,Regular,STR-DPK-001,Indra Gunawan,HUB-JAKBAR-KEBONJERUK,-6.189512,106.769941,"Jl. Margonda Raya No. 150, RT 03/RW 07",Jakarta Barat,-6.210445,106.810124,-6.205919,106.795862,2026-09-19,03:41:00,04:00:00,11.9,33x30x17,Standard,N/A,Cerah,Lancar,Motorcycle,Assigned,2026-09-21 04:00:00,2880,810,SAFE,Elektronik
100024000149,Regular,STR-TGR-002,Surya Darma,HUB-JAKSEL-TEBET,-6.225588,106.855324,"Jl. Gatot Subroto Kav. 22, RT 09/RW 02",Jakarta Selatan,-6.250968,106.918557,-6.232693,106.867346,2026-09-20,11:40:00,12:01:00,14.2,20x29x23,Standard,N/A,Gerimis,Sedang,Van,In_Transit,2026-09-21 12:01:00,1440,1291,SAFE,Elektronik
100024000150,Frozen,STR-JKT-009,Aris Munandar,HUB-BKS-HARAPANINDAH,-6.180215,106.984211,"Jl. Kebon Jeruk Raya No. 88, RT 02/RW 01",Bekasi,-6.152607,107.015296,-6.163375,107.003447,2026-09-21,01:22:00,01:50:00,0.5,22x24x30,Cold_Chain_-2_to_5C,-1.2,Berawan,Lancar,Van,In_Transit,2026-09-21 09:50:00,480,1160,SAFE,Daging & Seafood
100024000151,Same Day,STR-JKT-014,Ilham Saputra,HUB-JAKBAR-KEBONJERUK,-6.189512,106.769941,"Jl. Panjang No. 14, RT 02/RW 09",Jakarta Barat,-6.193212,106.716112,-6.192274,106.734662,2026-09-20,19:12:00,19:44:00,0.8,29x24x18,Same_Day_Priority,N/A,Gerimis,Lancar,Motorcycle,In_Transit,2026-09-21 03:44:00,480,794,SAFE,Kosmetik
100024000152,Regular,STR-DPK-001,Indra Gunawan,HUB-JAKBAR-KEBONJERUK,-6.189512,106.769941,"Jl. Ir. H. Djuanda No. 120, RT 01/RW 07",Jakarta Barat,-6.247513,106.748072,-6.217371,106.75891,2026-09-19,04:22:00,05:22:00,8.7,22x25x19,Standard,N/A,Hujan Deras,Sedang,Motorcycle,In_Transit,2026-09-21 05:22:00,2880,892,SAFE,Pakaian
100024000153,Next Day,STR-TGR-002,Surya Darma,HUB-BDG-BATUNUNGGAL,-6.953812,107.627419,"Jl. Senopati No. 18, RT 03/RW 04",Bandung,-6.911749,107.652274,-6.931517,107.643482,2026-09-19,18:48:00,19:23:00,2.4,35x14x29,Standard,N/A,Cerah,Lancar,Van,Delivered,2026-09-20 19:23:00,1440,293,SAFE,Elektronik Kecil
100024000154,PHARMA,STR-JKT-002,Agus Prayitno,HUB-JAKBAR-KEBONJERUK,-6.189512,106.769941,"Jl. Sudirman No. 45, RT 09/RW 07",Jakarta Barat,-6.247328,106.777832,-6.218387,106.774292,2026-09-20,01:55:00,02:34:00,7.88,18x14x18,BPOM_Pharma,22.9,Cerah,Padat,Motorcycle,In_Transit,2026-09-20 14:34:00,720,4,HIGH_RISK,Vaksin & Biologis
100024000155,Next Day,STR-JKT-014,Ilham Saputra,HUB-DPK-MARGONDA,-6.372841,106.832714,"Jl. M.H. Thamrin No. 12, RT 07/RW 06",Depok,-6.437596,106.801272,-6.388423,106.825994,2026-09-19,15:59:00,16:45:00,0.7,40x19x19,Standard,N/A,Berawan,Padat,Motorcycle,Assigned,2026-09-20 16:45:00,1440,135,SAFE,Elektronik Kecil
100024000156,Dokumen,STR-JKT-011,Doni Kurniawan,HUB-JAKPUS-TANAHABANG,-6.187841,106.814327,"Jl. Margonda Raya No. 150, RT 02/RW 04",Jakarta Pusat,-6.239027,106.880718,-6.209441,106.843495,2026-09-19,04:11:00,04:58:00,1.25,35x25x2,Secure_Document_Pouch,N/A,Berawan,Sedang,Motorcycle,Assigned,2026-09-21 04:58:00,2880,868,SAFE,Dokumen Penting
100024000157,Regular,STR-JKT-011,Doni Kurniawan,HUB-BDG-BATUNUNGGAL,-6.953812,107.627419,"Jl. Kemang Raya No. 5, RT 01/RW 04",Bandung,-6.967338,107.666691,-6.960393,107.645765,2026-09-17,13:32:00,13:48:00,5.7,29x26x22,Standard,N/A,Banjir,Padat,Motorcycle,In_Transit,2026-09-20 13:48:00,4320,-42,BREACHED,Pakaian
100024000158,Next Day,STR-JKT-008,Bayu Nugroho,HUB-DPK-MARGONDA,-6.372841,106.832714,"Jl. Panjang No. 14, RT 02/RW 05",Depok,-6.417979,106.884581,-6.399057,106.859783,2026-09-19,12:52:00,13:48:00,8.6,35x17x16,Standard,N/A,Berawan,Padat,Motorcycle,In_Transit,2026-09-20 13:48:00,1440,-42,BREACHED,Elektronik Kecil
100024000159,Regular,STR-JKT-008,Bayu Nugroho,HUB-JAKSEL-TEBET,-6.225588,106.855324,"Jl. Basuki Rahmat No. 40, RT 05/RW 05",Jakarta Selatan,-6.229214,106.803848,-6.224766,106.839704,2026-09-18,03:35:00,03:56:00,7.2,36x26x29,Standard,N/A,Gerimis,Sedang,Motorcycle,In_Transit,2026-09-21 03:56:00,4320,806,SAFE,Kecantikan
100024000160,Frozen,STR-TGR-001,Rian Kusuma,HUB-TGR-BSD,-6.302143,106.652194,"Jl. Ahmad Yani No. 102, RT 05/RW 06",Tangerang Selatan,-6.293539,106.665322,-6.298043,106.656651,2026-09-20,15:24:00,15:59:00,3.9,24x22x16,Cold_Chain_-2_to_5C,0.7,Berawan,Macet Total,Motorcycle,In_Transit,2026-09-20 23:59:00,480,569,SAFE,Makanan Hewan
100024000161,Dokumen,STR-JKT-014,Ilham Saputra,HUB-DPK-MARGONDA,-6.372841,106.832714,"Jl. Raya Darmo No. 55, RT 04/RW 06",Depok,-6.303195,106.799034,-6.342658,106.815006,2026-09-18,21:43:00,22:40:00,1.37,35x25x2,Secure_Document_Pouch,N/A,Berawan,Sedang,Motorcycle,In_Transit,2026-09-20 22:40:00,2880,490,SAFE,Dokumen Penting
100024000162,Same Day,STR-JKT-005,Eko Prasetyo,HUB-JAKTIM-RAWAMANGUN,-6.194218,106.883905,"Jl. Panjang No. 14, RT 09/RW 03",Jakarta Timur,-6.146529,106.936614,-6.183432,106.896262,2026-09-20,18:01:00,18:32:00,5.3,24x23x20,Same_Day_Priority,N/A,Berawan,Lancar,Motorcycle,In_Transit,2026-09-21 02:32:00,480,722,SAFE,Snack & Makanan Kering
100024000163,Next Day,STR-JKT-005,Eko Prasetyo,HUB-JAKBAR-KEBONJERUK,-6.189512,106.769941,"Jl. Kemang Raya No. 5, RT 09/RW 02",Jakarta Barat,-6.193637,106.821236,-6.18915,106.796017,2026-09-20,03:22:00,04:06:00,1.8,21x20x23,Standard,N/A,Cerah,Lancar,Motorcycle,In_Transit,2026-09-21 04:06:00,1440,816,SAFE,Mainan Anak
100024000164,Mini Cargo,STR-JKT-003,Rizky Pratama,HUB-JAKTIM-RAWAMANGUN,-6.194218,106.883905,"Jl. Sudirman No. 45, RT 08/RW 05",Jakarta Timur,-6.155166,106.882166,-6.173049,106.883683,2026-09-18,14:05:00,14:50:00,8.8,43x45x33,Bulky_UMKM,N/A,Berawan,Lancar,Motorcycle,In_Transit,2026-09-20 14:50:00,2880,20,MEDIUM_RISK,Sparepart Motor
100024000165,Regular,STR-JKT-012,Wahyu Hidayat,HUB-JAKPUS-TANAHABANG,-6.187841,106.814327,"Jl. Sudirman No. 45, RT 01/RW 04",Jakarta Pusat,-6.155549,106.877337,-6.161293,106.863308,2026-09-17,14:08:00,14:56:00,2.8,16x19x19,Standard,N/A,Cerah,Lancar,Motorcycle,In_Transit,2026-09-20 14:56:00,4320,26,MEDIUM_RISK,Kecantikan
100024000166,Same Day,STR-TGR-001,Rian Kusuma,HUB-JAKTIM-RAWAMANGUN,-6.194218,106.883905,"Jl. BSD Raya Utama Blok A2, RT 01/RW 04",Jakarta Timur,-6.216235,106.940099,-6.204927,106.909154,2026-09-20,05:54:00,06:49:00,1.6,26x30x11,Same_Day_Priority,N/A,Cerah,Lancar,Motorcycle,In_Transit,2026-09-20 14:49:00,480,19,MEDIUM_RISK,Gadget & Aksesoris
100024000167,Next Day,STR-JKT-008,Bayu Nugroho,HUB-JAKSEL-TEBET,-6.225588,106.855324,"Jl. H.R. Rasuna Said No. 8, RT 07/RW 08",Jakarta Selatan,-6.212439,106.792038,-6.220604,106.838331,2026-09-20,08:48:00,09:45:00,7.1,35x10x19,Standard,N/A,Cerah,Sedang,Motorcycle,In_Transit,2026-09-21 09:45:00,1440,1155,SAFE,Buku
100024000168,Next Day,STR-JKT-011,Doni Kurniawan,HUB-SBY-GUBENG,-7.265412,112.752189,"Jl. H.R. Rasuna Said No. 8, RT 05/RW 02",Surabaya,-7.250623,112.701392,-7.256965,112.716346,2026-09-20,07:39:00,08:04:00,8.4,21x21x23,Standard,N/A,Cerah,Lancar,Motorcycle,In_Transit,2026-09-21 08:04:00,1440,1054,SAFE,Elektronik Kecil
100024000169,Next Day,STR-JKT-011,Doni Kurniawan,HUB-JAKPUS-TANAHABANG,-6.187841,106.814327,"Jl. H.R. Rasuna Said No. 8, RT 08/RW 03",Jakarta Pusat,-6.161492,106.81162,-6.182487,106.811011,2026-09-20,08:14:00,08:32:00,6.6,29x19x18,Standard,N/A,Cerah,Sedang,Motorcycle,In_Transit,2026-09-21 08:32:00,1440,1082,SAFE,Buku
100024000170,Regular,STR-JKT-011,Doni Kurniawan,HUB-JAKSEL-TEBET,-6.225588,106.855324,"Jl. M.H. Thamrin No. 12, RT 01/RW 03",Jakarta Selatan,-6.176273,106.835754,-6.195272,106.840813,2026-09-19,20:14:00,20:54:00,13.2,17x21x20,Standard,N/A,Cerah,Padat,Motorcycle,In_Transit,2026-09-20 20:54:00,1440,384,SAFE,Elektronik
100024000171,Next Day,STR-BKS-001,Aditya Putra,HUB-BKS-HARAPANINDAH,-6.180215,106.984211,"Jl. TB Simatupang No. 30, RT 01/RW 03",Bekasi,-6.153629,106.981165,-6.166062,106.980856,2026-09-19,13:43:00,14:41:00,2.2,27x21x29,Standard,N/A,Gerimis,Padat,Motorcycle,Incident_Reported,2026-09-20 14:41:00,1440,11,HIGH_RISK,Pakaian
100024000172,Dokumen,STR-DPK-001,Indra Gunawan,HUB-JAKTIM-RAWAMANGUN,-6.194218,106.883905,"Jl. Ahmad Yani No. 102, RT 01/RW 09",Jakarta Timur,-6.196587,106.882242,-6.196401,106.880002,2026-09-19,09:57:00,10:45:00,1.32,35x25x2,Secure_Document_Pouch,N/A,Berawan,Lancar,Motorcycle,In_Transit,2026-09-21 10:45:00,2880,1215,SAFE,Dokumen Penting
100024000173,Dokumen,STR-JKT-014,Ilham Saputra,HUB-JAKBAR-KEBONJERUK,-6.189512,106.769941,"Jl. TB Simatupang No. 30, RT 09/RW 01",Jakarta Barat,-6.198913,106.801672,-6.193111,106.786254,2026-09-18,13:36:00,13:55:00,1.32,35x25x2,Secure_Document_Pouch,N/A,Gerimis,Padat,Motorcycle,Incident_Reported,2026-09-20 13:55:00,2880,-35,BREACHED,Dokumen Penting
100024000174,Same Day,STR-JKT-014,Ilham Saputra,HUB-TGR-BSD,-6.302143,106.652194,"Jl. Kebon Jeruk Raya No. 88, RT 02/RW 08",Tangerang Selatan,-6.236323,106.589243,-6.281149,106.632357,2026-09-21,01:58:00,02:38:00,2.6,30x30x10,Same_Day_Priority,N/A,Cerah,Padat,Motorcycle,In_Transit,2026-09-21 10:38:00,480,1208,SAFE,Pakaian
100024000175,Next Day,STR-BKS-001,Aditya Putra,HUB-JAKSEL-TEBET,-6.225588,106.855324,"Jl. Ir. H. Djuanda No. 120, RT 04/RW 08",Jakarta Selatan,-6.179961,106.896174,-6.187156,106.891334,2026-09-20,02:29:00,03:29:00,3.7,39x29x29,Standard,N/A,Berawan,Padat,Motorcycle,In_Transit,2026-09-21 03:29:00,1440,779,SAFE,Buku
100024000176,Dokumen,STR-JKT-003,Rizky Pratama,HUB-JAKBAR-KEBONJERUK,-6.189512,106.769941,"Jl. Pemuda No. 71, RT 09/RW 09",Jakarta Barat,-6.245871,106.792188,-6.198922,106.774114,2026-09-18,18:01:00,18:42:00,1.25,35x25x2,Secure_Document_Pouch,N/A,Cerah,Lancar,Motorcycle,In_Transit,2026-09-20 18:42:00,2880,252,SAFE,Dokumen Penting
100024000177,Instant,STR-JKT-014,Ilham Saputra,HUB-JAKPUS-TANAHABANG,-6.187841,106.814327,"Jl. Ahmad Yani No. 102, RT 02/RW 07",Jakarta Pusat,-6.240937,106.863634,-6.201871,106.827308,2026-09-20,11:35:00,12:25:00,2.4,28x14x20,Instant_Direct,N/A,Hujan Deras,Padat,Motorcycle,Incident_Reported,2026-09-20 14:25:00,120,-5,BREACHED,Makanan Siap Saji
100024000178,Mini Cargo,STR-TGR-001,Rian Kusuma,HUB-DPK-MARGONDA,-6.372841,106.832714,"Jl. TB Simatupang No. 30, RT 02/RW 07",Depok,-6.313429,106.872065,-6.324925,106.86173,2026-09-19,11:06:00,11:46:00,18.5,49x47x44,Bulky_UMKM,N/A,Gerimis,Sedang,Motorcycle,Delivered,2026-09-21 11:46:00,2880,1276,SAFE,Tekstil & Garmen
100024000179,Frozen,STR-TGR-001,Rian Kusuma,HUB-DPK-MARGONDA,-6.372841,106.832714,"Jl. Ir. H. Djuanda No. 120, RT 06/RW 09",Depok,-6.330169,106.782059,-6.346124,106.803825,2026-09-20,13:06:00,13:56:00,4.5,24x20x25,Cold_Chain_-2_to_5C,3.0,Cerah,Sedang,Motorcycle,In_Transit,2026-09-20 21:56:00,480,446,SAFE,Makanan Beku
100024000180,Next Day,STR-JKT-011,Doni Kurniawan,HUB-BKS-HARAPANINDAH,-6.180215,106.984211,"Jl. Sudirman No. 45, RT 09/RW 02",Bekasi,-6.155821,107.039352,-6.165174,107.012624,2026-09-19,13:36:00,13:54:00,7.6,20x19x18,Standard,N/A,Cerah,Lancar,Motorcycle,Incident_Reported,2026-09-20 13:54:00,1440,-36,BREACHED,Sepatu
100024000181,Same Day,STR-JKT-012,Wahyu Hidayat,HUB-BDG-BATUNUNGGAL,-6.953812,107.627419,"Jl. Kebon Jeruk Raya No. 88, RT 09/RW 07",Bandung,-7.019289,107.671383,-6.966122,107.638604,2026-09-20,06:23:00,06:54:00,3.0,25x27x11,Same_Day_Priority,N/A,Berawan,Lancar,Motorcycle,In_Transit,2026-09-20 14:54:00,480,24,MEDIUM_RISK,Pakaian
100024000182,Mini Cargo,STR-JKT-006,Fajar Ramadhan,HUB-DPK-MARGONDA,-6.372841,106.832714,"Jl. Ir. H. Djuanda No. 120, RT 04/RW 04",Depok,-6.326643,106.890322,-6.342239,106.8713,2026-09-18,20:18:00,21:08:00,29.1,33x37x21,Bulky_UMKM,N/A,Hujan Deras,Lancar,Van,In_Transit,2026-09-20 21:08:00,2880,398,SAFE,Sparepart Motor
100024000183,Regular,STR-JKT-013,Gilang Permana,HUB-JAKUT-SUNTER,-6.138472,106.865419,"Jl. Basuki Rahmat No. 40, RT 01/RW 05",Jakarta Utara,-6.207682,106.860705,-6.197033,106.86419,2026-09-20,09:56:00,10:37:00,8.0,20x26x12,Standard,N/A,Berawan,Lancar,Van,In_Transit,2026-09-21 10:37:00,1440,1207,SAFE,Olahraga
100024000184,Same Day,STR-JKT-014,Ilham Saputra,HUB-TGR-BSD,-6.302143,106.652194,"Jl. Basuki Rahmat No. 40, RT 09/RW 08",Tangerang Selatan,-6.341175,106.612064,-6.317901,106.635162,2026-09-21,04:16:00,05:14:00,2.1,35x29x17,Same_Day_Priority,N/A,Cerah,Sedang,Motorcycle,Delivered,2026-09-21 13:14:00,480,1364,SAFE,Pakaian
100024000185,Same Day,STR-JKT-011,Doni Kurniawan,HUB-JAKBAR-KEBONJERUK,-6.189512,106.769941,"Jl. Boulevard Barat Kelapa Gading, RT 09/RW 09",Jakarta Barat,-6.205489,106.775574,-6.192604,106.773834,2026-09-20,08:06:00,08:34:00,3.8,18x15x10,Same_Day_Priority,N/A,Cerah,Sedang,Motorcycle,In_Transit,2026-09-20 16:34:00,480,124,SAFE,Pakaian
100024000186,Cargo,STR-JKT-007,Dimas Setiawan,HUB-BKS-HARAPANINDAH,-6.180215,106.984211,"Jl. Margonda Raya No. 150, RT 02/RW 03",Bekasi,-6.133222,106.942992,-6.143632,106.955564,2026-09-18,13:25:00,14:06:00,235.6,85x44x123,Heavy_Cargo,N/A,Cerah,Lancar,Cargo_Truck,In_Transit,2026-09-20 14:06:00,2880,-24,BREACHED,Furnitur
100024000187,Instant,STR-JKT-008,Bayu Nugroho,HUB-BKS-HARAPANINDAH,-6.180215,106.984211,"Jl. Gatot Subroto Kav. 22, RT 01/RW 02",Bekasi,-6.205918,106.968741,-6.189164,106.981931,2026-09-21,05:29:00,06:14:00,3.1,19x24x17,Instant_Direct,N/A,Cerah,Sedang,Motorcycle,In_Transit,2026-09-21 08:14:00,120,1064,SAFE,Kebutuhan Pokok Cepat
100024000188,Regular,STR-TGR-001,Rian Kusuma,HUB-BKS-HARAPANINDAH,-6.180215,106.984211,"Jl. Boulevard Barat Kelapa Gading, RT 01/RW 09",Bekasi,-6.138667,107.033136,-6.164599,107.00044,2026-09-19,19:13:00,19:54:00,8.2,17x19x16,Standard,N/A,Cerah,Lancar,Motorcycle,Delivered,2026-09-20 19:54:00,1440,324,SAFE,Perlengkapan Rumah
100024000189,Mini Cargo,STR-JKT-011,Doni Kurniawan,HUB-JAKTIM-RAWAMANGUN,-6.194218,106.883905,"Jl. Raya Darmo No. 55, RT 01/RW 09",Jakarta Timur,-6.241684,106.844815,-6.230907,106.853288,2026-09-19,09:27:00,09:50:00,7.8,53x43x35,Bulky_UMKM,N/A,Cerah,Sedang,Motorcycle,In_Transit,2026-09-21 09:50:00,2880,1160,SAFE,Bahan Makanan Kering UMKM
100024000190,Regular,STR-JKT-009,Aris Munandar,HUB-JAKUT-SUNTER,-6.138472,106.865419,"Jl. Pemuda No. 71, RT 03/RW 06",Jakarta Utara,-6.12174,106.921436,-6.132536,106.886981,2026-09-20,04:44:00,05:42:00,10.8,35x23x18,Standard,N/A,Cerah,Lancar,Van,Assigned,2026-09-21 05:42:00,1440,912,SAFE,Perlengkapan Rumah
100024000191,Mini Cargo,STR-JKT-003,Rizky Pratama,HUB-DPK-MARGONDA,-6.372841,106.832714,"Jl. Gatot Subroto Kav. 22, RT 05/RW 03",Depok,-6.380491,106.871181,-6.378943,106.85247,2026-09-18,20:55:00,21:47:00,28.9,58x25x47,Bulky_UMKM,N/A,Cerah,Padat,Motorcycle,In_Transit,2026-09-20 21:47:00,2880,437,SAFE,Paket UMKM
100024000192,Regular,STR-JKT-001,Budi Santoso,HUB-JAKUT-SUNTER,-6.138472,106.865419,"Jl. Kebon Jeruk Raya No. 88, RT 05/RW 03",Jakarta Utara,-6.132386,106.935241,-6.133897,106.898161,2026-09-20,07:47:00,08:30:00,10.0,40x29x15,Standard,N/A,Cerah,Lancar,Motorcycle,In_Transit,2026-09-21 08:30:00,1440,1080,SAFE,Olahraga
100024000193,Next Day,STR-JKT-014,Ilham Saputra,HUB-SBY-GUBENG,-7.265412,112.752189,"Jl. Kebon Jeruk Raya No. 88, RT 08/RW 04",Surabaya,-7.243094,112.817672,-7.250666,112.794897,2026-09-19,14:16:00,14:37:00,4.2,29x11x11,Standard,N/A,Berawan,Padat,Motorcycle,In_Transit,2026-09-20 14:37:00,1440,7,HIGH_RISK,Elektronik Kecil
100024000194,Next Day,STR-JKT-014,Ilham Saputra,HUB-JAKUT-SUNTER,-6.138472,106.865419,"Jl. Boulevard Barat Kelapa Gading, RT 02/RW 09",Jakarta Utara,-6.09159,106.832283,-6.115532,106.848744,2026-09-19,14:29:00,14:52:00,5.1,30x29x10,Standard,N/A,Cerah,Lancar,Motorcycle,In_Transit,2026-09-20 14:52:00,1440,22,MEDIUM_RISK,Mainan Anak
100024000195,Regular,STR-JKT-008,Bayu Nugroho,HUB-BDG-BATUNUNGGAL,-6.953812,107.627419,"Jl. H.R. Rasuna Said No. 8, RT 04/RW 07",Bandung,-6.933725,107.587031,-6.948998,107.61738,2026-09-19,18:34:00,18:57:00,9.0,35x23x10,Standard,N/A,Cerah,Sedang,Motorcycle,In_Transit,2026-09-20 18:57:00,1440,267,SAFE,Elektronik
100024000196,Regular,STR-DPK-001,Indra Gunawan,HUB-BDG-BATUNUNGGAL,-6.953812,107.627419,"Jl. BSD Raya Utama Blok A2, RT 01/RW 05",Bandung,-7.018325,107.637537,-6.967464,107.627413,2026-09-19,21:34:00,22:28:00,2.8,28x29x14,Standard,N/A,Cerah,Macet Total,Motorcycle,In_Transit,2026-09-20 22:28:00,1440,478,SAFE,Olahraga
100024000197,Same Day,STR-BKS-001,Aditya Putra,HUB-TGR-BSD,-6.302143,106.652194,"Jl. Sudirman No. 45, RT 04/RW 09",Tangerang Selatan,-6.243014,106.665709,-6.291155,106.652666,2026-09-20,23:57:00,00:17:00,1.1,30x29x11,Same_Day_Priority,N/A,Berawan,Padat,Motorcycle,In_Transit,2026-09-21 08:17:00,480,1067,SAFE,Pakaian
100024000198,Regular,STR-TGR-001,Rian Kusuma,HUB-SBY-GUBENG,-7.265412,112.752189,"Jl. Margonda Raya No. 150, RT 06/RW 01",Surabaya,-7.259912,112.682357,-7.259905,112.695464,2026-09-20,05:12:00,05:43:00,5.5,40x28x13,Standard,N/A,Cerah,Padat,Motorcycle,In_Transit,2026-09-21 05:43:00,1440,913,SAFE,Kecantikan
100024000199,Regular,STR-JKT-013,Gilang Permana,HUB-JAKBAR-KEBONJERUK,-6.189512,106.769941,"Jl. Sudirman No. 45, RT 09/RW 02",Jakarta Barat,-6.219855,106.822688,-6.204609,106.794196,2026-09-19,03:22:00,03:53:00,6.3,18x14x23,Standard,N/A,Berawan,Sedang,Van,Assigned,2026-09-21 03:53:00,2880,803,SAFE,Olahraga
100024000200,Same Day,STR-BKS-001,Aditya Putra,HUB-TGR-BSD,-6.302143,106.652194,"Jl. Ir. H. Djuanda No. 120, RT 08/RW 03",Tangerang Selatan,-6.28648,106.721046,-6.297214,106.68199,2026-09-21,01:18:00,02:01:00,2.7,27x14x13,Same_Day_Priority,N/A,Cerah,Macet Total,Motorcycle,Assigned,2026-09-21 10:01:00,480,1171,SAFE,Kosmetik
100024000201,Frozen,STR-JKT-011,Doni Kurniawan,HUB-JAKBAR-KEBONJERUK,-6.189512,106.769941,"Jl. M.H. Thamrin No. 12, RT 03/RW 07",Jakarta Barat,-6.229488,106.75602,-6.204676,106.765737,2026-09-20,06:55:00,07:15:00,11.1,33x17x17,Cold_Chain_-2_to_5C,-0.4,Berawan,Padat,Motorcycle,In_Transit,2026-09-20 15:15:00,480,45,SAFE,Buah & Sayuran Segar
100024000202,Dokumen,STR-JKT-005,Eko Prasetyo,HUB-BKS-HARAPANINDAH,-6.180215,106.984211,"Jl. Senopati No. 18, RT 08/RW 08",Bekasi,-6.16426,106.987152,-6.169289,106.988791,2026-09-18,13:34:00,14:27:00,0.15,35x25x2,Secure_Document_Pouch,N/A,Banjir,Padat,Motorcycle,In_Transit,2026-09-20 14:27:00,2880,-3,BREACHED,Dokumen Penting
100024000203,Dokumen,STR-JKT-002,Agus Prayitno,HUB-SBY-GUBENG,-7.265412,112.752189,"Jl. Panjang No. 14, RT 07/RW 06",Surabaya,-7.311684,112.687238,-7.283101,112.729513,2026-09-19,04:05:00,04:55:00,1.39,35x25x2,Secure_Document_Pouch,N/A,Berawan,Sedang,Motorcycle,In_Transit,2026-09-21 04:55:00,2880,865,SAFE,Dokumen Penting
100024000204,Mini Cargo,STR-JKT-013,Gilang Permana,HUB-SBY-GUBENG,-7.265412,112.752189,"Jl. BSD Raya Utama Blok A2, RT 01/RW 05",Surabaya,-7.286679,112.817049,-7.27208,112.772639,2026-09-18,13:49:00,14:48:00,36.2,55x41x50,Bulky_UMKM,N/A,Berawan,Sedang,Van,In_Transit,2026-09-20 14:48:00,2880,18,MEDIUM_RISK,Bahan Makanan Kering UMKM
100024000205,Same Day,STR-JKT-005,Eko Prasetyo,HUB-DPK-MARGONDA,-6.372841,106.832714,"Jl. Raya Darmo No. 55, RT 01/RW 08",Depok,-6.335046,106.86876,-6.341988,106.862139,2026-09-20,05:45:00,06:33:00,4.9,22x20x23,Same_Day_Priority,N/A,Gerimis,Macet Total,Motorcycle,In_Transit,2026-09-20 14:33:00,480,3,HIGH_RISK,Snack & Makanan Kering
100024000206,Dokumen,STR-DPK-001,Indra Gunawan,HUB-JAKUT-SUNTER,-6.138472,106.865419,"Jl. Senopati No. 18, RT 08/RW 06",Jakarta Utara,-6.173716,106.80844,-6.158453,106.827458,2026-09-19,10:12:00,10:39:00,1.4,35x25x2,Secure_Document_Pouch,N/A,Cerah,Padat,Motorcycle,In_Transit,2026-09-21 10:39:00,2880,1209,SAFE,Dokumen Penting
100024000207,Regular,STR-JKT-001,Budi Santoso,HUB-JAKPUS-TANAHABANG,-6.187841,106.814327,"Jl. TB Simatupang No. 30, RT 02/RW 02",Jakarta Pusat,-6.135657,106.773276,-6.174108,106.803054,2026-09-18,13:34:00,14:09:00,11.5,32x11x25,Standard,N/A,Hujan Deras,Sedang,Motorcycle,In_Transit,2026-09-21 14:09:00,4320,1419,SAFE,Perlengkapan Rumah
100024000208,Frozen,STR-JKT-013,Gilang Permana,HUB-SBY-GUBENG,-7.265412,112.752189,"Jl. Kebon Jeruk Raya No. 88, RT 03/RW 01",Surabaya,-7.213784,112.750902,-7.219596,112.749791,2026-09-20,20:32:00,21:31:00,4.5,25x29x18,Cold_Chain_-2_to_5C,1.1,Cerah,Sedang,Van,In_Transit,2026-09-21 05:31:00,480,901,SAFE,Makanan Hewan
100024000209,Dokumen,STR-JKT-005,Eko Prasetyo,HUB-BKS-HARAPANINDAH,-6.180215,106.984211,"Jl. Kebon Jeruk Raya No. 88, RT 05/RW 08",Bekasi,-6.168874,106.959772,-6.175091,106.970354,2026-09-19,02:09:00,02:47:00,0.69,35x25x2,Secure_Document_Pouch,N/A,Cerah,Sedang,Motorcycle,In_Transit,2026-09-21 02:47:00,2880,737,SAFE,Dokumen Penting
100024000210,Same Day,STR-JKT-003,Rizky Pratama,HUB-DPK-MARGONDA,-6.372841,106.832714,"Jl. Panjang No. 14, RT 04/RW 09",Depok,-6.417657,106.781073,-6.399258,106.801749,2026-09-20,19:42:00,20:05:00,3.6,15x15x23,Same_Day_Priority,N/A,Cerah,Padat,Motorcycle,Delivered,2026-09-21 04:05:00,480,815,SAFE,Gadget & Aksesoris
100024000211,Mini Cargo,STR-JKT-004,Hendra Wijaya,HUB-BDG-BATUNUNGGAL,-6.953812,107.627419,"Jl. M.H. Thamrin No. 12, RT 07/RW 02",Bandung,-6.949054,107.601621,-6.952972,107.616913,2026-09-18,16:30:00,17:07:00,19.6,40x33x31,Bulky_UMKM,N/A,Cerah,Lancar,Van,In_Transit,2026-09-20 17:07:00,2880,157,SAFE,Bahan Makanan Kering UMKM
100024000212,Regular,STR-JKT-012,Wahyu Hidayat,HUB-SBY-GUBENG,-7.265412,112.752189,"Jl. Boulevard Barat Kelapa Gading, RT 06/RW 09",Surabaya,-7.307558,112.762814,-7.292837,112.760293,2026-09-19,05:25:00,06:20:00,7.1,19x15x30,Standard,N/A,Gerimis,Lancar,Motorcycle,In_Transit,2026-09-21 06:20:00,2880,950,SAFE,Perlengkapan Rumah
100024000213,Same Day,STR-JKT-014,Ilham Saputra,HUB-JAKBAR-KEBONJERUK,-6.189512,106.769941,"Jl. Basuki Rahmat No. 40, RT 07/RW 05",Jakarta Barat,-6.248436,106.748049,-6.210363,106.763116,2026-09-20,18:31:00,19:28:00,3.2,20x10x14,Same_Day_Priority,N/A,Berawan,Sedang,Motorcycle,In_Transit,2026-09-21 03:28:00,480,778,SAFE,Kosmetik
100024000214,Cargo,STR-JKT-006,Fajar Ramadhan,HUB-JAKBAR-KEBONJERUK,-6.189512,106.769941,"Jl. M.H. Thamrin No. 12, RT 01/RW 07",Jakarta Barat,-6.230032,106.755527,-6.19568,106.766654,2026-09-17,17:22:00,17:55:00,202.2,74x59x79,Heavy_Cargo,N/A,Cerah,Sedang,Van,In_Transit,2026-09-20 17:55:00,4320,205,SAFE,Furnitur
100024000215,Regular,STR-JKT-006,Fajar Ramadhan,HUB-BDG-BATUNUNGGAL,-6.953812,107.627419,"Jl. Raya Pajajaran No. 9, RT 08/RW 09",Bandung,-6.90642,107.561419,-6.922528,107.585814,2026-09-19,09:00:00,09:48:00,9.0,29x30x30,Standard,N/A,Cerah,Macet Total,Van,In_Transit,2026-09-21 09:48:00,2880,1158,SAFE,Olahraga
100024000216,Next Day,STR-JKT-001,Budi Santoso,HUB-TGR-BSD,-6.302143,106.652194,"Jl. TB Simatupang No. 30, RT 05/RW 01",Tangerang Selatan,-6.304712,106.613992,-6.303842,106.643542,2026-09-19,13:11:00,13:53:00,7.0,30x25x19,Standard,N/A,Berawan,Padat,Motorcycle,Incident_Reported,2026-09-20 13:53:00,1440,-37,BREACHED,Pakaian
100024000217,Instant,STR-BKS-001,Aditya Putra,HUB-JAKSEL-TEBET,-6.225588,106.855324,"Jl. BSD Raya Utama Blok A2, RT 07/RW 04",Jakarta Selatan,-6.218838,106.811724,-6.220785,106.82036,2026-09-21,03:10:00,03:29:00,4.1,18x19x13,Instant_Direct,N/A,Berawan,Sedang,Motorcycle,In_Transit,2026-09-21 05:29:00,120,899,SAFE,Kebutuhan Pokok Cepat
100024000218,Same Day,STR-JKT-014,Ilham Saputra,HUB-DPK-MARGONDA,-6.372841,106.832714,"Jl. M.H. Thamrin No. 12, RT 09/RW 01",Depok,-6.356359,106.800813,-6.365057,106.811139,2026-09-20,06:02:00,06:48:00,5.2,22x12x14,Same_Day_Priority,N/A,Cerah,Lancar,Motorcycle,In_Transit,2026-09-20 14:48:00,480,18,MEDIUM_RISK,Pakaian
100024000219,Same Day,STR-JKT-008,Bayu Nugroho,HUB-DPK-MARGONDA,-6.372841,106.832714,"Jl. TB Simatupang No. 30, RT 01/RW 05",Depok,-6.303126,106.82763,-6.32478,106.831196,2026-09-20,08:48:00,09:31:00,5.8,15x13x17,Same_Day_Priority,N/A,Cerah,Lancar,Motorcycle,In_Transit,2026-09-20 17:31:00,480,181,SAFE,Gadget & Aksesoris
100024000220,Frozen,STR-JKT-003,Rizky Pratama,HUB-JAKPUS-TANAHABANG,-6.187841,106.814327,"Jl. Pemuda No. 71, RT 06/RW 03",Jakarta Pusat,-6.193324,106.852266,-6.187771,106.833695,2026-09-20,07:34:00,08:31:00,3.4,40x24x21,Cold_Chain_-2_to_5C,3.8,Berawan,Sedang,Motorcycle,In_Transit,2026-09-20 16:31:00,480,121,SAFE,Buah & Sayuran Segar
100024000221,Regular,STR-JKT-006,Fajar Ramadhan,HUB-BKS-HARAPANINDAH,-6.180215,106.984211,"Jl. Sudirman No. 45, RT 01/RW 08",Bekasi,-6.204783,106.937641,-6.190931,106.96996,2026-09-19,19:45:00,20:22:00,7.6,36x29x20,Standard,N/A,Cerah,Lancar,Van,In_Transit,2026-09-20 20:22:00,1440,352,SAFE,Pakaian
100024000222,Dokumen,STR-JKT-001,Budi Santoso,HUB-JAKBAR-KEBONJERUK,-6.189512,106.769941,"Jl. Juanda No. 34, RT 04/RW 01",Jakarta Barat,-6.241896,106.732515,-6.231635,106.740149,2026-09-19,02:35:00,03:18:00,0.78,35x25x2,Secure_Document_Pouch,N/A,Berawan,Lancar,Motorcycle,In_Transit,2026-09-21 03:18:00,2880,768,SAFE,Dokumen Penting
100024000223,Next Day,STR-JKT-014,Ilham Saputra,HUB-DPK-MARGONDA,-6.372841,106.832714,"Jl. Basuki Rahmat No. 40, RT 09/RW 03",Depok,-6.416272,106.788842,-6.388531,106.814108,2026-09-19,14:08:00,14:34:00,4.8,39x30x26,Standard,N/A,Gerimis,Macet Total,Motorcycle,Incident_Reported,2026-09-20 14:34:00,1440,4,HIGH_RISK,Buku
100024000224,Instant,STR-JKT-012,Wahyu Hidayat,HUB-TGR-BSD,-6.302143,106.652194,"Jl. BSD Raya Utama Blok A2, RT 04/RW 09",Tangerang Selatan,-6.263501,106.615624,-6.275894,106.628485,2026-09-21,07:28:00,07:54:00,3.3,13x13x7,Instant_Direct,N/A,Cerah,Lancar,Motorcycle,Assigned,2026-09-21 09:54:00,120,1164,SAFE,Makanan Siap Saji
100024000225,Regular,STR-JKT-008,Bayu Nugroho,HUB-DPK-MARGONDA,-6.372841,106.832714,"Jl. Basuki Rahmat No. 40, RT 05/RW 01",Depok,-6.416015,106.767168,-6.39938,106.793377,2026-09-19,10:55:00,11:45:00,9.9,17x24x30,Standard,N/A,Berawan,Lancar,Motorcycle,Assigned,2026-09-21 11:45:00,2880,1275,SAFE,Pakaian
100024000226,PHARMA,STR-JKT-009,Aris Munandar,HUB-TGR-BSD,-6.302143,106.652194,"Jl. Pemuda No. 71, RT 02/RW 04",Tangerang Selatan,-6.260948,106.590356,-6.277999,106.617619,2026-09-19,17:42:00,18:23:00,1.85,22x19x20,BPOM_Pharma,20.0,Cerah,Lancar,Van,Assigned,2026-09-20 18:23:00,1440,233,SAFE,Obat Resep
100024000227,Cargo,STR-TGR-002,Surya Darma,HUB-SBY-GUBENG,-7.265412,112.752189,"Jl. Senopati No. 18, RT 09/RW 07",Surabaya,-7.285297,112.74641,-7.275358,112.746632,2026-09-19,12:36:00,13:31:00,269.0,70x75x91,Heavy_Cargo,N/A,Cerah,Macet Total,Van,In_Transit,2026-09-21 13:31:00,2880,1381,SAFE,Otomotif & Mesin
100024000228,Dokumen,STR-BKS-001,Aditya Putra,HUB-SBY-GUBENG,-7.265412,112.752189,"Jl. Boulevard Barat Kelapa Gading, RT 08/RW 08",Surabaya,-7.301711,112.758577,-7.280086,112.756292,2026-09-18,14:42:00,15:05:00,0.12,35x25x2,Secure_Document_Pouch,N/A,Berawan,Macet Total,Motorcycle,Delivered,2026-09-20 15:05:00,2880,35,SAFE,Dokumen Penting
100024000229,Same Day,STR-JKT-011,Doni Kurniawan,HUB-JAKUT-SUNTER,-6.138472,106.865419,"Jl. Panjang No. 14, RT 09/RW 09",Jakarta Utara,-6.070657,106.825494,-6.111722,106.85329,2026-09-21,02:04:00,02:35:00,1.5,23x21x17,Same_Day_Priority,N/A,Cerah,Lancar,Motorcycle,Assigned,2026-09-21 10:35:00,480,1205,SAFE,Kosmetik
100024000230,Regular,STR-JKT-013,Gilang Permana,HUB-BKS-HARAPANINDAH,-6.180215,106.984211,"Jl. Raya Pajajaran No. 9, RT 02/RW 05",Bekasi,-6.170546,106.944652,-6.179294,106.976035,2026-09-17,13:25:00,14:21:00,5.4,28x23x13,Standard,N/A,Gerimis,Macet Total,Van,Incident_Reported,2026-09-20 14:21:00,4320,-9,BREACHED,Elektronik
100024000231,PHARMA,STR-TGR-002,Surya Darma,HUB-BKS-HARAPANINDAH,-6.180215,106.984211,"Jl. Kebon Jeruk Raya No. 88, RT 03/RW 01",Bekasi,-6.242637,106.987625,-6.203141,106.984447,2026-09-20,16:09:00,16:29:00,4.44,22x16x14,BPOM_Pharma,16.3,Hujan Deras,Sedang,Van,In_Transit,2026-09-21 04:29:00,720,839,SAFE,Reagen Lab
100024000232,Cargo,STR-BKS-002,Bambang Sudrajat,HUB-BDG-BATUNUNGGAL,-6.953812,107.627419,"Jl. TB Simatupang No. 30, RT 08/RW 09",Bandung,-6.967925,107.56933,-6.959244,107.596083,2026-09-18,13:59:00,14:57:00,104.1,54x57x149,Heavy_Cargo,N/A,Berawan,Lancar,Cargo_Truck,Assigned,2026-09-20 14:57:00,2880,27,MEDIUM_RISK,Grosir Bahan Industri
100024000233,Regular,STR-JKT-009,Aris Munandar,HUB-BKS-HARAPANINDAH,-6.180215,106.984211,"Jl. Pemuda No. 71, RT 03/RW 06",Bekasi,-6.190919,106.962974,-6.183661,106.973403,2026-09-18,05:52:00,06:10:00,3.2,26x14x12,Standard,N/A,Berawan,Lancar,Van,In_Transit,2026-09-21 06:10:00,4320,940,SAFE,Pakaian
100024000234,Instant,STR-JKT-008,Bayu Nugroho,HUB-JAKTIM-RAWAMANGUN,-6.194218,106.883905,"Jl. Juanda No. 34, RT 08/RW 01",Jakarta Timur,-6.142593,106.928724,-6.184815,106.888726,2026-09-21,06:55:00,07:26:00,2.8,29x14x5,Instant_Direct,N/A,Cerah,Sedang,Motorcycle,In_Transit,2026-09-21 09:26:00,120,1136,SAFE,Kebutuhan Pokok Cepat
100024000235,Same Day,STR-TGR-001,Rian Kusuma,HUB-SBY-GUBENG,-7.265412,112.752189,"Jl. Boulevard Barat Kelapa Gading, RT 02/RW 01",Surabaya,-7.297433,112.747284,-7.294001,112.74917,2026-09-21,04:48:00,05:14:00,6.8,18x20x25,Same_Day_Priority,N/A,Cerah,Macet Total,Motorcycle,In_Transit,2026-09-21 13:14:00,480,1364,SAFE,Pakaian
100024000236,Frozen,STR-JKT-013,Gilang Permana,HUB-BDG-BATUNUNGGAL,-6.953812,107.627419,"Jl. BSD Raya Utama Blok A2, RT 03/RW 01",Bandung,-6.894123,107.560427,-6.934346,107.60477,2026-09-20,18:33:00,19:05:00,3.7,21x23x27,Cold_Chain_-2_to_5C,4.1,Cerah,Lancar,Van,In_Transit,2026-09-21 03:05:00,480,755,SAFE,Makanan Beku
100024000237,Same Day,STR-JKT-011,Doni Kurniawan,HUB-BKS-HARAPANINDAH,-6.180215,106.984211,"Jl. Kebon Jeruk Raya No. 88, RT 07/RW 04",Bekasi,-6.158245,106.926502,-6.168278,106.96079,2026-09-20,21:15:00,21:38:00,3.4,19x16x14,Same_Day_Priority,N/A,Hujan Deras,Padat,Motorcycle,In_Transit,2026-09-21 05:38:00,480,908,SAFE,Kosmetik
100024000238,Dokumen,STR-JKT-011,Doni Kurniawan,HUB-BDG-BATUNUNGGAL,-6.953812,107.627419,"Jl. Raya Darmo No. 55, RT 03/RW 06",Bandung,-6.896473,107.617628,-6.907106,107.620658,2026-09-18,14:16:00,14:40:00,1.28,35x25x2,Secure_Document_Pouch,N/A,Banjir,Sedang,Motorcycle,In_Transit,2026-09-20 14:40:00,2880,10,HIGH_RISK,Dokumen Penting
100024000239,Cargo,STR-JKT-010,Teguh Wibowo,HUB-BKS-HARAPANINDAH,-6.180215,106.984211,"Jl. Panjang No. 14, RT 03/RW 04",Bekasi,-6.115648,106.95668,-6.134901,106.966533,2026-09-19,13:36:00,14:34:00,190.3,89x54x126,Heavy_Cargo,N/A,Cerah,Macet Total,Cargo_Truck,In_Transit,2026-09-20 14:34:00,1440,4,HIGH_RISK,Furnitur
100024000240,Regular,STR-JKT-001,Budi Santoso,HUB-DPK-MARGONDA,-6.372841,106.832714,"Jl. BSD Raya Utama Blok A2, RT 08/RW 08",Depok,-6.424069,106.881173,-6.396437,106.853988,2026-09-19,14:09:00,14:35:00,13.9,28x17x16,Standard,N/A,Berawan,Padat,Motorcycle,Incident_Reported,2026-09-20 14:35:00,1440,5,HIGH_RISK,Elektronik
100024000241,Frozen,STR-TGR-001,Rian Kusuma,HUB-SBY-GUBENG,-7.265412,112.752189,"Jl. M.H. Thamrin No. 12, RT 07/RW 06",Surabaya,-7.26682,112.727674,-7.267593,112.740089,2026-09-21,02:19:00,02:36:00,9.5,36x18x29,Cold_Chain_-2_to_5C,3.4,Berawan,Sedang,Motorcycle,Assigned,2026-09-21 10:36:00,480,1206,SAFE,Minuman Dingin
100024000242,Regular,STR-JKT-006,Fajar Ramadhan,HUB-BDG-BATUNUNGGAL,-6.953812,107.627419,"Jl. M.H. Thamrin No. 12, RT 04/RW 05",Bandung,-6.968426,107.660343,-6.961613,107.645995,2026-09-19,00:32:00,01:28:00,6.5,34x11x26,Standard,N/A,Berawan,Lancar,Van,In_Transit,2026-09-21 01:28:00,2880,658,SAFE,Elektronik
100024000243,Dokumen,STR-JKT-011,Doni Kurniawan,HUB-JAKBAR-KEBONJERUK,-6.189512,106.769941,"Jl. Ahmad Yani No. 102, RT 08/RW 01",Jakarta Barat,-6.234344,106.781904,-6.224025,106.778583,2026-09-18,13:51:00,14:51:00,1.07,35x25x2,Secure_Document_Pouch,N/A,Gerimis,Lancar,Motorcycle,In_Transit,2026-09-20 14:51:00,2880,21,MEDIUM_RISK,Dokumen Penting
100024000244,Dokumen,STR-BKS-001,Aditya Putra,HUB-JAKBAR-KEBONJERUK,-6.189512,106.769941,"Jl. Asia Afrika No. 80, RT 03/RW 07",Jakarta Barat,-6.246745,106.798813,-6.225988,106.78833,2026-09-18,16:10:00,16:34:00,1.32,35x25x2,Secure_Document_Pouch,N/A,Berawan,Padat,Motorcycle,In_Transit,2026-09-20 16:34:00,2880,124,SAFE,Dokumen Penting
100024000245,Regular,STR-DPK-001,Indra Gunawan,HUB-JAKSEL-TEBET,-6.225588,106.855324,"Jl. H.R. Rasuna Said No. 8, RT 03/RW 04",Jakarta Selatan,-6.236847,106.828657,-6.233657,106.837735,2026-09-19,13:09:00,14:01:00,8.3,15x29x25,Standard,N/A,Cerah,Padat,Motorcycle,Incident_Reported,2026-09-20 14:01:00,1440,-29,BREACHED,Elektronik
100024000246,Next Day,STR-JKT-002,Agus Prayitno,HUB-DPK-MARGONDA,-6.372841,106.832714,"Jl. Ir. H. Djuanda No. 120, RT 04/RW 01",Depok,-6.431724,106.846728,-6.391476,106.837935,2026-09-19,14:28:00,14:46:00,6.8,34x19x20,Standard,N/A,Berawan,Lancar,Motorcycle,In_Transit,2026-09-20 14:46:00,1440,16,MEDIUM_RISK,Pakaian
100024000247,Frozen,STR-JKT-011,Doni Kurniawan,HUB-JAKTIM-RAWAMANGUN,-6.194218,106.883905,"Jl. Senopati No. 18, RT 08/RW 06",Jakarta Timur,-6.170125,106.899458,-6.178372,106.89549,2026-09-20,09:16:00,10:15:00,9.9,33x17x24,Cold_Chain_-2_to_5C,-1.0,Berawan,Lancar,Motorcycle,Assigned,2026-09-20 18:15:00,480,225,SAFE,Minuman Dingin
100024000248,Same Day,STR-JKT-008,Bayu Nugroho,HUB-BKS-HARAPANINDAH,-6.180215,106.984211,"Jl. Asia Afrika No. 80, RT 02/RW 08",Bekasi,-6.176765,107.011627,-6.180564,107.001448,2026-09-21,02:49:00,03:43:00,3.3,25x18x21,Same_Day_Priority,N/A,Gerimis,Macet Total,Motorcycle,In_Transit,2026-09-21 11:43:00,480,1273,SAFE,Kosmetik
100024000249,Next Day,STR-TGR-002,Surya Darma,HUB-DPK-MARGONDA,-6.372841,106.832714,"Jl. Sudirman No. 45, RT 02/RW 01",Depok,-6.37389,106.787901,-6.372194,106.809751,2026-09-19,18:51:00,19:06:00,4.4,25x21x27,Standard,N/A,Berawan,Lancar,Van,In_Transit,2026-09-20 19:06:00,1440,276,SAFE,Sepatu
100024000250,Dokumen,STR-JKT-005,Eko Prasetyo,HUB-JAKUT-SUNTER,-6.138472,106.865419,"Jl. Ahmad Yani No. 102, RT 06/RW 07",Jakarta Utara,-6.097845,106.838507,-6.119025,106.848874,2026-09-19,11:30:00,12:06:00,0.56,35x25x2,Secure_Document_Pouch,N/A,Hujan Deras,Padat,Motorcycle,Delivered,2026-09-21 12:06:00,2880,1296,SAFE,Dokumen Penting
100024000251,Next Day,STR-JKT-012,Wahyu Hidayat,HUB-DPK-MARGONDA,-6.372841,106.832714,"Jl. Ir. H. Djuanda No. 120, RT 06/RW 08",Depok,-6.331225,106.853105,-6.351809,106.844998,2026-09-20,04:56:00,05:12:00,5.9,36x20x27,Standard,N/A,Gerimis,Lancar,Motorcycle,In_Transit,2026-09-21 05:12:00,1440,882,SAFE,Mainan Anak
100024000252,Dokumen,STR-JKT-011,Doni Kurniawan,HUB-TGR-BSD,-6.302143,106.652194,"Jl. Ir. H. Djuanda No. 120, RT 03/RW 07",Tangerang Selatan,-6.362873,106.603097,-6.347958,106.615186,2026-09-18,14:16:00,14:48:00,1.09,35x25x2,Secure_Document_Pouch,N/A,Gerimis,Sedang,Motorcycle,In_Transit,2026-09-20 14:48:00,2880,18,MEDIUM_RISK,Dokumen Penting
100024000253,Next Day,STR-JKT-005,Eko Prasetyo,HUB-JAKPUS-TANAHABANG,-6.187841,106.814327,"Jl. Boulevard Barat Kelapa Gading, RT 01/RW 04",Jakarta Pusat,-6.205819,106.860451,-6.194196,106.829067,2026-09-20,05:49:00,06:13:00,2.3,30x26x19,Standard,N/A,Cerah,Sedang,Motorcycle,Assigned,2026-09-21 06:13:00,1440,943,SAFE,Elektronik Kecil
100024000254,Regular,STR-JKT-003,Rizky Pratama,HUB-BDG-BATUNUNGGAL,-6.953812,107.627419,"Jl. Asia Afrika No. 80, RT 02/RW 01",Bandung,-6.929072,107.575999,-6.937797,107.594908,2026-09-19,15:44:00,16:35:00,5.2,16x13x26,Standard,N/A,Berawan,Sedang,Motorcycle,Assigned,2026-09-20 16:35:00,1440,125,SAFE,Perlengkapan Rumah
100024000255,Instant,STR-TGR-001,Rian Kusuma,HUB-JAKPUS-TANAHABANG,-6.187841,106.814327,"Jl. H.R. Rasuna Said No. 8, RT 05/RW 03",Jakarta Pusat,-6.212918,106.771283,-6.197544,106.799181,2026-09-20,11:48:00,12:48:00,0.7,27x21x15,Instant_Direct,N/A,Cerah,Sedang,Motorcycle,Assigned,2026-09-20 14:48:00,120,18,MEDIUM_RISK,Obat Darurat
100024000256,Next Day,STR-BKS-001,Aditya Putra,HUB-JAKTIM-RAWAMANGUN,-6.194218,106.883905,"Jl. Raya Pajajaran No. 9, RT 01/RW 02",Jakarta Timur,-6.254244,106.899762,-6.217793,106.887824,2026-09-19,17:41:00,18:01:00,6.4,24x20x16,Standard,N/A,Cerah,Lancar,Motorcycle,Delivered,2026-09-20 18:01:00,1440,211,SAFE,Mainan Anak
100024000257,Cargo,STR-JKT-010,Teguh Wibowo,HUB-DPK-MARGONDA,-6.372841,106.832714,"Jl. Pemuda No. 71, RT 08/RW 08",Depok,-6.36335,106.775722,-6.364895,106.789739,2026-09-18,14:08:00,14:52:00,264.1,75x51x139,Heavy_Cargo,N/A,Cerah,Padat,Cargo_Truck,In_Transit,2026-09-20 14:52:00,2880,22,MEDIUM_RISK,Otomotif & Mesin
100024000258,Regular,STR-JKT-012,Wahyu Hidayat,HUB-JAKBAR-KEBONJERUK,-6.189512,106.769941,"Jl. TB Simatupang No. 30, RT 09/RW 02",Jakarta Barat,-6.21031,106.764515,-6.193511,106.769105,2026-09-17,18:14:00,18:44:00,8.1,27x28x23,Standard,N/A,Cerah,Sedang,Motorcycle,In_Transit,2026-09-20 18:44:00,4320,254,SAFE,Elektronik
100024000259,Frozen,STR-TGR-001,Rian Kusuma,HUB-BKS-HARAPANINDAH,-6.180215,106.984211,"Jl. Raya Darmo No. 55, RT 06/RW 09",Bekasi,-6.240967,106.943364,-6.219257,106.96112,2026-09-20,12:16:00,12:59:00,7.1,35x18x29,Cold_Chain_-2_to_5C,1.7,Berawan,Lancar,Motorcycle,In_Transit,2026-09-20 20:59:00,480,389,SAFE,Buah & Sayuran Segar
100024000260,Frozen,STR-JKT-003,Rizky Pratama,HUB-JAKBAR-KEBONJERUK,-6.189512,106.769941,"Jl. M.H. Thamrin No. 12, RT 02/RW 04",Jakarta Barat,-6.175756,106.795912,-6.179786,106.783644,2026-09-21,02:11:00,02:54:00,9.2,24x29x24,Cold_Chain_-2_to_5C,2.1,Gerimis,Sedang,Motorcycle,In_Transit,2026-09-21 10:54:00,480,1224,SAFE,Minuman Dingin
100024000261,Dokumen,STR-JKT-008,Bayu Nugroho,HUB-TGR-BSD,-6.302143,106.652194,"Jl. Boulevard Barat Kelapa Gading, RT 02/RW 01",Tangerang Selatan,-6.33018,106.693403,-6.317174,106.680598,2026-09-19,07:40:00,08:30:00,0.19,35x25x2,Secure_Document_Pouch,N/A,Cerah,Lancar,Motorcycle,Delivered,2026-09-21 08:30:00,2880,1080,SAFE,Dokumen Penting
100024000262,Regular,STR-JKT-006,Fajar Ramadhan,HUB-BDG-BATUNUNGGAL,-6.953812,107.627419,"Jl. Raya Darmo No. 55, RT 07/RW 06",Bandung,-6.908907,107.607713,-6.91781,107.610994,2026-09-19,04:32:00,04:56:00,7.3,21x27x22,Standard,N/A,Cerah,Sedang,Van,In_Transit,2026-09-21 04:56:00,2880,866,SAFE,Perlengkapan Rumah
100024000263,Mini Cargo,STR-TGR-002,Surya Darma,HUB-JAKTIM-RAWAMANGUN,-6.194218,106.883905,"Jl. Margonda Raya No. 150, RT 03/RW 02",Jakarta Timur,-6.245419,106.823949,-6.201133,106.874173,2026-09-18,14:07:00,14:44:00,25.4,44x41x33,Bulky_UMKM,N/A,Gerimis,Padat,Van,In_Transit,2026-09-20 14:44:00,2880,14,HIGH_RISK,Sparepart Motor
100024000264,Same Day,STR-BKS-001,Aditya Putra,HUB-JAKSEL-TEBET,-6.225588,106.855324,"Jl. Ir. H. Djuanda No. 120, RT 06/RW 01",Jakarta Selatan,-6.214677,106.903877,-6.222133,106.870118,2026-09-21,01:40:00,02:28:00,3.6,17x14x18,Same_Day_Priority,N/A,Cerah,Lancar,Motorcycle,In_Transit,2026-09-21 10:28:00,480,1198,SAFE,Gadget & Aksesoris
100024000265,PHARMA,STR-TGR-002,Surya Darma,HUB-JAKBAR-KEBONJERUK,-6.189512,106.769941,"Jl. Ir. H. Djuanda No. 120, RT 05/RW 01",Jakarta Barat,-6.22518,106.788234,-6.210422,106.782289,2026-09-21,02:21:00,03:20:00,7.73,25x16x15,BPOM_Pharma,17.6,Berawan,Sedang,Van,Delivered,2026-09-21 09:20:00,360,1130,SAFE,Vaksin & Biologis
100024000266,Cargo,STR-JKT-010,Teguh Wibowo,HUB-SBY-GUBENG,-7.265412,112.752189,"Jl. Pemuda No. 71, RT 01/RW 05",Surabaya,-7.29895,112.770291,-7.283578,112.763168,2026-09-19,19:02:00,19:24:00,105.5,89x57x85,Heavy_Cargo,N/A,Cerah,Padat,Cargo_Truck,In_Transit,2026-09-20 19:24:00,1440,294,SAFE,Otomotif & Mesin
100024000267,PHARMA,STR-JKT-004,Hendra Wijaya,HUB-JAKTIM-RAWAMANGUN,-6.194218,106.883905,"Jl. Senopati No. 18, RT 09/RW 01",Jakarta Timur,-6.171936,106.865672,-6.186445,106.877349,2026-09-20,11:29:00,11:57:00,7.17,28x16x13,BPOM_Pharma,21.5,Hujan Deras,Sedang,Van,In_Transit,2026-09-20 17:57:00,360,207,SAFE,Reagen Lab
100024000268,Mini Cargo,STR-TGR-002,Surya Darma,HUB-JAKSEL-TEBET,-6.225588,106.855324,"Jl. Pemuda No. 71, RT 08/RW 09",Jakarta Selatan,-6.205671,106.891092,-6.222978,106.862986,2026-09-18,14:09:00,14:57:00,4.9,59x50x34,Bulky_UMKM,N/A,Cerah,Lancar,Van,In_Transit,2026-09-20 14:57:00,2880,27,MEDIUM_RISK,Sparepart Motor
100024000269,Regular,STR-JKT-009,Aris Munandar,HUB-BDG-BATUNUNGGAL,-6.953812,107.627419,"Jl. Ahmad Yani No. 102, RT 05/RW 05",Bandung,-6.934573,107.691285,-6.942603,107.658453,2026-09-17,22:48:00,23:47:00,11.1,33x16x26,Standard,N/A,Berawan,Lancar,Van,Delivered,2026-09-20 23:47:00,4320,557,SAFE,Perlengkapan Rumah
100024000270,Same Day,STR-JKT-002,Agus Prayitno,HUB-JAKSEL-TEBET,-6.225588,106.855324,"Jl. Juanda No. 34, RT 06/RW 04",Jakarta Selatan,-6.201396,106.901761,-6.22417,106.860302,2026-09-20,15:20:00,15:40:00,0.9,34x16x13,Same_Day_Priority,N/A,Cerah,Lancar,Motorcycle,Assigned,2026-09-20 23:40:00,480,550,SAFE,Pakaian
100024000271,Regular,STR-JKT-006,Fajar Ramadhan,HUB-SBY-GUBENG,-7.265412,112.752189,"Jl. Gatot Subroto Kav. 22, RT 08/RW 05",Surabaya,-7.222964,112.708057,-7.257646,112.740912,2026-09-19,13:34:00,13:52:00,11.8,23x11x22,Standard,N/A,Berawan,Lancar,Van,In_Transit,2026-09-21 13:52:00,2880,1402,SAFE,Kecantikan
100024000272,Mini Cargo,STR-BKS-001,Aditya Putra,HUB-JAKTIM-RAWAMANGUN,-6.194218,106.883905,"Jl. Raya Pajajaran No. 9, RT 02/RW 03",Jakarta Timur,-6.202538,106.882746,-6.200212,106.881048,2026-09-19,05:05:00,05:48:00,28.5,33x26x22,Bulky_UMKM,N/A,Cerah,Sedang,Motorcycle,In_Transit,2026-09-21 05:48:00,2880,918,SAFE,Paket UMKM
100024000273,Next Day,STR-JKT-003,Rizky Pratama,HUB-JAKSEL-TEBET,-6.225588,106.855324,"Jl. Raya Darmo No. 55, RT 01/RW 09",Jakarta Selatan,-6.164983,106.878369,-6.203994,106.865506,2026-09-20,06:58:00,07:49:00,5.6,15x22x25,Standard,N/A,Cerah,Lancar,Motorcycle,In_Transit,2026-09-21 07:49:00,1440,1039,SAFE,Pakaian
100024000274,Frozen,STR-JKT-003,Rizky Pratama,HUB-TGR-BSD,-6.302143,106.652194,"Jl. Ir. H. Djuanda No. 120, RT 06/RW 02",Tangerang Selatan,-6.276686,106.63828,-6.284304,106.641493,2026-09-20,16:21:00,16:58:00,11.6,26x24x27,Cold_Chain_-2_to_5C,2.2,Berawan,Lancar,Motorcycle,In_Transit,2026-09-21 00:58:00,480,628,SAFE,Makanan Beku
100024000275,PHARMA,STR-JKT-009,Aris Munandar,HUB-DPK-MARGONDA,-6.372841,106.832714,"Jl. Raya Pajajaran No. 9, RT 07/RW 02",Depok,-6.339896,106.782306,-6.362128,106.818897,2026-09-20,12:45:00,13:02:00,8.23,15x10x15,BPOM_Pharma,18.0,Cerah,Sedang,Van,In_Transit,2026-09-21 13:02:00,1440,1352,SAFE,Alat Kesehatan
100024000276,Regular,STR-JKT-002,Agus Prayitno,HUB-BDG-BATUNUNGGAL,-6.953812,107.627419,"Jl. Gatot Subroto Kav. 22, RT 01/RW 03",Bandung,-6.95964,107.65235,-6.960359,107.646892,2026-09-17,15:26:00,15:44:00,3.9,35x14x10,Standard,N/A,Cerah,Padat,Motorcycle,Delivered,2026-09-20 15:44:00,4320,74,SAFE,Elektronik
100024000277,Mini Cargo,STR-TGR-001,Rian Kusuma,HUB-JAKBAR-KEBONJERUK,-6.189512,106.769941,"Jl. Raya Pajajaran No. 9, RT 04/RW 02",Jakarta Barat,-6.195646,106.723838,-6.191063,106.741589,2026-09-19,05:09:00,05:37:00,15.4,51x43x37,Bulky_UMKM,N/A,Cerah,Padat,Motorcycle,Assigned,2026-09-21 05:37:00,2880,907,SAFE,Tekstil & Garmen
100024000278,Instant,STR-DPK-001,Indra Gunawan,HUB-TGR-BSD,-6.302143,106.652194,"Jl. Senopati No. 18, RT 08/RW 04",Tangerang Selatan,-6.363292,106.620539,-6.345733,106.629879,2026-09-20,14:13:00,14:28:00,3.1,15x10x20,Instant_Direct,N/A,Cerah,Sedang,Motorcycle,In_Transit,2026-09-20 16:28:00,120,118,SAFE,Makanan Siap Saji
100024000279,Regular,STR-JKT-002,Agus Prayitno,HUB-SBY-GUBENG,-7.265412,112.752189,"Jl. Kemang Raya No. 5, RT 03/RW 05",Surabaya,-7.211244,112.74046,-7.225036,112.744955,2026-09-18,04:34:00,05:08:00,9.1,37x25x29,Standard,N/A,Cerah,Lancar,Motorcycle,In_Transit,2026-09-21 05:08:00,4320,878,SAFE,Pakaian
100024000280,Regular,STR-JKT-008,Bayu Nugroho,HUB-JAKPUS-TANAHABANG,-6.187841,106.814327,"Jl. Ir. H. Djuanda No. 120, RT 09/RW 04",Jakarta Pusat,-6.230975,106.882451,-6.223091,106.873302,2026-09-20,11:30:00,12:27:00,2.0,19x25x25,Standard,N/A,Berawan,Lancar,Motorcycle,Delivered,2026-09-21 12:27:00,1440,1317,SAFE,Elektronik
100024000281,Regular,STR-JKT-004,Hendra Wijaya,HUB-TGR-BSD,-6.302143,106.652194,"Jl. M.H. Thamrin No. 12, RT 02/RW 01",Tangerang Selatan,-6.332234,106.643048,-6.311867,106.650232,2026-09-18,20:24:00,21:05:00,1.3,22x24x28,Standard,N/A,Cerah,Lancar,Van,In_Transit,2026-09-20 21:05:00,2880,395,SAFE,Olahraga
100024000282,Dokumen,STR-JKT-003,Rizky Pratama,HUB-TGR-BSD,-6.302143,106.652194,"Jl. Kemang Raya No. 5, RT 07/RW 04",Tangerang Selatan,-6.339934,106.597613,-6.315415,106.63478,2026-09-18,13:47:00,14:41:00,0.4,35x25x2,Secure_Document_Pouch,N/A,Gerimis,Macet Total,Motorcycle,In_Transit,2026-09-20 14:41:00,2880,11,HIGH_RISK,Dokumen Penting
100024000283,Same Day,STR-JKT-011,Doni Kurniawan,HUB-JAKTIM-RAWAMANGUN,-6.194218,106.883905,"Jl. M.H. Thamrin No. 12, RT 01/RW 05",Jakarta Timur,-6.200134,106.841087,-6.197972,106.86575,2026-09-20,05:48:00,06:39:00,1.9,24x29x15,Same_Day_Priority,N/A,Gerimis,Sedang,Motorcycle,Incident_Reported,2026-09-20 14:39:00,480,9,HIGH_RISK,Kosmetik
100024000284,Mini Cargo,STR-JKT-009,Aris Munandar,HUB-JAKBAR-KEBONJERUK,-6.189512,106.769941,"Jl. Juanda No. 34, RT 05/RW 01",Jakarta Barat,-6.201875,106.772989,-6.200529,106.772079,2026-09-18,23:13:00,23:30:00,34.4,48x29x49,Bulky_UMKM,N/A,Cerah,Lancar,Van,In_Transit,2026-09-20 23:30:00,2880,540,SAFE,Paket UMKM
100024000285,Next Day,STR-JKT-008,Bayu Nugroho,HUB-BDG-BATUNUNGGAL,-6.953812,107.627419,"Jl. Juanda No. 34, RT 08/RW 04",Bandung,-7.019105,107.631776,-6.983723,107.631462,2026-09-19,14:28:00,14:44:00,1.8,24x17x30,Standard,N/A,Cerah,Padat,Motorcycle,In_Transit,2026-09-20 14:44:00,1440,14,HIGH_RISK,Pakaian
100024000286,Same Day,STR-JKT-012,Wahyu Hidayat,HUB-DPK-MARGONDA,-6.372841,106.832714,"Jl. BSD Raya Utama Blok A2, RT 03/RW 06",Depok,-6.322732,106.867334,-6.364739,106.84013,2026-09-21,04:00:00,04:42:00,6.3,25x26x11,Same_Day_Priority,N/A,Cerah,Sedang,Motorcycle,Assigned,2026-09-21 12:42:00,480,1332,SAFE,Snack & Makanan Kering
100024000287,Dokumen,STR-JKT-001,Budi Santoso,HUB-SBY-GUBENG,-7.265412,112.752189,"Jl. M.H. Thamrin No. 12, RT 09/RW 06",Surabaya,-7.259471,112.793416,-7.263759,112.78339,2026-09-18,18:26:00,18:52:00,0.61,35x25x2,Secure_Document_Pouch,N/A,Cerah,Sedang,Motorcycle,In_Transit,2026-09-20 18:52:00,2880,262,SAFE,Dokumen Penting
100024000288,Dokumen,STR-JKT-001,Budi Santoso,HUB-BDG-BATUNUNGGAL,-6.953812,107.627419,"Jl. Raya Pajajaran No. 9, RT 04/RW 04",Bandung,-6.924505,107.586079,-6.930854,107.590504,2026-09-18,23:35:00,00:12:00,0.19,35x25x2,Secure_Document_Pouch,N/A,Cerah,Lancar,Motorcycle,In_Transit,2026-09-21 00:12:00,2880,582,SAFE,Dokumen Penting
100024000289,Next Day,STR-JKT-006,Fajar Ramadhan,HUB-JAKBAR-KEBONJERUK,-6.189512,106.769941,"Jl. Boulevard Barat Kelapa Gading, RT 02/RW 04",Jakarta Barat,-6.193689,106.774408,-6.190155,106.772904,2026-09-20,06:20:00,06:42:00,3.2,17x13x15,Standard,N/A,Cerah,Lancar,Van,In_Transit,2026-09-21 06:42:00,1440,972,SAFE,Elektronik Kecil
100024000290,Next Day,STR-JKT-001,Budi Santoso,HUB-JAKPUS-TANAHABANG,-6.187841,106.814327,"Jl. TB Simatupang No. 30, RT 08/RW 06",Jakarta Pusat,-6.184945,106.832146,-6.183995,106.820905,2026-09-20,12:24:00,13:05:00,8.8,22x26x30,Standard,N/A,Cerah,Lancar,Motorcycle,In_Transit,2026-09-21 13:05:00,1440,1355,SAFE,Elektronik Kecil
100024000291,Instant,STR-JKT-008,Bayu Nugroho,HUB-TGR-BSD,-6.302143,106.652194,"Jl. Raya Darmo No. 55, RT 03/RW 05",Tangerang Selatan,-6.304082,106.675414,-6.302863,106.664042,2026-09-20,11:28:00,11:53:00,3.9,11x14x16,Instant_Direct,N/A,Cerah,Lancar,Motorcycle,In_Transit,2026-09-20 14:53:00,180,23,MEDIUM_RISK,Obat Darurat
100024000292,Regular,STR-JKT-014,Ilham Saputra,HUB-BDG-BATUNUNGGAL,-6.953812,107.627419,"Jl. TB Simatupang No. 30, RT 03/RW 04",Bandung,-6.983877,107.693668,-6.974829,107.677278,2026-09-19,13:59:00,14:37:00,3.0,32x11x20,Standard,N/A,Hujan Deras,Padat,Motorcycle,In_Transit,2026-09-20 14:37:00,1440,7,HIGH_RISK,Perlengkapan Rumah
100024000293,Frozen,STR-TGR-001,Rian Kusuma,HUB-BDG-BATUNUNGGAL,-6.953812,107.627419,"Jl. Juanda No. 34, RT 06/RW 03",Bandung,-6.981594,107.68628,-6.96585,107.65079,2026-09-20,06:02:00,06:19:00,3.9,29x19x29,Cold_Chain_-2_to_5C,2.8,Banjir,Padat,Motorcycle,In_Transit,2026-09-20 14:19:00,480,-11,BREACHED,Buah & Sayuran Segar
100024000294,Next Day,STR-BKS-001,Aditya Putra,HUB-JAKUT-SUNTER,-6.138472,106.865419,"Jl. Basuki Rahmat No. 40, RT 04/RW 09",Jakarta Utara,-6.205001,106.881872,-6.159569,106.869383,2026-09-19,14:07:00,14:53:00,6.9,17x26x22,Standard,N/A,Cerah,Lancar,Motorcycle,In_Transit,2026-09-20 14:53:00,1440,23,MEDIUM_RISK,Sepatu
100024000295,Instant,STR-JKT-002,Agus Prayitno,HUB-JAKSEL-TEBET,-6.225588,106.855324,"Jl. Boulevard Barat Kelapa Gading, RT 01/RW 05",Jakarta Selatan,-6.168405,106.835873,-6.208966,106.84961,2026-09-20,22:53:00,23:35:00,1.2,24x23x19,Instant_Direct,N/A,Hujan Deras,Padat,Motorcycle,Assigned,2026-09-21 01:35:00,120,665,SAFE,Obat Darurat
100024000296,Same Day,STR-JKT-003,Rizky Pratama,HUB-SBY-GUBENG,-7.265412,112.752189,"Jl. Ahmad Yani No. 102, RT 02/RW 07",Surabaya,-7.251701,112.702298,-7.257515,112.734267,2026-09-20,05:59:00,06:38:00,4.1,33x14x16,Same_Day_Priority,N/A,Hujan Deras,Sedang,Motorcycle,In_Transit,2026-09-20 14:38:00,480,8,HIGH_RISK,Kosmetik
100024000297,Next Day,STR-JKT-012,Wahyu Hidayat,HUB-JAKUT-SUNTER,-6.138472,106.865419,"Jl. Sudirman No. 45, RT 03/RW 05",Jakarta Utara,-6.09163,106.837967,-6.113326,106.847715,2026-09-20,12:34:00,12:56:00,4.5,30x30x17,Standard,N/A,Berawan,Sedang,Motorcycle,Assigned,2026-09-21 12:56:00,1440,1346,SAFE,Pakaian
100024000298,Next Day,STR-JKT-002,Agus Prayitno,HUB-JAKBAR-KEBONJERUK,-6.189512,106.769941,"Jl. Raya Pajajaran No. 9, RT 02/RW 06",Jakarta Barat,-6.175667,106.750587,-6.183162,106.759076,2026-09-20,10:25:00,10:43:00,1.9,29x14x21,Standard,N/A,Cerah,Lancar,Motorcycle,In_Transit,2026-09-21 10:43:00,1440,1213,SAFE,Sepatu
100024000299,Same Day,STR-JKT-008,Bayu Nugroho,HUB-TGR-BSD,-6.302143,106.652194,"Jl. Senopati No. 18, RT 02/RW 03",Tangerang Selatan,-6.365323,106.623027,-6.342417,106.632937,2026-09-20,17:37:00,17:52:00,2.3,26x13x21,Same_Day_Priority,N/A,Berawan,Sedang,Motorcycle,In_Transit,2026-09-21 01:52:00,480,682,SAFE,Kosmetik
100024000300,Same Day,STR-JKT-012,Wahyu Hidayat,HUB-DPK-MARGONDA,-6.372841,106.832714,"Jl. Kemang Raya No. 5, RT 09/RW 09",Depok,-6.385162,106.891641,-6.377788,106.848298,2026-09-21,01:08:00,01:53:00,3.5,17x13x14,Same_Day_Priority,N/A,Berawan,Padat,Motorcycle,In_Transit,2026-09-21 09:53:00,480,1163,SAFE,Pakaian
100024000301,Dokumen,STR-JKT-005,Eko Prasetyo,HUB-JAKTIM-RAWAMANGUN,-6.194218,106.883905,"Jl. Pemuda No. 71, RT 01/RW 02",Jakarta Timur,-6.149833,106.938467,-6.16741,106.913968,2026-09-18,14:29:00,14:49:00,0.28,35x25x2,Secure_Document_Pouch,N/A,Berawan,Lancar,Motorcycle,In_Transit,2026-09-20 14:49:00,2880,19,MEDIUM_RISK,Dokumen Penting
100024000302,Cargo,STR-JKT-004,Hendra Wijaya,HUB-JAKBAR-KEBONJERUK,-6.189512,106.769941,"Jl. Asia Afrika No. 80, RT 01/RW 08",Jakarta Barat,-6.248629,106.808398,-6.232464,106.793744,2026-09-17,14:09:00,14:36:00,226.1,100x47x167,Heavy_Cargo,N/A,Cerah,Padat,Van,In_Transit,2026-09-20 14:36:00,4320,6,HIGH_RISK,Furnitur
100024000303,Same Day,STR-TGR-001,Rian Kusuma,HUB-JAKBAR-KEBONJERUK,-6.189512,106.769941,"Jl. Asia Afrika No. 80, RT 04/RW 09",Jakarta Barat,-6.239134,106.804409,-6.206112,106.780917,2026-09-20,10:06:00,10:27:00,1.9,21x19x15,Same_Day_Priority,N/A,Berawan,Sedang,Motorcycle,Delivered,2026-09-20 18:27:00,480,237,SAFE,Pakaian
100024000304,PHARMA,STR-JKT-008,Bayu Nugroho,HUB-DPK-MARGONDA,-6.372841,106.832714,"Jl. Boulevard Barat Kelapa Gading, RT 07/RW 07",Depok,-6.391536,106.845227,-6.378652,106.836527,2026-09-19,14:19:00,14:52:00,1.31,18x18x12,BPOM_Pharma,21.9,Cerah,Sedang,Motorcycle,In_Transit,2026-09-20 14:52:00,1440,22,MEDIUM_RISK,Reagen Lab
100024000305,Regular,STR-DPK-001,Indra Gunawan,HUB-TGR-BSD,-6.302143,106.652194,"Jl. Juanda No. 34, RT 04/RW 09",Tangerang Selatan,-6.303023,106.636063,-6.301139,106.645737,2026-09-18,05:20:00,05:41:00,14.1,26x15x10,Standard,N/A,Cerah,Lancar,Motorcycle,In_Transit,2026-09-21 05:41:00,4320,911,SAFE,Kecantikan
100024000306,Next Day,STR-TGR-001,Rian Kusuma,HUB-JAKBAR-KEBONJERUK,-6.189512,106.769941,"Jl. Senopati No. 18, RT 02/RW 06",Jakarta Barat,-6.242822,106.755215,-6.22058,106.762016,2026-09-20,01:46:00,02:38:00,1.7,28x25x18,Standard,N/A,Cerah,Padat,Motorcycle,In_Transit,2026-09-21 02:38:00,1440,728,SAFE,Mainan Anak
100024000307,Cargo,STR-JKT-007,Dimas Setiawan,HUB-BKS-HARAPANINDAH,-6.180215,106.984211,"Jl. TB Simatupang No. 30, RT 08/RW 02",Bekasi,-6.200361,107.007546,-6.193711,107.0033,2026-09-18,13:41:00,14:39:00,52.1,97x43x156,Heavy_Cargo,N/A,Gerimis,Padat,Cargo_Truck,In_Transit,2026-09-20 14:39:00,2880,9,HIGH_RISK,Elektronik Besar
100024000308,Regular,STR-JKT-013,Gilang Permana,HUB-SBY-GUBENG,-7.265412,112.752189,"Jl. Asia Afrika No. 80, RT 08/RW 08",Surabaya,-7.240323,112.703572,-7.253147,112.721189,2026-09-18,14:38:00,15:00:00,12.2,32x27x10,Standard,N/A,Cerah,Lancar,Van,In_Transit,2026-09-20 15:00:00,2880,30,MEDIUM_RISK,Pakaian
100024000309,Same Day,STR-BKS-001,Aditya Putra,HUB-BKS-HARAPANINDAH,-6.180215,106.984211,"Jl. Senopati No. 18, RT 08/RW 07",Bekasi,-6.188257,106.919248,-6.181461,106.9681,2026-09-20,05:53:00,06:43:00,4.9,32x27x25,Same_Day_Priority,N/A,Gerimis,Macet Total,Motorcycle,Incident_Reported,2026-09-20 14:43:00,480,13,HIGH_RISK,Gadget & Aksesoris
100024000310,Next Day,STR-JKT-001,Budi Santoso,HUB-BKS-HARAPANINDAH,-6.180215,106.984211,"Jl. Pemuda No. 71, RT 06/RW 01",Bekasi,-6.21334,106.996957,-6.192885,106.991093,2026-09-19,13:05:00,13:47:00,7.8,35x20x22,Standard,N/A,Cerah,Padat,Motorcycle,In_Transit,2026-09-20 13:47:00,1440,-43,BREACHED,Pakaian
100024000311,Same Day,STR-DPK-001,Indra Gunawan,HUB-TGR-BSD,-6.302143,106.652194,"Jl. Gatot Subroto Kav. 22, RT 05/RW 02",Tangerang Selatan,-6.36424,106.616386,-6.322783,106.638452,2026-09-20,07:29:00,07:45:00,6.1,33x26x23,Same_Day_Priority,N/A,Cerah,Lancar,Motorcycle,In_Transit,2026-09-20 15:45:00,480,75,SAFE,Snack & Makanan Kering
100024000312,Instant,STR-JKT-011,Doni Kurniawan,HUB-TGR-BSD,-6.302143,106.652194,"Jl. Kemang Raya No. 5, RT 06/RW 08",Tangerang Selatan,-6.31926,106.636836,-6.309721,106.641336,2026-09-21,10:20:00,10:51:00,4.9,16x25x7,Instant_Direct,N/A,Cerah,Sedang,Motorcycle,In_Transit,2026-09-21 13:51:00,180,1401,SAFE,Minuman Segar
100024000313,Frozen,STR-JKT-009,Aris Munandar,HUB-BKS-HARAPANINDAH,-6.180215,106.984211,"Jl. Raya Darmo No. 55, RT 06/RW 05",Bekasi,-6.137571,107.001651,-6.143917,106.998991,2026-09-20,06:03:00,06:44:00,9.6,40x24x24,Cold_Chain_-2_to_5C,0.2,Gerimis,Padat,Van,In_Transit,2026-09-20 14:44:00,480,14,HIGH_RISK,Minuman Dingin
100024000314,Instant,STR-BKS-001,Aditya Putra,HUB-DPK-MARGONDA,-6.372841,106.832714,"Jl. Senopati No. 18, RT 08/RW 04",Depok,-6.348823,106.839373,-6.353661,106.837916,2026-09-21,03:38:00,04:02:00,4.3,23x11x11,Instant_Direct,N/A,Cerah,Sedang,Motorcycle,In_Transit,2026-09-21 07:02:00,180,992,SAFE,Obat Darurat
100024000315,Cargo,STR-JKT-009,Aris Munandar,HUB-JAKUT-SUNTER,-6.138472,106.865419,"Jl. Margonda Raya No. 150, RT 05/RW 05",Jakarta Utara,-6.090295,106.852855,-6.09977,106.856773,2026-09-18,23:04:00,23:50:00,72.3,62x41x81,Heavy_Cargo,N/A,Berawan,Lancar,Van,In_Transit,2026-09-20 23:50:00,2880,560,SAFE,Otomotif & Mesin
100024000316,Next Day,STR-JKT-003,Rizky Pratama,HUB-JAKSEL-TEBET,-6.225588,106.855324,"Jl. Ir. H. Djuanda No. 120, RT 03/RW 01",Jakarta Selatan,-6.267309,106.823504,-6.230959,106.848569,2026-09-20,06:43:00,07:40:00,3.5,24x12x23,Standard,N/A,Berawan,Lancar,Motorcycle,In_Transit,2026-09-21 07:40:00,1440,1030,SAFE,Elektronik Kecil
100024000317,Regular,STR-JKT-013,Gilang Permana,HUB-JAKTIM-RAWAMANGUN,-6.194218,106.883905,"Jl. Raya Darmo No. 55, RT 09/RW 05",Jakarta Timur,-6.231172,106.893841,-6.214978,106.88986,2026-09-19,17:45:00,18:09:00,5.1,33x22x17,Standard,N/A,Cerah,Lancar,Van,In_Transit,2026-09-20 18:09:00,1440,219,SAFE,Kecantikan
100024000318,Regular,STR-JKT-005,Eko Prasetyo,HUB-JAKUT-SUNTER,-6.138472,106.865419,"Jl. H.R. Rasuna Said No. 8, RT 06/RW 09",Jakarta Utara,-6.146945,106.831022,-6.143297,106.845314,2026-09-18,13:30:00,14:23:00,5.6,37x21x19,Standard,N/A,Cerah,Lancar,Motorcycle,In_Transit,2026-09-21 14:23:00,4320,1433,SAFE,Pakaian
100024000319,Dokumen,STR-JKT-012,Wahyu Hidayat,HUB-JAKSEL-TEBET,-6.225588,106.855324,"Jl. Boulevard Barat Kelapa Gading, RT 02/RW 09",Jakarta Selatan,-6.198892,106.895756,-6.216788,106.867028,2026-09-19,05:40:00,06:11:00,1.4,35x25x2,Secure_Document_Pouch,N/A,Cerah,Padat,Motorcycle,In_Transit,2026-09-21 06:11:00,2880,941,SAFE,Dokumen Penting
100024000320,PHARMA,STR-JKT-008,Bayu Nugroho,HUB-JAKPUS-TANAHABANG,-6.187841,106.814327,"Jl. Margonda Raya No. 150, RT 01/RW 05",Jakarta Pusat,-6.216202,106.864645,-6.195643,106.826421,2026-09-20,07:01:00,07:51:00,6.18,18x12x14,BPOM_Pharma,18.2,Cerah,Lancar,Motorcycle,Assigned,2026-09-21 07:51:00,1440,1041,SAFE,Alat Kesehatan
100024000321,Next Day,STR-JKT-009,Aris Munandar,HUB-JAKSEL-TEBET,-6.225588,106.855324,"Jl. Sudirman No. 45, RT 07/RW 04",Jakarta Selatan,-6.188911,106.875116,-6.215709,106.861685,2026-09-20,00:49:00,01:47:00,5.4,39x30x14,Standard,N/A,Berawan,Lancar,Van,In_Transit,2026-09-21 01:47:00,1440,677,SAFE,Mainan Anak
100024000322,PHARMA,STR-TGR-002,Surya Darma,HUB-DPK-MARGONDA,-6.372841,106.832714,"Jl. Pemuda No. 71, RT 04/RW 02",Depok,-6.37587,106.865638,-6.372723,106.845621,2026-09-20,08:50:00,09:17:00,2.14,15x18x20,BPOM_Pharma,23.2,Cerah,Lancar,Van,In_Transit,2026-09-20 21:17:00,720,407,SAFE,Obat Resep
100024000323,Mini Cargo,STR-DPK-001,Indra Gunawan,HUB-JAKSEL-TEBET,-6.225588,106.855324,"Jl. Raya Darmo No. 55, RT 02/RW 01",Jakarta Selatan,-6.239443,106.84537,-6.232655,106.851226,2026-09-19,05:10:00,05:56:00,8.5,52x31x26,Bulky_UMKM,N/A,Berawan,Padat,Motorcycle,In_Transit,2026-09-21 05:56:00,2880,926,SAFE,Bahan Makanan Kering UMKM
100024000324,Next Day,STR-JKT-009,Aris Munandar,HUB-JAKPUS-TANAHABANG,-6.187841,106.814327,"Jl. Margonda Raya No. 150, RT 03/RW 01",Jakarta Pusat,-6.173829,106.883656,-6.181901,106.837969,2026-09-19,23:46:00,00:01:00,4.0,36x30x24,Standard,N/A,Cerah,Sedang,Van,In_Transit,2026-09-21 00:01:00,1440,571,SAFE,Pakaian
100024000325,Mini Cargo,STR-JKT-002,Agus Prayitno,HUB-BKS-HARAPANINDAH,-6.180215,106.984211,"Jl. H.R. Rasuna Said No. 8, RT 09/RW 01",Bekasi,-6.154056,107.014078,-6.161902,107.00204,2026-09-18,13:03:00,14:00:00,4.7,46x44x32,Bulky_UMKM,N/A,Gerimis,Padat,Motorcycle,In_Transit,2026-09-20 14:00:00,2880,-30,BREACHED,Bahan Makanan Kering UMKM
100024000326,Frozen,STR-JKT-009,Aris Munandar,HUB-BDG-BATUNUNGGAL,-6.953812,107.627419,"Jl. Juanda No. 34, RT 03/RW 02",Bandung,-7.018055,107.582531,-6.97113,107.614383,2026-09-21,00:38:00,01:11:00,1.0,24x30x23,Cold_Chain_-2_to_5C,4.0,Cerah,Lancar,Van,Delivered,2026-09-21 09:11:00,480,1121,SAFE,Buah & Sayuran Segar
100024000327,Same Day,STR-JKT-014,Ilham Saputra,HUB-JAKUT-SUNTER,-6.138472,106.865419,"Jl. TB Simatupang No. 30, RT 09/RW 08",Jakarta Utara,-6.136096,106.856428,-6.13642,106.86298,2026-09-20,05:37:00,05:54:00,2.2,29x23x13,Same_Day_Priority,N/A,Cerah,Sedang,Motorcycle,In_Transit,2026-09-20 13:54:00,480,-36,BREACHED,Gadget & Aksesoris
100024000328,Frozen,STR-JKT-013,Gilang Permana,HUB-BDG-BATUNUNGGAL,-6.953812,107.627419,"Jl. Gatot Subroto Kav. 22, RT 04/RW 05",Bandung,-6.955884,107.626437,-6.953148,107.624432,2026-09-20,06:24:00,06:50:00,10.7,38x21x15,Cold_Chain_-2_to_5C,3.0,Berawan,Padat,Van,In_Transit,2026-09-20 14:50:00,480,20,MEDIUM_RISK,Makanan Hewan
100024000329,Regular,STR-DPK-001,Indra Gunawan,HUB-DPK-MARGONDA,-6.372841,106.832714,"Jl. BSD Raya Utama Blok A2, RT 06/RW 02",Depok,-6.348074,106.886945,-6.367588,106.842918,2026-09-19,19:23:00,20:19:00,7.0,23x29x10,Standard,N/A,Cerah,Sedang,Motorcycle,In_Transit,2026-09-20 20:19:00,1440,349,SAFE,Perlengkapan Rumah
100024000330,Next Day,STR-TGR-001,Rian Kusuma,HUB-SBY-GUBENG,-7.265412,112.752189,"Jl. Gatot Subroto Kav. 22, RT 09/RW 07",Surabaya,-7.317307,112.803048,-7.303616,112.790143,2026-09-19,14:03:00,14:36:00,1.3,21x15x22,Standard,N/A,Berawan,Macet Total,Motorcycle,In_Transit,2026-09-20 14:36:00,1440,6,HIGH_RISK,Buku
100024000331,Frozen,STR-JKT-011,Doni Kurniawan,HUB-JAKTIM-RAWAMANGUN,-6.194218,106.883905,"Jl. Basuki Rahmat No. 40, RT 03/RW 06",Jakarta Timur,-6.247334,106.882623,-6.216423,106.882185,2026-09-20,18:43:00,19:37:00,6.0,38x28x17,Cold_Chain_-2_to_5C,3.3,Cerah,Sedang,Motorcycle,In_Transit,2026-09-21 03:37:00,480,787,SAFE,Minuman Dingin
100024000332,Instant,STR-JKT-002,Agus Prayitno,HUB-JAKBAR-KEBONJERUK,-6.189512,106.769941,"Jl. TB Simatupang No. 30, RT 08/RW 09",Jakarta Barat,-6.253851,106.747785,-6.221693,106.760546,2026-09-21,05:29:00,05:59:00,4.6,25x19x9,Instant_Direct,N/A,Cerah,Sedang,Motorcycle,In_Transit,2026-09-21 08:59:00,180,1109,SAFE,Minuman Segar
100024000333,Same Day,STR-DPK-001,Indra Gunawan,HUB-JAKSEL-TEBET,-6.225588,106.855324,"Jl. Juanda No. 34, RT 05/RW 06",Jakarta Selatan,-6.218449,106.913746,-6.221888,106.884562,2026-09-20,06:06:00,06:47:00,3.5,20x22x11,Same_Day_Priority,N/A,Berawan,Lancar,Motorcycle,Assigned,2026-09-20 14:47:00,480,17,MEDIUM_RISK,Pakaian
100024000334,Same Day,STR-JKT-012,Wahyu Hidayat,HUB-SBY-GUBENG,-7.265412,112.752189,"Jl. Senopati No. 18, RT 04/RW 03",Surabaya,-7.234039,112.788219,-7.248978,112.76799,2026-09-20,06:16:00,06:41:00,4.0,15x22x13,Same_Day_Priority,N/A,Berawan,Padat,Motorcycle,In_Transit,2026-09-20 14:41:00,480,11,HIGH_RISK,Pakaian
100024000335,Next Day,STR-JKT-004,Hendra Wijaya,HUB-BKS-HARAPANINDAH,-6.180215,106.984211,"Jl. Basuki Rahmat No. 40, RT 06/RW 07",Bekasi,-6.128586,107.049424,-6.150798,107.02218,2026-09-19,17:19:00,18:04:00,8.3,37x16x10,Standard,N/A,Cerah,Lancar,Van,In_Transit,2026-09-20 18:04:00,1440,214,SAFE,Sepatu
100024000336,Instant,STR-JKT-014,Ilham Saputra,HUB-BKS-HARAPANINDAH,-6.180215,106.984211,"Jl. TB Simatupang No. 30, RT 08/RW 07",Bekasi,-6.132322,107.034358,-6.157458,107.012257,2026-09-20,11:22:00,11:55:00,4.8,25x10x19,Instant_Direct,N/A,Banjir,Padat,Motorcycle,In_Transit,2026-09-20 13:55:00,120,-35,BREACHED,Minuman Segar
100024000337,Mini Cargo,STR-DPK-001,Indra Gunawan,HUB-JAKSEL-TEBET,-6.225588,106.855324,"Jl. Raya Pajajaran No. 9, RT 09/RW 05",Jakarta Selatan,-6.248849,106.799697,-6.243288,106.813468,2026-09-18,13:20:00,14:10:00,12.3,31x41x20,Bulky_UMKM,N/A,Gerimis,Padat,Motorcycle,In_Transit,2026-09-20 14:10:00,2880,-20,BREACHED,Sparepart Motor
100024000338,PHARMA,STR-TGR-002,Surya Darma,HUB-BKS-HARAPANINDAH,-6.180215,106.984211,"Jl. Margonda Raya No. 150, RT 01/RW 03",Bekasi,-6.125735,106.930583,-6.147419,106.952481,2026-09-20,08:38:00,09:38:00,2.1,25x19x20,BPOM_Pharma,16.2,Cerah,Lancar,Van,In_Transit,2026-09-20 21:38:00,720,428,SAFE,Reagen Lab
100024000339,Same Day,STR-JKT-012,Wahyu Hidayat,HUB-TGR-BSD,-6.302143,106.652194,"Jl. Gatot Subroto Kav. 22, RT 08/RW 03",Tangerang Selatan,-6.260707,106.69416,-6.270701,106.681993,2026-09-20,06:00:00,06:50:00,6.6,30x19x17,Same_Day_Priority,N/A,Berawan,Lancar,Motorcycle,In_Transit,2026-09-20 14:50:00,480,20,MEDIUM_RISK,Kosmetik
100024000340,Regular,STR-JKT-011,Doni Kurniawan,HUB-JAKUT-SUNTER,-6.138472,106.865419,"Jl. Gatot Subroto Kav. 22, RT 06/RW 07",Jakarta Utara,-6.158486,106.817624,-6.150707,106.827741,2026-09-18,14:11:00,14:35:00,14.9,40x21x11,Standard,N/A,Cerah,Sedang,Motorcycle,Incident_Reported,2026-09-20 14:35:00,2880,5,HIGH_RISK,Olahraga
100024000341,Mini Cargo,STR-JKT-004,Hendra Wijaya,HUB-SBY-GUBENG,-7.265412,112.752189,"Jl. H.R. Rasuna Said No. 8, RT 02/RW 02",Surabaya,-7.241684,112.781086,-7.246835,112.77501,2026-09-18,15:43:00,16:30:00,33.7,59x36x25,Bulky_UMKM,N/A,Cerah,Lancar,Van,In_Transit,2026-09-20 16:30:00,2880,120,SAFE,Bahan Makanan Kering UMKM
100024000342,Mini Cargo,STR-JKT-003,Rizky Pratama,HUB-JAKTIM-RAWAMANGUN,-6.194218,106.883905,"Jl. Margonda Raya No. 150, RT 01/RW 04",Jakarta Timur,-6.173625,106.86075,-6.187051,106.877833,2026-09-20,06:51:00,07:15:00,13.4,52x49x33,Bulky_UMKM,N/A,Cerah,Sedang,Motorcycle,Assigned,2026-09-21 07:15:00,1440,1005,SAFE,Bahan Makanan Kering UMKM
100024000343,Next Day,STR-JKT-003,Rizky Pratama,HUB-JAKPUS-TANAHABANG,-6.187841,106.814327,"Jl. Asia Afrika No. 80, RT 06/RW 01",Jakarta Pusat,-6.238522,106.804362,-6.225623,106.80914,2026-09-19,15:07:00,15:25:00,1.3,25x22x15,Standard,N/A,Berawan,Sedang,Motorcycle,In_Transit,2026-09-20 15:25:00,1440,55,SAFE,Buku
100024000344,Regular,STR-JKT-013,Gilang Permana,HUB-JAKTIM-RAWAMANGUN,-6.194218,106.883905,"Jl. Asia Afrika No. 80, RT 05/RW 07",Jakarta Timur,-6.137866,106.821998,-6.15957,106.84821,2026-09-20,13:20:00,14:19:00,13.7,15x18x26,Standard,N/A,Berawan,Padat,Van,In_Transit,2026-09-21 14:19:00,1440,1429,SAFE,Olahraga
100024000345,Instant,STR-JKT-003,Rizky Pratama,HUB-BDG-BATUNUNGGAL,-6.953812,107.627419,"Jl. BSD Raya Utama Blok A2, RT 04/RW 05",Bandung,-6.936402,107.643965,-6.946741,107.636893,2026-09-20,10:52:00,11:40:00,2.7,27x19x11,Instant_Direct,N/A,Berawan,Padat,Motorcycle,In_Transit,2026-09-20 14:40:00,180,10,HIGH_RISK,Makanan Siap Saji
100024000346,Instant,STR-JKT-002,Agus Prayitno,HUB-JAKSEL-TEBET,-6.225588,106.855324,"Jl. Margonda Raya No. 150, RT 09/RW 02",Jakarta Selatan,-6.291683,106.896848,-6.264467,106.88042,2026-09-21,01:04:00,01:48:00,0.4,30x13x19,Instant_Direct,N/A,Cerah,Sedang,Motorcycle,In_Transit,2026-09-21 03:48:00,120,798,SAFE,Obat Darurat
100024000347,Regular,STR-JKT-009,Aris Munandar,HUB-SBY-GUBENG,-7.265412,112.752189,"Jl. Boulevard Barat Kelapa Gading, RT 05/RW 05",Surabaya,-7.256228,112.807396,-7.259799,112.785302,2026-09-19,10:17:00,10:38:00,1.8,31x28x16,Standard,N/A,Berawan,Sedang,Van,In_Transit,2026-09-21 10:38:00,2880,1208,SAFE,Perlengkapan Rumah
100024000348,Same Day,STR-BKS-001,Aditya Putra,HUB-BKS-HARAPANINDAH,-6.180215,106.984211,"Jl. Boulevard Barat Kelapa Gading, RT 09/RW 07",Bekasi,-6.238742,106.922918,-6.225538,106.936572,2026-09-21,00:22:00,00:47:00,3.7,28x24x25,Same_Day_Priority,N/A,Berawan,Padat,Motorcycle,In_Transit,2026-09-21 08:47:00,480,1097,SAFE,Gadget & Aksesoris
100024000349,Regular,STR-TGR-002,Surya Darma,HUB-DPK-MARGONDA,-6.372841,106.832714,"Jl. Raya Pajajaran No. 9, RT 01/RW 03",Depok,-6.424727,106.861347,-6.41427,106.852587,2026-09-18,03:17:00,03:41:00,1.9,26x28x19,Standard,N/A,Gerimis,Lancar,Van,In_Transit,2026-09-21 03:41:00,4320,791,SAFE,Pakaian
100024000350,Same Day,STR-JKT-002,Agus Prayitno,HUB-TGR-BSD,-6.302143,106.652194,"Jl. M.H. Thamrin No. 12, RT 05/RW 05",Tangerang Selatan,-6.329687,106.650224,-6.323677,106.651345,2026-09-20,06:24:00,07:00:00,6.2,28x25x19,Same_Day_Priority,N/A,Cerah,Sedang,Motorcycle,In_Transit,2026-09-20 15:00:00,480,30,MEDIUM_RISK,Gadget & Aksesoris
100024000351,Next Day,STR-TGR-001,Rian Kusuma,HUB-SBY-GUBENG,-7.265412,112.752189,"Jl. TB Simatupang No. 30, RT 06/RW 02",Surabaya,-7.316819,112.701582,-7.294456,112.723055,2026-09-20,13:20:00,13:45:00,3.7,16x24x18,Standard,N/A,Berawan,Lancar,Motorcycle,Assigned,2026-09-21 13:45:00,1440,1395,SAFE,Pakaian
100024000352,Next Day,STR-JKT-006,Fajar Ramadhan,HUB-JAKUT-SUNTER,-6.138472,106.865419,"Jl. Raya Darmo No. 55, RT 01/RW 09",Jakarta Utara,-6.129926,106.812748,-6.135689,106.837607,2026-09-19,14:17:00,15:00:00,9.6,23x16x17,Standard,N/A,Cerah,Lancar,Van,In_Transit,2026-09-20 15:00:00,1440,30,MEDIUM_RISK,Mainan Anak
100024000353,Next Day,STR-JKT-006,Fajar Ramadhan,HUB-TGR-BSD,-6.302143,106.652194,"Jl. Margonda Raya No. 150, RT 01/RW 09",Tangerang Selatan,-6.315891,106.588492,-6.315361,106.603824,2026-09-19,23:17:00,23:51:00,3.2,20x18x12,Standard,N/A,Cerah,Macet Total,Van,Delivered,2026-09-20 23:51:00,1440,561,SAFE,Sepatu
100024000354,Dokumen,STR-JKT-002,Agus Prayitno,HUB-JAKSEL-TEBET,-6.225588,106.855324,"Jl. Ahmad Yani No. 102, RT 03/RW 07",Jakarta Selatan,-6.209561,106.830865,-6.225528,106.85053,2026-09-18,23:23:00,23:53:00,0.17,35x25x2,Secure_Document_Pouch,N/A,Cerah,Padat,Motorcycle,Assigned,2026-09-20 23:53:00,2880,563,SAFE,Dokumen Penting
100024000355,Instant,STR-JKT-001,Budi Santoso,HUB-DPK-MARGONDA,-6.372841,106.832714,"Jl. Ir. H. Djuanda No. 120, RT 07/RW 02",Depok,-6.371634,106.833333,-6.373242,106.832128,2026-09-21,01:08:00,01:59:00,1.5,28x13x12,Instant_Direct,N/A,Berawan,Padat,Motorcycle,In_Transit,2026-09-21 04:59:00,180,869,SAFE,Minuman Segar
100024000356,Regular,STR-JKT-012,Wahyu Hidayat,HUB-BDG-BATUNUNGGAL,-6.953812,107.627419,"Jl. Ir. H. Djuanda No. 120, RT 07/RW 09",Bandung,-6.995328,107.692927,-6.967976,107.656055,2026-09-18,14:14:00,15:07:00,9.9,20x10x11,Standard,N/A,Berawan,Macet Total,Motorcycle,In_Transit,2026-09-20 15:07:00,2880,37,SAFE,Kecantikan
100024000357,Dokumen,STR-TGR-001,Rian Kusuma,HUB-TGR-BSD,-6.302143,106.652194,"Jl. Ir. H. Djuanda No. 120, RT 02/RW 05",Tangerang Selatan,-6.254202,106.61198,-6.268052,106.620465,2026-09-18,14:01:00,14:43:00,1.5,35x25x2,Secure_Document_Pouch,N/A,Cerah,Sedang,Motorcycle,In_Transit,2026-09-20 14:43:00,2880,13,HIGH_RISK,Dokumen Penting
100024000358,Next Day,STR-JKT-005,Eko Prasetyo,HUB-TGR-BSD,-6.302143,106.652194,"Jl. Panjang No. 14, RT 04/RW 06",Tangerang Selatan,-6.248393,106.714551,-6.267304,106.690519,2026-09-20,06:31:00,06:46:00,6.6,15x29x25,Standard,N/A,Hujan Deras,Lancar,Motorcycle,In_Transit,2026-09-21 06:46:00,1440,976,SAFE,Pakaian
100024000359,Same Day,STR-JKT-003,Rizky Pratama,HUB-DPK-MARGONDA,-6.372841,106.832714,"Jl. Sudirman No. 45, RT 08/RW 02",Depok,-6.336096,106.838052,-6.346184,106.833922,2026-09-20,19:28:00,19:55:00,6.0,15x13x24,Same_Day_Priority,N/A,Berawan,Lancar,Motorcycle,In_Transit,2026-09-21 03:55:00,480,805,SAFE,Snack & Makanan Kering
100024000360,Regular,STR-JKT-008,Bayu Nugroho,HUB-JAKSEL-TEBET,-6.225588,106.855324,"Jl. Pemuda No. 71, RT 04/RW 04",Jakarta Selatan,-6.189409,106.880602,-6.204051,106.873562,2026-09-18,02:41:00,03:28:00,0.4,35x22x13,Standard,N/A,Cerah,Sedang,Motorcycle,In_Transit,2026-09-21 03:28:00,4320,778,SAFE,Perlengkapan Rumah
100024000361,Next Day,STR-JKT-011,Doni Kurniawan,HUB-SBY-GUBENG,-7.265412,112.752189,"Jl. TB Simatupang No. 30, RT 05/RW 04",Surabaya,-7.241307,112.766605,-7.258305,112.757599,2026-09-19,23:51:00,00:26:00,7.0,29x10x23,Standard,N/A,Cerah,Sedang,Motorcycle,In_Transit,2026-09-21 00:26:00,1440,596,SAFE,Pakaian
100024000362,Frozen,STR-JKT-004,Hendra Wijaya,HUB-JAKUT-SUNTER,-6.138472,106.865419,"Jl. Kebon Jeruk Raya No. 88, RT 01/RW 05",Jakarta Utara,-6.191432,106.86798,-6.164684,106.863952,2026-09-21,00:45:00,01:15:00,4.3,38x15x22,Cold_Chain_-2_to_5C,4.2,Cerah,Lancar,Van,In_Transit,2026-09-21 09:15:00,480,1125,SAFE,Minuman Dingin
100024000363,Same Day,STR-JKT-011,Doni Kurniawan,HUB-JAKBAR-KEBONJERUK,-6.189512,106.769941,"Jl. Ahmad Yani No. 102, RT 05/RW 04",Jakarta Barat,-6.171873,106.713483,-6.179092,106.743059,2026-09-20,05:40:00,06:35:00,3.9,22x12x24,Same_Day_Priority,N/A,Banjir,Macet Total,Motorcycle,In_Transit,2026-09-20 14:35:00,480,5,HIGH_RISK,Pakaian
100024000364,Regular,STR-JKT-002,Agus Prayitno,HUB-JAKSEL-TEBET,-6.225588,106.855324,"Jl. M.H. Thamrin No. 12, RT 08/RW 01",Jakarta Selatan,-6.167248,106.838159,-6.179328,106.84375,2026-09-18,11:46:00,12:27:00,8.5,24x22x22,Standard,N/A,Cerah,Lancar,Motorcycle,In_Transit,2026-09-21 12:27:00,4320,1317,SAFE,Pakaian
100024000365,Instant,STR-BKS-001,Aditya Putra,HUB-SBY-GUBENG,-7.265412,112.752189,"Jl. Ahmad Yani No. 102, RT 01/RW 08",Surabaya,-7.333927,112.735938,-7.311546,112.741421,2026-09-21,07:27:00,08:08:00,3.6,28x16x9,Instant_Direct,N/A,Cerah,Lancar,Motorcycle,In_Transit,2026-09-21 11:08:00,180,1238,SAFE,Obat Darurat
100024000366,Instant,STR-JKT-008,Bayu Nugroho,HUB-JAKTIM-RAWAMANGUN,-6.194218,106.883905,"Jl. Boulevard Barat Kelapa Gading, RT 05/RW 09",Jakarta Timur,-6.230177,106.925489,-6.202264,106.891519,2026-09-20,17:24:00,18:06:00,2.0,10x14x6,Instant_Direct,N/A,Cerah,Sedang,Motorcycle,In_Transit,2026-09-20 20:06:00,120,336,SAFE,Minuman Segar
100024000367,Frozen,STR-TGR-002,Surya Darma,HUB-JAKPUS-TANAHABANG,-6.187841,106.814327,"Jl. Basuki Rahmat No. 40, RT 06/RW 06",Jakarta Pusat,-6.147904,106.792144,-6.162011,106.80352,2026-09-20,20:38:00,21:22:00,11.0,35x22x15,Cold_Chain_-2_to_5C,2.6,Cerah,Lancar,Van,In_Transit,2026-09-21 05:22:00,480,892,SAFE,Daging & Seafood
100024000368,Regular,STR-JKT-014,Ilham Saputra,HUB-TGR-BSD,-6.302143,106.652194,"Jl. Sudirman No. 45, RT 02/RW 06",Tangerang Selatan,-6.259125,106.634822,-6.281679,106.641761,2026-09-19,13:23:00,13:52:00,0.9,15x16x16,Standard,N/A,Cerah,Padat,Motorcycle,Incident_Reported,2026-09-20 13:52:00,1440,-38,BREACHED,Perlengkapan Rumah
100024000369,Dokumen,STR-JKT-014,Ilham Saputra,HUB-TGR-BSD,-6.302143,106.652194,"Jl. H.R. Rasuna Said No. 8, RT 01/RW 03",Tangerang Selatan,-6.253488,106.616629,-6.290113,106.640551,2026-09-18,18:14:00,18:52:00,0.44,35x25x2,Secure_Document_Pouch,N/A,Cerah,Lancar,Motorcycle,In_Transit,2026-09-20 18:52:00,2880,262,SAFE,Dokumen Penting
100024000370,Frozen,STR-TGR-001,Rian Kusuma,HUB-SBY-GUBENG,-7.265412,112.752189,"Jl. Kemang Raya No. 5, RT 04/RW 09",Surabaya,-7.211979,112.805163,-7.257085,112.765104,2026-09-20,19:33:00,19:51:00,3.3,21x21x24,Cold_Chain_-2_to_5C,0.3,Cerah,Lancar,Motorcycle,In_Transit,2026-09-21 03:51:00,480,801,SAFE,Daging & Seafood
100024000371,Same Day,STR-TGR-001,Rian Kusuma,HUB-JAKTIM-RAWAMANGUN,-6.194218,106.883905,"Jl. Raya Pajajaran No. 9, RT 02/RW 03",Jakarta Timur,-6.145008,106.949479,-6.158067,106.931891,2026-09-21,04:21:00,05:06:00,3.5,25x21x25,Same_Day_Priority,N/A,Berawan,Lancar,Motorcycle,In_Transit,2026-09-21 13:06:00,480,1356,SAFE,Gadget & Aksesoris
100024000372,Same Day,STR-JKT-008,Bayu Nugroho,HUB-SBY-GUBENG,-7.265412,112.752189,"Jl. Kemang Raya No. 5, RT 05/RW 07",Surabaya,-7.244449,112.711197,-7.249423,112.718768,2026-09-21,01:47:00,02:35:00,4.1,19x12x19,Same_Day_Priority,N/A,Cerah,Padat,Motorcycle,In_Transit,2026-09-21 10:35:00,480,1205,SAFE,Gadget & Aksesoris
100024000373,Instant,STR-JKT-002,Agus Prayitno,HUB-DPK-MARGONDA,-6.372841,106.832714,"Jl. Raya Pajajaran No. 9, RT 06/RW 05",Depok,-6.371124,106.809806,-6.372446,106.821248,2026-09-20,18:51:00,19:12:00,1.9,12x19x7,Instant_Direct,N/A,Cerah,Lancar,Motorcycle,In_Transit,2026-09-20 21:12:00,120,402,SAFE,Obat Darurat
100024000374,Same Day,STR-JKT-008,Bayu Nugroho,HUB-BDG-BATUNUNGGAL,-6.953812,107.627419,"Jl. Panjang No. 14, RT 04/RW 03",Bandung,-6.995769,107.584949,-6.970959,107.613154,2026-09-21,00:52:00,01:37:00,2.3,26x22x22,Same_Day_Priority,N/A,Gerimis,Lancar,Motorcycle,In_Transit,2026-09-21 09:37:00,480,1147,SAFE,Pakaian
100024000375,Frozen,STR-TGR-002,Surya Darma,HUB-JAKTIM-RAWAMANGUN,-6.194218,106.883905,"Jl. Raya Darmo No. 55, RT 09/RW 08",Jakarta Timur,-6.143053,106.845766,-6.162377,106.857275,2026-09-20,22:33:00,22:49:00,2.7,33x21x29,Cold_Chain_-2_to_5C,3.6,Cerah,Lancar,Van,In_Transit,2026-09-21 06:49:00,480,979,SAFE,Minuman Dingin
100024000376,Next Day,STR-JKT-012,Wahyu Hidayat,HUB-JAKTIM-RAWAMANGUN,-6.194218,106.883905,"Jl. Kebon Jeruk Raya No. 88, RT 07/RW 07",Jakarta Timur,-6.221438,106.917198,-6.206871,106.899675,2026-09-20,04:27:00,04:51:00,3.6,15x28x11,Standard,N/A,Berawan,Sedang,Motorcycle,Delivered,2026-09-21 04:51:00,1440,861,SAFE,Sepatu
100024000377,Frozen,STR-JKT-011,Doni Kurniawan,HUB-SBY-GUBENG,-7.265412,112.752189,"Jl. Kemang Raya No. 5, RT 07/RW 02",Surabaya,-7.247234,112.766609,-7.252749,112.763369,2026-09-20,13:04:00,13:30:00,7.8,29x17x20,Cold_Chain_-2_to_5C,2.5,Cerah,Lancar,Motorcycle,In_Transit,2026-09-20 21:30:00,480,420,SAFE,Makanan Beku
100024000378,Dokumen,STR-JKT-012,Wahyu Hidayat,HUB-DPK-MARGONDA,-6.372841,106.832714,"Jl. Pemuda No. 71, RT 09/RW 02",Depok,-6.439084,106.790574,-6.425721,106.797745,2026-09-19,03:17:00,03:39:00,0.65,35x25x2,Secure_Document_Pouch,N/A,Cerah,Lancar,Motorcycle,In_Transit,2026-09-21 03:39:00,2880,789,SAFE,Dokumen Penting
100024000379,Same Day,STR-JKT-005,Eko Prasetyo,HUB-JAKBAR-KEBONJERUK,-6.189512,106.769941,"Jl. Raya Pajajaran No. 9, RT 03/RW 05",Jakarta Barat,-6.205053,106.826443,-6.191867,106.785441,2026-09-20,23:21:00,00:14:00,0.5,19x24x12,Same_Day_Priority,N/A,Berawan,Sedang,Motorcycle,Assigned,2026-09-21 08:14:00,480,1064,SAFE,Gadget & Aksesoris
100024000380,Next Day,STR-TGR-002,Surya Darma,HUB-SBY-GUBENG,-7.265412,112.752189,"Jl. Juanda No. 34, RT 06/RW 05",Surabaya,-7.212318,112.746618,-7.234612,112.747834,2026-09-19,20:23:00,21:03:00,4.8,36x15x28,Standard,N/A,Cerah,Lancar,Van,In_Transit,2026-09-20 21:03:00,1440,393,SAFE,Pakaian
100024000381,Regular,STR-JKT-004,Hendra Wijaya,HUB-JAKTIM-RAWAMANGUN,-6.194218,106.883905,"Jl. Kemang Raya No. 5, RT 08/RW 07",Jakarta Timur,-6.225889,106.901837,-6.202942,106.891447,2026-09-20,09:26:00,09:57:00,7.7,39x20x23,Standard,N/A,Cerah,Lancar,Van,In_Transit,2026-09-21 09:57:00,1440,1167,SAFE,Kecantikan
100024000382,Regular,STR-BKS-001,Aditya Putra,HUB-JAKSEL-TEBET,-6.225588,106.855324,"Jl. Kemang Raya No. 5, RT 07/RW 01",Jakarta Selatan,-6.285341,106.882552,-6.266623,106.875174,2026-09-17,13:09:00,13:52:00,7.4,17x12x27,Standard,N/A,Hujan Deras,Sedang,Motorcycle,In_Transit,2026-09-20 13:52:00,4320,-38,BREACHED,Elektronik
100024000383,Mini Cargo,STR-JKT-014,Ilham Saputra,HUB-JAKTIM-RAWAMANGUN,-6.194218,106.883905,"Jl. BSD Raya Utama Blok A2, RT 03/RW 02",Jakarta Timur,-6.240336,106.816434,-6.205616,106.869245,2026-09-18,14:28:00,15:27:00,10.5,52x26x48,Bulky_UMKM,N/A,Berawan,Lancar,Motorcycle,In_Transit,2026-09-20 15:27:00,2880,57,SAFE,Tekstil & Garmen
100024000384,Instant,STR-JKT-005,Eko Prasetyo,HUB-BDG-BATUNUNGGAL,-6.953812,107.627419,"Jl. M.H. Thamrin No. 12, RT 01/RW 01",Bandung,-6.93407,107.657716,-6.939111,107.649837,2026-09-20,18:31:00,18:58:00,1.2,10x23x5,Instant_Direct,N/A,Gerimis,Lancar,Motorcycle,In_Transit,2026-09-20 21:58:00,180,448,SAFE,Makanan Siap Saji
100024000385,Regular,STR-TGR-001,Rian Kusuma,HUB-JAKBAR-KEBONJERUK,-6.189512,106.769941,"Jl. H.R. Rasuna Said No. 8, RT 06/RW 06",Jakarta Barat,-6.147943,106.816204,-6.180389,106.781811,2026-09-18,20:58:00,21:33:00,14.1,18x17x16,Standard,N/A,Berawan,Padat,Motorcycle,In_Transit,2026-09-20 21:33:00,2880,423,SAFE,Pakaian
100024000386,Same Day,STR-JKT-014,Ilham Saputra,HUB-TGR-BSD,-6.302143,106.652194,"Jl. Basuki Rahmat No. 40, RT 06/RW 01",Tangerang Selatan,-6.370466,106.611982,-6.32197,106.638638,2026-09-20,06:14:00,06:35:00,6.9,18x27x15,Same_Day_Priority,N/A,Gerimis,Macet Total,Motorcycle,In_Transit,2026-09-20 14:35:00,480,5,HIGH_RISK,Snack & Makanan Kering
100024000387,Frozen,STR-JKT-013,Gilang Permana,HUB-BKS-HARAPANINDAH,-6.180215,106.984211,"Jl. Ahmad Yani No. 102, RT 08/RW 02",Bekasi,-6.155309,107.050342,-6.165392,107.027056,2026-09-21,03:29:00,03:51:00,7.9,27x15x22,Cold_Chain_-2_to_5C,2.1,Gerimis,Lancar,Van,In_Transit,2026-09-21 11:51:00,480,1281,SAFE,Makanan Beku
100024000388,Dokumen,STR-JKT-011,Doni Kurniawan,HUB-JAKPUS-TANAHABANG,-6.187841,106.814327,"Jl. Kemang Raya No. 5, RT 01/RW 04",Jakarta Pusat,-6.171074,106.752716,-6.182151,106.786843,2026-09-19,10:54:00,11:29:00,0.29,35x25x2,Secure_Document_Pouch,N/A,Hujan Deras,Lancar,Motorcycle,In_Transit,2026-09-21 11:29:00,2880,1259,SAFE,Dokumen Penting
100024000389,Cargo,STR-JKT-009,Aris Munandar,HUB-BDG-BATUNUNGGAL,-6.953812,107.627419,"Jl. Ahmad Yani No. 102, RT 06/RW 04",Bandung,-6.912963,107.615504,-6.922942,107.617227,2026-09-17,14:11:00,14:46:00,237.3,94x86x78,Heavy_Cargo,N/A,Gerimis,Sedang,Van,In_Transit,2026-09-20 14:46:00,4320,16,MEDIUM_RISK,Grosir Bahan Industri
100024000390,Instant,STR-JKT-014,Ilham Saputra,HUB-JAKBAR-KEBONJERUK,-6.189512,106.769941,"Jl. Kemang Raya No. 5, RT 03/RW 02",Jakarta Barat,-6.137731,106.709739,-6.173962,106.750649,2026-09-20,12:17:00,12:51:00,1.7,16x17x18,Instant_Direct,N/A,Cerah,Lancar,Motorcycle,In_Transit,2026-09-20 14:51:00,120,21,MEDIUM_RISK,Minuman Segar
100024000391,Next Day,STR-DPK-001,Indra Gunawan,HUB-JAKPUS-TANAHABANG,-6.187841,106.814327,"Jl. Senopati No. 18, RT 08/RW 08",Jakarta Pusat,-6.21978,106.853707,-6.191585,106.821829,2026-09-20,11:00:00,11:53:00,0.7,27x23x12,Standard,N/A,Berawan,Sedang,Motorcycle,In_Transit,2026-09-21 11:53:00,1440,1283,SAFE,Elektronik Kecil
100024000392,Next Day,STR-JKT-001,Budi Santoso,HUB-JAKTIM-RAWAMANGUN,-6.194218,106.883905,"Jl. Gatot Subroto Kav. 22, RT 06/RW 03",Jakarta Timur,-6.228197,106.878816,-6.210853,106.882162,2026-09-19,21:04:00,21:45:00,8.7,38x21x25,Standard,N/A,Cerah,Lancar,Motorcycle,Delivered,2026-09-20 21:45:00,1440,435,SAFE,Buku
100024000393,Frozen,STR-TGR-002,Surya Darma,HUB-TGR-BSD,-6.302143,106.652194,"Jl. H.R. Rasuna Said No. 8, RT 07/RW 03",Tangerang Selatan,-6.318378,106.625288,-6.318374,106.631869,2026-09-20,06:16:00,06:58:00,8.8,36x30x26,Cold_Chain_-2_to_5C,2.3,Hujan Deras,Sedang,Van,In_Transit,2026-09-20 14:58:00,480,28,MEDIUM_RISK,Makanan Beku
100024000394,Regular,STR-JKT-006,Fajar Ramadhan,HUB-JAKSEL-TEBET,-6.225588,106.855324,"Jl. TB Simatupang No. 30, RT 05/RW 08",Jakarta Selatan,-6.166582,106.835922,-6.190384,106.843812,2026-09-18,19:06:00,20:06:00,0.5,39x12x30,Standard,N/A,Cerah,Sedang,Van,In_Transit,2026-09-20 20:06:00,2880,336,SAFE,Kecantikan
100024000395,PHARMA,STR-JKT-002,Agus Prayitno,HUB-BDG-BATUNUNGGAL,-6.953812,107.627419,"Jl. Asia Afrika No. 80, RT 09/RW 07",Bandung,-6.896419,107.68006,-6.93898,107.642577,2026-09-20,16:08:00,17:07:00,1.2,26x12x14,BPOM_Pharma,23.4,Berawan,Padat,Motorcycle,In_Transit,2026-09-21 05:07:00,720,877,SAFE,Obat Resep
100024000396,Frozen,STR-JKT-003,Rizky Pratama,HUB-DPK-MARGONDA,-6.372841,106.832714,"Jl. Margonda Raya No. 150, RT 03/RW 03",Depok,-6.44262,106.772492,-6.41717,106.795254,2026-09-20,11:13:00,11:40:00,5.7,26x20x21,Cold_Chain_-2_to_5C,2.9,Cerah,Lancar,Motorcycle,In_Transit,2026-09-20 19:40:00,480,310,SAFE,Makanan Beku
100024000397,PHARMA,STR-JKT-009,Aris Munandar,HUB-BKS-HARAPANINDAH,-6.180215,106.984211,"Jl. Gatot Subroto Kav. 22, RT 07/RW 02",Bekasi,-6.188513,107.042027,-6.181275,106.994782,2026-09-20,19:48:00,20:45:00,5.82,18x10x10,BPOM_Pharma,21.8,Cerah,Lancar,Van,In_Transit,2026-09-21 02:45:00,360,735,SAFE,Vaksin & Biologis
100024000398,Frozen,STR-JKT-009,Aris Munandar,HUB-JAKBAR-KEBONJERUK,-6.189512,106.769941,"Jl. Panjang No. 14, RT 08/RW 08",Jakarta Barat,-6.229962,106.810791,-6.206096,106.789583,2026-09-21,03:05:00,03:42:00,12.0,27x26x27,Cold_Chain_-2_to_5C,2.0,Cerah,Lancar,Van,Assigned,2026-09-21 11:42:00,480,1272,SAFE,Minuman Dingin
100024000399,Mini Cargo,STR-DPK-001,Indra Gunawan,HUB-JAKSEL-TEBET,-6.225588,106.855324,"Jl. Basuki Rahmat No. 40, RT 02/RW 09",Jakarta Selatan,-6.231619,106.883087,-6.227226,106.871416,2026-09-19,22:39:00,23:34:00,21.7,51x31x20,Bulky_UMKM,N/A,Cerah,Sedang,Motorcycle,In_Transit,2026-09-20 23:34:00,1440,544,SAFE,Bahan Makanan Kering UMKM
100024000400,Regular,STR-JKT-008,Bayu Nugroho,HUB-TGR-BSD,-6.302143,106.652194,"Jl. Boulevard Barat Kelapa Gading, RT 07/RW 08",Tangerang Selatan,-6.277233,106.614892,-6.288522,106.635711,2026-09-19,17:44:00,18:30:00,10.8,31x28x26,Standard,N/A,Berawan,Lancar,Motorcycle,Assigned,2026-09-20 18:30:00,1440,240,SAFE,Pakaian
100024000401,Same Day,STR-JKT-001,Budi Santoso,HUB-BDG-BATUNUNGGAL,-6.953812,107.627419,"Jl. Ir. H. Djuanda No. 120, RT 04/RW 04",Bandung,-6.885601,107.622771,-6.898049,107.623698,2026-09-20,06:16:00,06:47:00,1.5,25x22x18,Same_Day_Priority,N/A,Cerah,Macet Total,Motorcycle,In_Transit,2026-09-20 14:47:00,480,17,MEDIUM_RISK,Kosmetik
100024000402,Frozen,STR-TGR-001,Rian Kusuma,HUB-JAKBAR-KEBONJERUK,-6.189512,106.769941,"Jl. Ahmad Yani No. 102, RT 04/RW 02",Jakarta Barat,-6.166345,106.829124,-6.175811,106.806838,2026-09-20,19:24:00,19:57:00,4.9,40x28x22,Cold_Chain_-2_to_5C,-0.2,Gerimis,Sedang,Motorcycle,In_Transit,2026-09-21 03:57:00,480,807,SAFE,Daging & Seafood
100024000403,Regular,STR-TGR-002,Surya Darma,HUB-SBY-GUBENG,-7.265412,112.752189,"Jl. BSD Raya Utama Blok A2, RT 01/RW 05",Surabaya,-7.204203,112.786435,-7.25205,112.762229,2026-09-17,14:11:00,14:40:00,5.0,26x14x26,Standard,N/A,Berawan,Padat,Van,In_Transit,2026-09-20 14:40:00,4320,10,HIGH_RISK,Olahraga
100024000404,Regular,STR-JKT-004,Hendra Wijaya,HUB-DPK-MARGONDA,-6.372841,106.832714,"Jl. TB Simatupang No. 30, RT 05/RW 03",Depok,-6.398611,106.876975,-6.383747,106.849629,2026-09-18,15:42:00,16:15:00,4.3,37x28x25,Standard,N/A,Berawan,Lancar,Van,Assigned,2026-09-20 16:15:00,2880,105,SAFE,Elektronik
100024000405,Same Day,STR-JKT-003,Rizky Pratama,HUB-TGR-BSD,-6.302143,106.652194,"Jl. M.H. Thamrin No. 12, RT 03/RW 08",Tangerang Selatan,-6.350765,106.682541,-6.335694,106.673112,2026-09-20,16:19:00,17:17:00,6.9,32x22x20,Same_Day_Priority,N/A,Hujan Deras,Sedang,Motorcycle,In_Transit,2026-09-21 01:17:00,480,647,SAFE,Gadget & Aksesoris
100024000406,Same Day,STR-JKT-001,Budi Santoso,HUB-BKS-HARAPANINDAH,-6.180215,106.984211,"Jl. Ir. H. Djuanda No. 120, RT 07/RW 02",Bekasi,-6.195466,106.988109,-6.184346,106.983739,2026-09-20,06:01:00,06:44:00,6.0,24x24x15,Same_Day_Priority,N/A,Hujan Deras,Macet Total,Motorcycle,In_Transit,2026-09-20 14:44:00,480,14,HIGH_RISK,Kosmetik
100024000407,Same Day,STR-JKT-001,Budi Santoso,HUB-JAKTIM-RAWAMANGUN,-6.194218,106.883905,"Jl. Raya Darmo No. 55, RT 02/RW 03",Jakarta Timur,-6.234851,106.926515,-6.204971,106.895306,2026-09-20,20:52:00,21:39:00,1.1,30x15x11,Same_Day_Priority,N/A,Berawan,Lancar,Motorcycle,In_Transit,2026-09-21 05:39:00,480,909,SAFE,Pakaian
100024000408,Instant,STR-DPK-001,Indra Gunawan,HUB-JAKTIM-RAWAMANGUN,-6.194218,106.883905,"Jl. Basuki Rahmat No. 40, RT 03/RW 07",Jakarta Timur,-6.176442,106.870464,-6.192683,106.881501,2026-09-21,11:36:00,11:58:00,2.0,30x24x16,Instant_Direct,N/A,Berawan,Sedang,Motorcycle,In_Transit,2026-09-21 13:58:00,120,1408,SAFE,Makanan Siap Saji
100024000409,Next Day,STR-JKT-005,Eko Prasetyo,HUB-BDG-BATUNUNGGAL,-6.953812,107.627419,"Jl. H.R. Rasuna Said No. 8, RT 03/RW 07",Bandung,-6.992321,107.639578,-6.986327,107.638809,2026-09-20,12:06:00,13:05:00,1.4,17x27x15,Standard,N/A,Berawan,Lancar,Motorcycle,In_Transit,2026-09-21 13:05:00,1440,1355,SAFE,Buku
100024000410,Next Day,STR-JKT-013,Gilang Permana,HUB-BDG-BATUNUNGGAL,-6.953812,107.627419,"Jl. H.R. Rasuna Said No. 8, RT 04/RW 02",Bandung,-6.914126,107.631631,-6.94406,107.628473,2026-09-19,14:30:00,14:50:00,1.7,19x28x16,Standard,N/A,Cerah,Lancar,Van,In_Transit,2026-09-20 14:50:00,1440,20,MEDIUM_RISK,Sepatu
100024000411,Mini Cargo,STR-BKS-001,Aditya Putra,HUB-JAKSEL-TEBET,-6.225588,106.855324,"Jl. Sudirman No. 45, RT 04/RW 05",Jakarta Selatan,-6.283743,106.802784,-6.243668,106.834492,2026-09-19,13:19:00,14:18:00,9.2,45x47x30,Bulky_UMKM,N/A,Banjir,Sedang,Motorcycle,In_Transit,2026-09-20 14:18:00,1440,-12,BREACHED,Bahan Makanan Kering UMKM
100024000412,Mini Cargo,STR-JKT-011,Doni Kurniawan,HUB-JAKPUS-TANAHABANG,-6.187841,106.814327,"Jl. Ir. H. Djuanda No. 120, RT 04/RW 06",Jakarta Pusat,-6.252698,106.76416,-6.238144,106.774544,2026-09-20,11:48:00,12:19:00,17.3,58x30x32,Bulky_UMKM,N/A,Cerah,Sedang,Motorcycle,In_Transit,2026-09-21 12:19:00,1440,1309,SAFE,Sparepart Motor
100024000413,Frozen,STR-TGR-002,Surya Darma,HUB-JAKTIM-RAWAMANGUN,-6.194218,106.883905,"Jl. Kemang Raya No. 5, RT 06/RW 09",Jakarta Timur,-6.189191,106.823783,-6.187914,106.845233,2026-09-20,21:02:00,21:24:00,5.5,20x22x17,Cold_Chain_-2_to_5C,-1.0,Berawan,Lancar,Van,In_Transit,2026-09-21 05:24:00,480,894,SAFE,Buah & Sayuran Segar
100024000414,Same Day,STR-JKT-002,Agus Prayitno,HUB-TGR-BSD,-6.302143,106.652194,"Jl. Kebon Jeruk Raya No. 88, RT 05/RW 01",Tangerang Selatan,-6.282518,106.632989,-6.295978,106.647043,2026-09-20,05:47:00,06:35:00,1.6,24x28x25,Same_Day_Priority,N/A,Gerimis,Sedang,Motorcycle,In_Transit,2026-09-20 14:35:00,480,5,HIGH_RISK,Pakaian
100024000415,Next Day,STR-TGR-001,Rian Kusuma,HUB-JAKUT-SUNTER,-6.138472,106.865419,"Jl. BSD Raya Utama Blok A2, RT 03/RW 06",Jakarta Utara,-6.131256,106.880464,-6.134836,106.879797,2026-09-20,13:13:00,14:13:00,5.0,19x18x10,Standard,N/A,Hujan Deras,Sedang,Motorcycle,In_Transit,2026-09-21 14:13:00,1440,1423,SAFE,Mainan Anak
100024000416,Regular,STR-JKT-011,Doni Kurniawan,HUB-BKS-HARAPANINDAH,-6.180215,106.984211,"Jl. Kebon Jeruk Raya No. 88, RT 07/RW 08",Bekasi,-6.170756,106.951643,-6.17188,106.957608,2026-09-18,14:15:00,14:56:00,14.3,31x17x19,Standard,N/A,Berawan,Sedang,Motorcycle,In_Transit,2026-09-20 14:56:00,2880,26,MEDIUM_RISK,Pakaian
100024000417,Mini Cargo,STR-JKT-005,Eko Prasetyo,HUB-JAKBAR-KEBONJERUK,-6.189512,106.769941,"Jl. Pemuda No. 71, RT 09/RW 08",Jakarta Barat,-6.248775,106.733546,-6.201834,106.759604,2026-09-18,15:11:00,15:26:00,20.6,46x46x41,Bulky_UMKM,N/A,Hujan Deras,Lancar,Motorcycle,In_Transit,2026-09-20 15:26:00,2880,56,SAFE,Paket UMKM
100024000418,PHARMA,STR-JKT-004,Hendra Wijaya,HUB-JAKSEL-TEBET,-6.225588,106.855324,"Jl. Asia Afrika No. 80, RT 01/RW 08",Jakarta Selatan,-6.195606,106.883687,-6.206892,106.875896,2026-09-21,01:20:00,02:06:00,1.73,26x12x18,BPOM_Pharma,23.6,Gerimis,Sedang,Van,In_Transit,2026-09-21 14:06:00,720,1416,SAFE,Vaksin & Biologis
100024000419,Same Day,STR-JKT-012,Wahyu Hidayat,HUB-JAKBAR-KEBONJERUK,-6.189512,106.769941,"Jl. Pemuda No. 71, RT 05/RW 08",Jakarta Barat,-6.212198,106.79501,-6.204018,106.790444,2026-09-20,13:27:00,14:21:00,1.9,24x30x11,Same_Day_Priority,N/A,Cerah,Sedang,Motorcycle,Assigned,2026-09-20 22:21:00,480,471,SAFE,Gadget & Aksesoris
100024000420,Regular,STR-JKT-005,Eko Prasetyo,HUB-JAKSEL-TEBET,-6.225588,106.855324,"Jl. Senopati No. 18, RT 07/RW 06",Jakarta Selatan,-6.209414,106.831321,-6.222124,106.848119,2026-09-19,13:27:00,14:12:00,6.3,30x10x14,Standard,N/A,Gerimis,Lancar,Motorcycle,In_Transit,2026-09-20 14:12:00,1440,-18,BREACHED,Perlengkapan Rumah
100024000421,Same Day,STR-JKT-005,Eko Prasetyo,HUB-BKS-HARAPANINDAH,-6.180215,106.984211,"Jl. Juanda No. 34, RT 03/RW 03",Bekasi,-6.125308,106.989311,-6.158685,106.986876,2026-09-20,21:12:00,21:53:00,1.2,24x11x14,Same_Day_Priority,N/A,Cerah,Padat,Motorcycle,Assigned,2026-09-21 05:53:00,480,923,SAFE,Gadget & Aksesoris
100024000422,PHARMA,STR-JKT-009,Aris Munandar,HUB-JAKTIM-RAWAMANGUN,-6.194218,106.883905,"Jl. Raya Pajajaran No. 9, RT 09/RW 08",Jakarta Timur,-6.170949,106.946678,-6.172198,106.933204,2026-09-20,13:01:00,13:25:00,4.42,27x12x11,BPOM_Pharma,22.1,Cerah,Sedang,Van,In_Transit,2026-09-20 19:25:00,360,295,SAFE,Alat Kesehatan
100024000423,Regular,STR-JKT-006,Fajar Ramadhan,HUB-JAKPUS-TANAHABANG,-6.187841,106.814327,"Jl. Raya Pajajaran No. 9, RT 05/RW 05",Jakarta Pusat,-6.250555,106.860504,-6.215528,106.83219,2026-09-18,05:01:00,05:43:00,4.0,39x13x18,Standard,N/A,Cerah,Lancar,Van,In_Transit,2026-09-21 05:43:00,4320,913,SAFE,Elektronik
100024000424,Dokumen,STR-JKT-003,Rizky Pratama,HUB-JAKBAR-KEBONJERUK,-6.189512,106.769941,"Jl. TB Simatupang No. 30, RT 04/RW 02",Jakarta Barat,-6.161352,106.770268,-6.178761,106.770579,2026-09-18,13:38:00,14:32:00,0.7,35x25x2,Secure_Document_Pouch,N/A,Berawan,Sedang,Motorcycle,In_Transit,2026-09-20 14:32:00,2880,2,HIGH_RISK,Dokumen Penting
100024000425,Mini Cargo,STR-JKT-011,Doni Kurniawan,HUB-BKS-HARAPANINDAH,-6.180215,106.984211,"Jl. Raya Pajajaran No. 9, RT 01/RW 09",Bekasi,-6.193193,106.957113,-6.189527,106.96715,2026-09-19,16:24:00,16:50:00,36.1,52x38x27,Bulky_UMKM,N/A,Cerah,Lancar,Motorcycle,In_Transit,2026-09-20 16:50:00,1440,140,SAFE,Bahan Makanan Kering UMKM
100024000426,Regular,STR-JKT-005,Eko Prasetyo,HUB-TGR-BSD,-6.302143,106.652194,"Jl. Raya Pajajaran No. 9, RT 06/RW 06",Tangerang Selatan,-6.342466,106.648282,-6.33623,106.647228,2026-09-17,17:45:00,18:23:00,5.2,38x21x28,Standard,N/A,Berawan,Sedang,Motorcycle,In_Transit,2026-09-20 18:23:00,4320,233,SAFE,Olahraga
100024000427,Same Day,STR-JKT-011,Doni Kurniawan,HUB-SBY-GUBENG,-7.265412,112.752189,"Jl. Raya Darmo No. 55, RT 04/RW 04",Surabaya,-7.281645,112.806396,-7.267874,112.762993,2026-09-20,10:04:00,10:27:00,2.5,30x16x14,Same_Day_Priority,N/A,Cerah,Sedang,Motorcycle,In_Transit,2026-09-20 18:27:00,480,237,SAFE,Pakaian
100024000428,Next Day,STR-JKT-001,Budi Santoso,HUB-JAKUT-SUNTER,-6.138472,106.865419,"Jl. Boulevard Barat Kelapa Gading, RT 08/RW 02",Jakarta Utara,-6.08365,106.901729,-6.097418,106.891455,2026-09-19,16:32:00,17:23:00,2.1,23x14x19,Standard,N/A,Cerah,Sedang,Motorcycle,In_Transit,2026-09-20 17:23:00,1440,173,SAFE,Pakaian
100024000429,Frozen,STR-JKT-004,Hendra Wijaya,HUB-JAKPUS-TANAHABANG,-6.187841,106.814327,"Jl. Senopati No. 18, RT 08/RW 09",Jakarta Pusat,-6.154141,106.799976,-6.164413,106.808125,2026-09-20,19:24:00,20:24:00,0.5,38x21x15,Cold_Chain_-2_to_5C,1.1,Cerah,Lancar,Van,Assigned,2026-09-21 04:24:00,480,834,SAFE,Makanan Hewan
100024000430,Same Day,STR-JKT-001,Budi Santoso,HUB-JAKPUS-TANAHABANG,-6.187841,106.814327,"Jl. Pemuda No. 71, RT 01/RW 03",Jakarta Pusat,-6.21635,106.781919,-6.196151,106.806965,2026-09-20,15:37:00,16:33:00,4.7,22x16x13,Same_Day_Priority,N/A,Gerimis,Lancar,Motorcycle,In_Transit,2026-09-21 00:33:00,480,603,SAFE,Pakaian
100024000431,Instant,STR-JKT-005,Eko Prasetyo,HUB-TGR-BSD,-6.302143,106.652194,"Jl. Basuki Rahmat No. 40, RT 05/RW 06",Tangerang Selatan,-6.326704,106.714694,-6.322441,106.698045,2026-09-21,09:27:00,10:26:00,3.7,18x15x13,Instant_Direct,N/A,Berawan,Padat,Motorcycle,In_Transit,2026-09-21 12:26:00,120,1316,SAFE,Makanan Siap Saji
100024000432,Instant,STR-JKT-002,Agus Prayitno,HUB-SBY-GUBENG,-7.265412,112.752189,"Jl. BSD Raya Utama Blok A2, RT 03/RW 08",Surabaya,-7.258289,112.796548,-7.264631,112.766184,2026-09-20,11:32:00,11:58:00,2.6,24x15x10,Instant_Direct,N/A,Cerah,Padat,Motorcycle,In_Transit,2026-09-20 14:58:00,180,28,MEDIUM_RISK,Minuman Segar
100024000433,Regular,STR-JKT-001,Budi Santoso,HUB-JAKTIM-RAWAMANGUN,-6.194218,106.883905,"Jl. Margonda Raya No. 150, RT 04/RW 08",Jakarta Timur,-6.140283,106.928355,-6.162049,106.909821,2026-09-20,03:53:00,04:49:00,9.2,27x22x10,Standard,N/A,Cerah,Sedang,Motorcycle,Delivered,2026-09-21 04:49:00,1440,859,SAFE,Pakaian
100024000434,Regular,STR-BKS-001,Aditya Putra,HUB-JAKBAR-KEBONJERUK,-6.189512,106.769941,"Jl. H.R. Rasuna Said No. 8, RT 09/RW 06",Jakarta Barat,-6.22204,106.831345,-6.20629,106.801982,2026-09-19,17:41:00,17:59:00,12.3,24x20x25,Standard,N/A,Cerah,Sedang,Motorcycle,In_Transit,2026-09-20 17:59:00,1440,209,SAFE,Elektronik
100024000435,Same Day,STR-JKT-011,Doni Kurniawan,HUB-BDG-BATUNUNGGAL,-6.953812,107.627419,"Jl. Margonda Raya No. 150, RT 03/RW 01",Bandung,-7.006581,107.672908,-6.966745,107.637585,2026-09-20,07:29:00,07:54:00,4.8,22x22x13,Same_Day_Priority,N/A,Cerah,Lancar,Motorcycle,Delivered,2026-09-20 15:54:00,480,84,SAFE,Gadget & Aksesoris
100024000436,Regular,STR-JKT-005,Eko Prasetyo,HUB-JAKUT-SUNTER,-6.138472,106.865419,"Jl. M.H. Thamrin No. 12, RT 03/RW 03",Jakarta Utara,-6.158449,106.881617,-6.140584,106.87171,2026-09-19,02:09:00,02:30:00,13.4,36x19x29,Standard,N/A,Berawan,Sedang,Motorcycle,In_Transit,2026-09-21 02:30:00,2880,720,SAFE,Perlengkapan Rumah
100024000437,Next Day,STR-DPK-001,Indra Gunawan,HUB-TGR-BSD,-6.302143,106.652194,"Jl. TB Simatupang No. 30, RT 03/RW 06",Tangerang Selatan,-6.24154,106.695695,-6.265419,106.677392,2026-09-19,14:35:00,14:59:00,8.2,18x28x23,Standard,N/A,Berawan,Sedang,Motorcycle,In_Transit,2026-09-20 14:59:00,1440,29,MEDIUM_RISK,Elektronik Kecil
100024000438,Frozen,STR-JKT-013,Gilang Permana,HUB-JAKTIM-RAWAMANGUN,-6.194218,106.883905,"Jl. Basuki Rahmat No. 40, RT 06/RW 03",Jakarta Timur,-6.156763,106.86327,-6.175755,106.876508,2026-09-21,04:24:00,05:24:00,6.2,37x30x22,Cold_Chain_-2_to_5C,-1.3,Gerimis,Lancar,Van,In_Transit,2026-09-21 13:24:00,480,1374,SAFE,Minuman Dingin
100024000439,Next Day,STR-JKT-005,Eko Prasetyo,HUB-JAKPUS-TANAHABANG,-6.187841,106.814327,"Jl. Ir. H. Djuanda No. 120, RT 08/RW 03",Jakarta Pusat,-6.159408,106.777254,-6.180556,106.805795,2026-09-19,16:39:00,17:07:00,3.3,19x27x23,Standard,N/A,Gerimis,Lancar,Motorcycle,Assigned,2026-09-20 17:07:00,1440,157,SAFE,Sepatu
100024000440,Regular,STR-JKT-006,Fajar Ramadhan,HUB-JAKTIM-RAWAMANGUN,-6.194218,106.883905,"Jl. Margonda Raya No. 150, RT 06/RW 01",Jakarta Timur,-6.247805,106.911314,-6.206224,106.891938,2026-09-20,13:27:00,13:42:00,0.7,26x14x12,Standard,N/A,Berawan,Sedang,Van,In_Transit,2026-09-21 13:42:00,1440,1392,SAFE,Elektronik
100024000441,Mini Cargo,STR-JKT-005,Eko Prasetyo,HUB-JAKTIM-RAWAMANGUN,-6.194218,106.883905,"Jl. Raya Pajajaran No. 9, RT 07/RW 06",Jakarta Timur,-6.15706,106.879672,-6.184835,106.885547,2026-09-20,12:50:00,13:05:00,6.5,50x26x39,Bulky_UMKM,N/A,Berawan,Lancar,Motorcycle,In_Transit,2026-09-21 13:05:00,1440,1355,SAFE,Tekstil & Garmen
100024000442,Same Day,STR-JKT-005,Eko Prasetyo,HUB-DPK-MARGONDA,-6.372841,106.832714,"Jl. Margonda Raya No. 150, RT 03/RW 05",Depok,-6.365259,106.878847,-6.366814,106.870572,2026-09-21,00:03:00,00:53:00,3.1,16x17x22,Same_Day_Priority,N/A,Cerah,Macet Total,Motorcycle,In_Transit,2026-09-21 08:53:00,480,1103,SAFE,Kosmetik
100024000443,Regular,STR-JKT-013,Gilang Permana,HUB-DPK-MARGONDA,-6.372841,106.832714,"Jl. Boulevard Barat Kelapa Gading, RT 07/RW 04",Depok,-6.376003,106.854092,-6.374929,106.839311,2026-09-19,18:10:00,18:38:00,0.7,24x15x27,Standard,N/A,Cerah,Sedang,Van,In_Transit,2026-09-20 18:38:00,1440,248,SAFE,Pakaian
100024000444,Cargo,STR-JKT-013,Gilang Permana,HUB-JAKUT-SUNTER,-6.138472,106.865419,"Jl. Raya Darmo No. 55, RT 01/RW 08",Jakarta Utara,-6.182188,106.823661,-6.175022,106.829504,2026-09-18,13:28:00,14:05:00,225.4,75x72x74,Heavy_Cargo,N/A,Cerah,Padat,Van,Incident_Reported,2026-09-20 14:05:00,2880,-25,BREACHED,Otomotif & Mesin
100024000445,Dokumen,STR-JKT-014,Ilham Saputra,HUB-JAKBAR-KEBONJERUK,-6.189512,106.769941,"Jl. Sudirman No. 45, RT 07/RW 08",Jakarta Barat,-6.213127,106.825453,-6.201366,106.799486,2026-09-18,15:26:00,16:21:00,0.21,35x25x2,Secure_Document_Pouch,N/A,Cerah,Lancar,Motorcycle,In_Transit,2026-09-20 16:21:00,2880,111,SAFE,Dokumen Penting
100024000446,Dokumen,STR-JKT-012,Wahyu Hidayat,HUB-JAKPUS-TANAHABANG,-6.187841,106.814327,"Jl. Asia Afrika No. 80, RT 09/RW 06",Jakarta Pusat,-6.144794,106.835918,-6.160251,106.831967,2026-09-18,18:33:00,19:33:00,0.16,35x25x2,Secure_Document_Pouch,N/A,Cerah,Lancar,Motorcycle,Assigned,2026-09-20 19:33:00,2880,303,SAFE,Dokumen Penting
100024000447,Same Day,STR-JKT-002,Agus Prayitno,HUB-JAKPUS-TANAHABANG,-6.187841,106.814327,"Jl. H.R. Rasuna Said No. 8, RT 01/RW 03",Jakarta Pusat,-6.11826,106.82929,-6.130341,106.829572,2026-09-20,17:13:00,17:38:00,3.7,29x20x15,Same_Day_Priority,N/A,Cerah,Macet Total,Motorcycle,In_Transit,2026-09-21 01:38:00,480,668,SAFE,Snack & Makanan Kering
100024000448,Next Day,STR-JKT-012,Wahyu Hidayat,HUB-TGR-BSD,-6.302143,106.652194,"Jl. Panjang No. 14, RT 08/RW 03",Tangerang Selatan,-6.359651,106.60728,-6.343296,106.621027,2026-09-20,09:42:00,10:29:00,4.3,34x14x24,Standard,N/A,Cerah,Lancar,Motorcycle,Assigned,2026-09-21 10:29:00,1440,1199,SAFE,Elektronik Kecil
100024000449,Frozen,STR-JKT-009,Aris Munandar,HUB-TGR-BSD,-6.302143,106.652194,"Jl. M.H. Thamrin No. 12, RT 01/RW 04",Tangerang Selatan,-6.360454,106.640041,-6.326997,106.64949,2026-09-21,01:29:00,02:13:00,4.8,38x27x17,Cold_Chain_-2_to_5C,0.6,Cerah,Padat,Van,In_Transit,2026-09-21 10:13:00,480,1183,SAFE,Daging & Seafood
100024000450,Same Day,STR-JKT-014,Ilham Saputra,HUB-DPK-MARGONDA,-6.372841,106.832714,"Jl. BSD Raya Utama Blok A2, RT 07/RW 04",Depok,-6.352893,106.888732,-6.365843,106.860735,2026-09-20,09:00:00,09:17:00,1.9,30x13x18,Same_Day_Priority,N/A,Cerah,Macet Total,Motorcycle,In_Transit,2026-09-20 17:17:00,480,167,SAFE,Gadget & Aksesoris
100024000451,Frozen,STR-TGR-001,Rian Kusuma,HUB-JAKTIM-RAWAMANGUN,-6.194218,106.883905,"Jl. Boulevard Barat Kelapa Gading, RT 07/RW 08",Jakarta Timur,-6.174588,106.858731,-6.190237,106.878859,2026-09-20,06:11:00,06:51:00,5.4,28x20x17,Cold_Chain_-2_to_5C,-1.4,Gerimis,Macet Total,Motorcycle,In_Transit,2026-09-20 14:51:00,480,21,MEDIUM_RISK,Daging & Seafood
100024000452,Mini Cargo,STR-TGR-002,Surya Darma,HUB-DPK-MARGONDA,-6.372841,106.832714,"Jl. Gatot Subroto Kav. 22, RT 07/RW 06",Depok,-6.320861,106.836183,-6.342122,106.836844,2026-09-19,00:36:00,01:13:00,20.6,47x47x45,Bulky_UMKM,N/A,Cerah,Lancar,Van,Delivered,2026-09-21 01:13:00,2880,643,SAFE,Tekstil & Garmen
100024000453,Next Day,STR-JKT-013,Gilang Permana,HUB-JAKSEL-TEBET,-6.225588,106.855324,"Jl. TB Simatupang No. 30, RT 06/RW 06",Jakarta Selatan,-6.217061,106.910453,-6.221787,106.871727,2026-09-19,13:59:00,14:14:00,1.6,36x23x18,Standard,N/A,Banjir,Padat,Van,Incident_Reported,2026-09-20 14:14:00,1440,-16,BREACHED,Mainan Anak
100024000454,Frozen,STR-JKT-004,Hendra Wijaya,HUB-JAKTIM-RAWAMANGUN,-6.194218,106.883905,"Jl. Kemang Raya No. 5, RT 07/RW 09",Jakarta Timur,-6.175417,106.903353,-6.186567,106.89617,2026-09-21,03:01:00,03:35:00,11.7,38x15x26,Cold_Chain_-2_to_5C,-1.7,Cerah,Lancar,Van,In_Transit,2026-09-21 11:35:00,480,1265,SAFE,Buah & Sayuran Segar
100024000455,Mini Cargo,STR-JKT-006,Fajar Ramadhan,HUB-DPK-MARGONDA,-6.372841,106.832714,"Jl. Asia Afrika No. 80, RT 06/RW 02",Depok,-6.351993,106.826554,-6.364612,106.830275,2026-09-19,05:45:00,06:44:00,22.7,42x34x47,Bulky_UMKM,N/A,Cerah,Lancar,Van,In_Transit,2026-09-21 06:44:00,2880,974,SAFE,Sparepart Motor
100024000456,PHARMA,STR-JKT-009,Aris Munandar,HUB-JAKBAR-KEBONJERUK,-6.189512,106.769941,"Jl. Margonda Raya No. 150, RT 02/RW 08",Jakarta Barat,-6.120161,106.812773,-6.173172,106.780176,2026-09-20,23:32:00,00:22:00,4.43,16x20x14,BPOM_Pharma,16.9,Gerimis,Lancar,Van,In_Transit,2026-09-21 12:22:00,720,1312,SAFE,Reagen Lab
100024000457,Regular,STR-JKT-011,Doni Kurniawan,HUB-DPK-MARGONDA,-6.372841,106.832714,"Jl. BSD Raya Utama Blok A2, RT 01/RW 06",Depok,-6.309764,106.8118,-6.328549,106.820405,2026-09-19,08:07:00,08:24:00,4.8,40x23x17,Standard,N/A,Cerah,Padat,Motorcycle,In_Transit,2026-09-21 08:24:00,2880,1074,SAFE,Pakaian
100024000458,Regular,STR-JKT-002,Agus Prayitno,HUB-TGR-BSD,-6.302143,106.652194,"Jl. Raya Darmo No. 55, RT 07/RW 04",Tangerang Selatan,-6.254435,106.654849,-6.271328,106.651992,2026-09-18,04:00:00,04:26:00,12.1,33x23x14,Standard,N/A,Cerah,Sedang,Motorcycle,In_Transit,2026-09-21 04:26:00,4320,836,SAFE,Kecantikan
100024000459,Same Day,STR-JKT-012,Wahyu Hidayat,HUB-JAKTIM-RAWAMANGUN,-6.194218,106.883905,"Jl. BSD Raya Utama Blok A2, RT 05/RW 09",Jakarta Timur,-6.202982,106.827846,-6.200422,106.844846,2026-09-20,06:04:00,06:55:00,0.6,33x14x10,Same_Day_Priority,N/A,Cerah,Lancar,Motorcycle,In_Transit,2026-09-20 14:55:00,480,25,MEDIUM_RISK,Pakaian
100024000460,Cargo,STR-JKT-015,Ahmad Fauzi,HUB-JAKTIM-RAWAMANGUN,-6.194218,106.883905,"Jl. Kebon Jeruk Raya No. 88, RT 05/RW 04",Jakarta Timur,-6.12654,106.90273,-6.149109,106.897891,2026-09-19,22:32:00,23:27:00,229.9,92x43x85,Heavy_Cargo,N/A,Berawan,Padat,Cargo_Truck,In_Transit,2026-09-20 23:27:00,1440,537,SAFE,Elektronik Besar
100024000461,Frozen,STR-JKT-003,Rizky Pratama,HUB-JAKBAR-KEBONJERUK,-6.189512,106.769941,"Jl. Senopati No. 18, RT 02/RW 02",Jakarta Barat,-6.243982,106.829749,-6.204509,106.78262,2026-09-20,19:06:00,19:25:00,6.1,20x28x17,Cold_Chain_-2_to_5C,4.2,Gerimis,Lancar,Motorcycle,In_Transit,2026-09-21 03:25:00,480,775,SAFE,Minuman Dingin
100024000462,Same Day,STR-TGR-001,Rian Kusuma,HUB-TGR-BSD,-6.302143,106.652194,"Jl. Raya Darmo No. 55, RT 01/RW 02",Tangerang Selatan,-6.283446,106.645317,-6.298437,106.652809,2026-09-20,18:02:00,18:55:00,0.5,31x18x13,Same_Day_Priority,N/A,Cerah,Sedang,Motorcycle,In_Transit,2026-09-21 02:55:00,480,745,SAFE,Kosmetik
100024000463,Regular,STR-JKT-003,Rizky Pratama,HUB-BDG-BATUNUNGGAL,-6.953812,107.627419,"Jl. TB Simatupang No. 30, RT 04/RW 02",Bandung,-6.917277,107.587702,-6.936608,107.608494,2026-09-17,18:38:00,19:24:00,5.4,32x30x19,Standard,N/A,Cerah,Sedang,Motorcycle,In_Transit,2026-09-20 19:24:00,4320,294,SAFE,Kecantikan
100024000464,Frozen,STR-JKT-013,Gilang Permana,HUB-JAKPUS-TANAHABANG,-6.187841,106.814327,"Jl. H.R. Rasuna Said No. 8, RT 05/RW 03",Jakarta Pusat,-6.222828,106.77203,-6.212505,106.785704,2026-09-20,23:07:00,23:44:00,9.1,30x18x27,Cold_Chain_-2_to_5C,-0.5,Cerah,Lancar,Van,In_Transit,2026-09-21 07:44:00,480,1034,SAFE,Minuman Dingin
100024000465,Instant,STR-JKT-003,Rizky Pratama,HUB-JAKBAR-KEBONJERUK,-6.189512,106.769941,"Jl. Basuki Rahmat No. 40, RT 09/RW 06",Jakarta Barat,-6.196596,106.824464,-6.196807,106.814145,2026-09-20,16:24:00,16:59:00,1.9,12x16x16,Instant_Direct,N/A,Cerah,Lancar,Motorcycle,In_Transit,2026-09-20 18:59:00,120,269,SAFE,Obat Darurat
100024000466,Same Day,STR-BKS-001,Aditya Putra,HUB-JAKSEL-TEBET,-6.225588,106.855324,"Jl. Gatot Subroto Kav. 22, RT 07/RW 05",Jakarta Selatan,-6.195236,106.815252,-6.210049,106.831791,2026-09-21,00:29:00,01:04:00,6.7,17x28x23,Same_Day_Priority,N/A,Cerah,Sedang,Motorcycle,Assigned,2026-09-21 09:04:00,480,1114,SAFE,Gadget & Aksesoris
100024000467,Regular,STR-JKT-001,Budi Santoso,HUB-JAKSEL-TEBET,-6.225588,106.855324,"Jl. Senopati No. 18, RT 06/RW 07",Jakarta Selatan,-6.183206,106.855135,-6.190325,106.852909,2026-09-17,13:57:00,14:45:00,13.7,24x14x22,Standard,N/A,Cerah,Sedang,Motorcycle,In_Transit,2026-09-20 14:45:00,4320,15,MEDIUM_RISK,Pakaian
100024000468,Instant,STR-JKT-008,Bayu Nugroho,HUB-JAKBAR-KEBONJERUK,-6.189512,106.769941,"Jl. Boulevard Barat Kelapa Gading, RT 07/RW 02",Jakarta Barat,-6.193727,106.81612,-6.192563,106.789189,2026-09-20,23:30:00,23:46:00,3.5,24x25x8,Instant_Direct,N/A,Cerah,Lancar,Motorcycle,In_Transit,2026-09-21 01:46:00,120,676,SAFE,Obat Darurat
100024000469,Mini Cargo,STR-JKT-004,Hendra Wijaya,HUB-JAKTIM-RAWAMANGUN,-6.194218,106.883905,"Jl. Kemang Raya No. 5, RT 06/RW 09",Jakarta Timur,-6.249499,106.859105,-6.229504,106.866269,2026-09-18,16:20:00,16:52:00,6.1,39x27x28,Bulky_UMKM,N/A,Cerah,Sedang,Van,In_Transit,2026-09-20 16:52:00,2880,142,SAFE,Bahan Makanan Kering UMKM
100024000470,PHARMA,STR-JKT-008,Bayu Nugroho,HUB-SBY-GUBENG,-7.265412,112.752189,"Jl. Margonda Raya No. 150, RT 08/RW 02",Surabaya,-7.270915,112.699869,-7.268039,112.715102,2026-09-19,22:57:00,23:17:00,2.94,30x13x11,BPOM_Pharma,21.9,Berawan,Sedang,Motorcycle,In_Transit,2026-09-20 23:17:00,1440,527,SAFE,Vaksin & Biologis
100024000471,Mini Cargo,STR-JKT-004,Hendra Wijaya,HUB-JAKPUS-TANAHABANG,-6.187841,106.814327,"Jl. M.H. Thamrin No. 12, RT 04/RW 01",Jakarta Pusat,-6.165514,106.847265,-6.183806,106.826845,2026-09-19,06:03:00,07:03:00,15.9,56x43x44,Bulky_UMKM,N/A,Berawan,Lancar,Van,In_Transit,2026-09-21 07:03:00,2880,993,SAFE,Bahan Makanan Kering UMKM
100024000472,Regular,STR-JKT-012,Wahyu Hidayat,HUB-BDG-BATUNUNGGAL,-6.953812,107.627419,"Jl. Basuki Rahmat No. 40, RT 09/RW 04",Bandung,-7.00902,107.575627,-6.998206,107.58613,2026-09-18,21:08:00,21:29:00,14.3,33x30x13,Standard,N/A,Cerah,Lancar,Motorcycle,Assigned,2026-09-20 21:29:00,2880,419,SAFE,Elektronik
100024000473,Regular,STR-JKT-013,Gilang Permana,HUB-DPK-MARGONDA,-6.372841,106.832714,"Jl. Ir. H. Djuanda No. 120, RT 02/RW 06",Depok,-6.416657,106.766716,-6.399998,106.79083,2026-09-17,19:34:00,20:13:00,1.1,23x21x13,Standard,N/A,Cerah,Lancar,Van,Assigned,2026-09-20 20:13:00,4320,343,SAFE,Pakaian
100024000474,Same Day,STR-BKS-001,Aditya Putra,HUB-JAKUT-SUNTER,-6.138472,106.865419,"Jl. H.R. Rasuna Said No. 8, RT 01/RW 04",Jakarta Utara,-6.181949,106.820149,-6.152746,106.849996,2026-09-20,14:05:00,14:34:00,2.2,17x27x13,Same_Day_Priority,N/A,Cerah,Padat,Motorcycle,Delivered,2026-09-20 22:34:00,480,484,SAFE,Snack & Makanan Kering
100024000475,Dokumen,STR-JKT-001,Budi Santoso,HUB-BKS-HARAPANINDAH,-6.180215,106.984211,"Jl. Kemang Raya No. 5, RT 03/RW 04",Bekasi,-6.195348,106.928394,-6.187982,106.945772,2026-09-19,00:07:00,00:54:00,0.23,35x25x2,Secure_Document_Pouch,N/A,Berawan,Lancar,Motorcycle,Delivered,2026-09-21 00:54:00,2880,624,SAFE,Dokumen Penting
100024000476,Instant,STR-JKT-003,Rizky Pratama,HUB-JAKUT-SUNTER,-6.138472,106.865419,"Jl. Ahmad Yani No. 102, RT 08/RW 03",Jakarta Utara,-6.089113,106.89173,-6.124098,106.870501,2026-09-21,09:57:00,10:49:00,4.9,12x15x5,Instant_Direct,N/A,Cerah,Lancar,Motorcycle,In_Transit,2026-09-21 13:49:00,180,1399,SAFE,Obat Darurat
100024000477,Mini Cargo,STR-JKT-013,Gilang Permana,HUB-DPK-MARGONDA,-6.372841,106.832714,"Jl. Asia Afrika No. 80, RT 09/RW 03",Depok,-6.427527,106.877364,-6.399817,106.859154,2026-09-18,17:46:00,18:17:00,19.7,53x36x37,Bulky_UMKM,N/A,Cerah,Padat,Van,In_Transit,2026-09-20 18:17:00,2880,227,SAFE,Bahan Makanan Kering UMKM
100024000478,Regular,STR-TGR-002,Surya Darma,HUB-TGR-BSD,-6.302143,106.652194,"Jl. Basuki Rahmat No. 40, RT 08/RW 02",Tangerang Selatan,-6.329984,106.628917,-6.315427,106.642456,2026-09-20,08:18:00,08:48:00,12.9,36x14x21,Standard,N/A,Berawan,Lancar,Van,In_Transit,2026-09-21 08:48:00,1440,1098,SAFE,Kecantikan
100024000479,Dokumen,STR-JKT-011,Doni Kurniawan,HUB-BKS-HARAPANINDAH,-6.180215,106.984211,"Jl. Panjang No. 14, RT 09/RW 08",Bekasi,-6.199896,107.018422,-6.183109,106.994817,2026-09-19,08:24:00,09:04:00,1.34,35x25x2,Secure_Document_Pouch,N/A,Cerah,Padat,Motorcycle,In_Transit,2026-09-21 09:04:00,2880,1114,SAFE,Dokumen Penting
100024000480,Frozen,STR-JKT-011,Doni Kurniawan,HUB-JAKUT-SUNTER,-6.138472,106.865419,"Jl. Margonda Raya No. 150, RT 08/RW 06",Jakarta Utara,-6.165167,106.801173,-6.153135,106.833067,2026-09-20,07:03:00,07:22:00,8.3,36x24x20,Cold_Chain_-2_to_5C,1.3,Cerah,Sedang,Motorcycle,Assigned,2026-09-20 15:22:00,480,52,SAFE,Buah & Sayuran Segar
100024000481,Regular,STR-JKT-005,Eko Prasetyo,HUB-JAKSEL-TEBET,-6.225588,106.855324,"Jl. Boulevard Barat Kelapa Gading, RT 01/RW 01",Jakarta Selatan,-6.265162,106.90089,-6.235013,106.863127,2026-09-18,14:04:00,14:56:00,14.3,37x18x14,Standard,N/A,Gerimis,Sedang,Motorcycle,Assigned,2026-09-20 14:56:00,2880,26,MEDIUM_RISK,Elektronik
100024000482,Same Day,STR-JKT-011,Doni Kurniawan,HUB-JAKSEL-TEBET,-6.225588,106.855324,"Jl. H.R. Rasuna Said No. 8, RT 05/RW 05",Jakarta Selatan,-6.229343,106.834973,-6.227463,106.840243,2026-09-20,12:18:00,12:59:00,5.7,19x16x18,Same_Day_Priority,N/A,Berawan,Sedang,Motorcycle,In_Transit,2026-09-20 20:59:00,480,389,SAFE,Kosmetik
100024000483,Same Day,STR-JKT-011,Doni Kurniawan,HUB-JAKBAR-KEBONJERUK,-6.189512,106.769941,"Jl. Margonda Raya No. 150, RT 02/RW 03",Jakarta Barat,-6.217885,106.829738,-6.204827,106.799908,2026-09-20,17:02:00,17:46:00,3.5,28x24x23,Same_Day_Priority,N/A,Cerah,Sedang,Motorcycle,In_Transit,2026-09-21 01:46:00,480,676,SAFE,Gadget & Aksesoris
100024000484,Next Day,STR-JKT-005,Eko Prasetyo,HUB-BKS-HARAPANINDAH,-6.180215,106.984211,"Jl. Boulevard Barat Kelapa Gading, RT 03/RW 09",Bekasi,-6.237835,106.933893,-6.223715,106.945204,2026-09-20,00:47:00,01:05:00,4.3,15x24x26,Standard,N/A,Cerah,Padat,Motorcycle,In_Transit,2026-09-21 01:05:00,1440,635,SAFE,Buku
100024000485,Same Day,STR-TGR-001,Rian Kusuma,HUB-JAKBAR-KEBONJERUK,-6.189512,106.769941,"Jl. M.H. Thamrin No. 12, RT 02/RW 09",Jakarta Barat,-6.212824,106.713577,-6.197862,106.74901,2026-09-20,08:19:00,08:53:00,5.3,30x14x17,Same_Day_Priority,N/A,Berawan,Sedang,Motorcycle,In_Transit,2026-09-20 16:53:00,480,143,SAFE,Kosmetik
100024000486,Dokumen,STR-JKT-014,Ilham Saputra,HUB-JAKSEL-TEBET,-6.225588,106.855324,"Jl. H.R. Rasuna Said No. 8, RT 09/RW 02",Jakarta Selatan,-6.182802,106.872637,-6.215756,106.858271,2026-09-18,14:26:00,14:48:00,0.65,35x25x2,Secure_Document_Pouch,N/A,Cerah,Padat,Motorcycle,In_Transit,2026-09-20 14:48:00,2880,18,MEDIUM_RISK,Dokumen Penting
100024000487,Next Day,STR-JKT-009,Aris Munandar,HUB-JAKTIM-RAWAMANGUN,-6.194218,106.883905,"Jl. Basuki Rahmat No. 40, RT 02/RW 07",Jakarta Timur,-6.14938,106.931746,-6.168403,106.910478,2026-09-19,14:00:00,14:45:00,2.1,38x27x16,Standard,N/A,Cerah,Padat,Van,In_Transit,2026-09-20 14:45:00,1440,15,MEDIUM_RISK,Buku
100024000488,Dokumen,STR-BKS-001,Aditya Putra,HUB-SBY-GUBENG,-7.265412,112.752189,"Jl. Margonda Raya No. 150, RT 07/RW 03",Surabaya,-7.266397,112.775667,-7.264644,112.759784,2026-09-18,13:18:00,14:14:00,0.52,35x25x2,Secure_Document_Pouch,N/A,Cerah,Padat,Motorcycle,Incident_Reported,2026-09-20 14:14:00,2880,-16,BREACHED,Dokumen Penting
100024000489,Instant,STR-TGR-001,Rian Kusuma,HUB-DPK-MARGONDA,-6.372841,106.832714,"Jl. Panjang No. 14, RT 01/RW 03",Depok,-6.436873,106.889702,-6.425793,106.881008,2026-09-21,04:31:00,05:15:00,2.1,12x15x9,Instant_Direct,N/A,Cerah,Padat,Motorcycle,Assigned,2026-09-21 08:15:00,180,1065,SAFE,Obat Darurat
100024000490,Cargo,STR-BKS-002,Bambang Sudrajat,HUB-JAKUT-SUNTER,-6.138472,106.865419,"Jl. Raya Pajajaran No. 9, RT 07/RW 08",Jakarta Utara,-6.098577,106.887601,-6.109289,106.885121,2026-09-17,20:20:00,21:14:00,107.2,94x60x125,Heavy_Cargo,N/A,Berawan,Padat,Cargo_Truck,Assigned,2026-09-20 21:14:00,4320,404,SAFE,Otomotif & Mesin
100024000491,Regular,STR-TGR-001,Rian Kusuma,HUB-JAKSEL-TEBET,-6.225588,106.855324,"Jl. Raya Pajajaran No. 9, RT 06/RW 04",Jakarta Selatan,-6.176304,106.807609,-6.217228,106.847548,2026-09-18,22:47:00,23:09:00,11.4,28x12x11,Standard,N/A,Cerah,Padat,Motorcycle,In_Transit,2026-09-20 23:09:00,2880,519,SAFE,Olahraga
100024000492,Cargo,STR-TGR-002,Surya Darma,HUB-DPK-MARGONDA,-6.372841,106.832714,"Jl. Juanda No. 34, RT 07/RW 03",Depok,-6.335972,106.847629,-6.343073,106.842655,2026-09-19,09:52:00,10:40:00,150.0,68x54x75,Heavy_Cargo,N/A,Berawan,Lancar,Van,Assigned,2026-09-21 10:40:00,2880,1210,SAFE,Furnitur
100024000493,Regular,STR-DPK-001,Indra Gunawan,HUB-SBY-GUBENG,-7.265412,112.752189,"Jl. Sudirman No. 45, RT 06/RW 07",Surabaya,-7.332018,112.816566,-7.282689,112.764024,2026-09-18,16:55:00,17:32:00,3.1,21x28x25,Standard,N/A,Cerah,Sedang,Motorcycle,In_Transit,2026-09-20 17:32:00,2880,182,SAFE,Olahraga
100024000494,Next Day,STR-JKT-013,Gilang Permana,HUB-JAKTIM-RAWAMANGUN,-6.194218,106.883905,"Jl. TB Simatupang No. 30, RT 09/RW 05",Jakarta Timur,-6.151995,106.875348,-6.167154,106.87929,2026-09-19,14:20:00,14:39:00,0.7,24x18x22,Standard,N/A,Berawan,Padat,Van,Incident_Reported,2026-09-20 14:39:00,1440,9,HIGH_RISK,Elektronik Kecil
100024000495,Regular,STR-JKT-011,Doni Kurniawan,HUB-JAKUT-SUNTER,-6.138472,106.865419,"Jl. BSD Raya Utama Blok A2, RT 01/RW 09",Jakarta Utara,-6.198003,106.875969,-6.180365,106.873303,2026-09-19,18:16:00,18:52:00,9.9,16x20x23,Standard,N/A,Berawan,Padat,Motorcycle,Delivered,2026-09-20 18:52:00,1440,262,SAFE,Perlengkapan Rumah
100024000496,Regular,STR-JKT-002,Agus Prayitno,HUB-JAKPUS-TANAHABANG,-6.187841,106.814327,"Jl. Kebon Jeruk Raya No. 88, RT 08/RW 02",Jakarta Pusat,-6.181249,106.847069,-6.181608,106.842689,2026-09-20,09:29:00,10:19:00,5.4,17x23x29,Standard,N/A,Gerimis,Sedang,Motorcycle,In_Transit,2026-09-21 10:19:00,1440,1189,SAFE,Olahraga
100024000497,Regular,STR-JKT-001,Budi Santoso,HUB-JAKSEL-TEBET,-6.225588,106.855324,"Jl. Kebon Jeruk Raya No. 88, RT 01/RW 01",Jakarta Selatan,-6.281019,106.854848,-6.243541,106.855043,2026-09-18,12:58:00,13:57:00,8.4,16x22x22,Standard,N/A,Gerimis,Macet Total,Motorcycle,In_Transit,2026-09-20 13:57:00,2880,-33,BREACHED,Elektronik
100024000498,Regular,STR-JKT-002,Agus Prayitno,HUB-DPK-MARGONDA,-6.372841,106.832714,"Jl. M.H. Thamrin No. 12, RT 04/RW 04",Depok,-6.426322,106.848905,-6.415578,106.844442,2026-09-19,14:09:00,14:32:00,14.9,15x17x11,Standard,N/A,Berawan,Padat,Motorcycle,In_Transit,2026-09-20 14:32:00,1440,2,HIGH_RISK,Pakaian
100024000499,Same Day,STR-JKT-011,Doni Kurniawan,HUB-TGR-BSD,-6.302143,106.652194,"Jl. Raya Pajajaran No. 9, RT 02/RW 02",Tangerang Selatan,-6.32319,106.673923,-6.310144,106.659805,2026-09-20,05:50:00,06:40:00,6.3,22x24x19,Same_Day_Priority,N/A,Berawan,Padat,Motorcycle,In_Transit,2026-09-20 14:40:00,480,10,HIGH_RISK,Snack & Makanan Kering
100024000500,Instant,STR-JKT-008,Bayu Nugroho,HUB-BDG-BATUNUNGGAL,-6.953812,107.627419,"Jl. Margonda Raya No. 150, RT 08/RW 05",Bandung,-6.898795,107.602059,-6.927082,107.613084,2026-09-20,12:04:00,12:34:00,3.8,16x13x16,Instant_Direct,N/A,Hujan Deras,Padat,Motorcycle,In_Transit,2026-09-20 14:34:00,120,4,HIGH_RISK,Minuman Segar
100024000501,Instant,STR-JKT-012,Wahyu Hidayat,HUB-DPK-MARGONDA,-6.372841,106.832714,"Jl. Pemuda No. 71, RT 02/RW 01",Depok,-6.309415,106.765695,-6.327574,106.783956,2026-09-21,08:56:00,09:53:00,2.0,11x17x11,Instant_Direct,N/A,Cerah,Lancar,Motorcycle,In_Transit,2026-09-21 11:53:00,120,1283,SAFE,Kebutuhan Pokok Cepat
100024000502,Regular,STR-TGR-002,Surya Darma,HUB-JAKUT-SUNTER,-6.138472,106.865419,"Jl. Ahmad Yani No. 102, RT 05/RW 04",Jakarta Utara,-6.204089,106.902238,-6.188903,106.896624,2026-09-19,01:45:00,02:43:00,11.8,38x11x13,Standard,N/A,Berawan,Sedang,Van,In_Transit,2026-09-21 02:43:00,2880,733,SAFE,Olahraga
100024000503,Frozen,STR-JKT-009,Aris Munandar,HUB-BDG-BATUNUNGGAL,-6.953812,107.627419,"Jl. BSD Raya Utama Blok A2, RT 08/RW 04",Bandung,-6.958922,107.637583,-6.956498,107.630962,2026-09-20,05:54:00,06:32:00,1.5,27x24x25,Cold_Chain_-2_to_5C,2.1,Berawan,Padat,Van,In_Transit,2026-09-20 14:32:00,480,2,HIGH_RISK,Makanan Hewan
100024000504,Same Day,STR-DPK-001,Indra Gunawan,HUB-SBY-GUBENG,-7.265412,112.752189,"Jl. Juanda No. 34, RT 08/RW 01",Surabaya,-7.333685,112.725154,-7.305216,112.737714,2026-09-20,22:28:00,23:00:00,6.0,21x23x11,Same_Day_Priority,N/A,Cerah,Lancar,Motorcycle,Delivered,2026-09-21 07:00:00,480,990,SAFE,Pakaian
100024000505,Next Day,STR-JKT-002,Agus Prayitno,HUB-JAKBAR-KEBONJERUK,-6.189512,106.769941,"Jl. Kebon Jeruk Raya No. 88, RT 03/RW 03",Jakarta Barat,-6.19785,106.736062,-6.196797,106.746171,2026-09-20,13:11:00,13:28:00,2.3,31x24x28,Standard,N/A,Cerah,Lancar,Motorcycle,In_Transit,2026-09-21 13:28:00,1440,1378,SAFE,Elektronik Kecil
100024000506,Regular,STR-JKT-009,Aris Munandar,HUB-JAKUT-SUNTER,-6.138472,106.865419,"Jl. M.H. Thamrin No. 12, RT 04/RW 06",Jakarta Utara,-6.071932,106.797676,-6.087039,106.815433,2026-09-17,13:58:00,14:40:00,3.3,33x21x23,Standard,N/A,Gerimis,Padat,Van,Incident_Reported,2026-09-20 14:40:00,4320,10,HIGH_RISK,Pakaian
100024000507,Regular,STR-JKT-001,Budi Santoso,HUB-TGR-BSD,-6.302143,106.652194,"Jl. Pemuda No. 71, RT 01/RW 03",Tangerang Selatan,-6.287168,106.632634,-6.287291,106.635157,2026-09-18,00:00:00,01:00:00,1.9,21x20x26,Standard,N/A,Gerimis,Padat,Motorcycle,In_Transit,2026-09-21 01:00:00,4320,630,SAFE,Olahraga
100024000508,Regular,STR-JKT-004,Hendra Wijaya,HUB-SBY-GUBENG,-7.265412,112.752189,"Jl. Gatot Subroto Kav. 22, RT 04/RW 09",Surabaya,-7.330848,112.783865,-7.289696,112.762861,2026-09-18,11:47:00,12:35:00,12.8,31x11x29,Standard,N/A,Cerah,Lancar,Van,In_Transit,2026-09-21 12:35:00,4320,1325,SAFE,Kecantikan
100024000509,Same Day,STR-JKT-012,Wahyu Hidayat,HUB-JAKPUS-TANAHABANG,-6.187841,106.814327,"Jl. Boulevard Barat Kelapa Gading, RT 04/RW 08",Jakarta Pusat,-6.1408,106.785356,-6.174291,106.806638,2026-09-20,10:05:00,11:01:00,2.9,26x27x12,Same_Day_Priority,N/A,Berawan,Lancar,Motorcycle,In_Transit,2026-09-20 19:01:00,480,271,SAFE,Snack & Makanan Kering
100024000510,Regular,STR-TGR-002,Surya Darma,HUB-BKS-HARAPANINDAH,-6.180215,106.984211,"Jl. Margonda Raya No. 150, RT 03/RW 05",Bekasi,-6.218048,107.030106,-6.209468,107.021266,2026-09-20,02:00:00,02:44:00,7.7,19x28x25,Standard,N/A,Cerah,Lancar,Van,In_Transit,2026-09-21 02:44:00,1440,734,SAFE,Elektronik
100024000511,Regular,STR-TGR-001,Rian Kusuma,HUB-JAKUT-SUNTER,-6.138472,106.865419,"Jl. Margonda Raya No. 150, RT 01/RW 03",Jakarta Utara,-6.101301,106.895012,-6.123065,106.881808,2026-09-19,18:36:00,19:36:00,13.6,26x14x22,Standard,N/A,Cerah,Sedang,Motorcycle,In_Transit,2026-09-20 19:36:00,1440,306,SAFE,Olahraga
100024000512,Same Day,STR-JKT-003,Rizky Pratama,HUB-TGR-BSD,-6.302143,106.652194,"Jl. Boulevard Barat Kelapa Gading, RT 08/RW 07",Tangerang Selatan,-6.289336,106.668522,-6.294038,106.667438,2026-09-20,21:42:00,21:57:00,5.3,33x26x12,Same_Day_Priority,N/A,Cerah,Sedang,Motorcycle,In_Transit,2026-09-21 05:57:00,480,927,SAFE,Kosmetik
100024000513,Same Day,STR-BKS-001,Aditya Putra,HUB-DPK-MARGONDA,-6.372841,106.832714,"Jl. H.R. Rasuna Said No. 8, RT 04/RW 05",Depok,-6.389729,106.824116,-6.380859,106.831031,2026-09-20,08:08:00,08:43:00,3.8,28x19x20,Same_Day_Priority,N/A,Berawan,Padat,Motorcycle,Assigned,2026-09-20 16:43:00,480,133,SAFE,Gadget & Aksesoris
100024000514,Frozen,STR-JKT-011,Doni Kurniawan,HUB-JAKSEL-TEBET,-6.225588,106.855324,"Jl. Raya Darmo No. 55, RT 06/RW 02",Jakarta Selatan,-6.18163,106.888172,-6.190292,106.883111,2026-09-20,12:15:00,12:44:00,3.1,25x24x23,Cold_Chain_-2_to_5C,2.9,Cerah,Lancar,Motorcycle,In_Transit,2026-09-20 20:44:00,480,374,SAFE,Makanan Hewan
100024000515,Regular,STR-TGR-002,Surya Darma,HUB-JAKPUS-TANAHABANG,-6.187841,106.814327,"Jl. Ir. H. Djuanda No. 120, RT 09/RW 04",Jakarta Pusat,-6.180538,106.815545,-6.185292,106.811892,2026-09-19,12:46:00,13:46:00,11.1,31x14x24,Standard,N/A,Gerimis,Sedang,Van,Incident_Reported,2026-09-20 13:46:00,1440,-44,BREACHED,Perlengkapan Rumah
100024000516,Mini Cargo,STR-JKT-013,Gilang Permana,HUB-DPK-MARGONDA,-6.372841,106.832714,"Jl. H.R. Rasuna Said No. 8, RT 06/RW 02",Depok,-6.318398,106.83177,-6.363543,106.831186,2026-09-18,22:23:00,22:40:00,13.7,50x48x36,Bulky_UMKM,N/A,Berawan,Lancar,Van,In_Transit,2026-09-20 22:40:00,2880,490,SAFE,Paket UMKM
100024000517,PHARMA,STR-JKT-004,Hendra Wijaya,HUB-BDG-BATUNUNGGAL,-6.953812,107.627419,"Jl. Sudirman No. 45, RT 04/RW 03",Bandung,-6.979358,107.675219,-6.967201,107.653924,2026-09-20,15:47:00,16:35:00,4.27,20x17x14,BPOM_Pharma,16.8,Berawan,Lancar,Van,Assigned,2026-09-20 22:35:00,360,485,SAFE,Obat Resep
100024000518,Cargo,STR-JKT-010,Teguh Wibowo,HUB-JAKSEL-TEBET,-6.225588,106.855324,"Jl. Panjang No. 14, RT 07/RW 04",Jakarta Selatan,-6.234783,106.854021,-6.229641,106.851804,2026-09-18,06:56:00,07:36:00,246.8,68x82x112,Heavy_Cargo,N/A,Cerah,Macet Total,Cargo_Truck,In_Transit,2026-09-21 07:36:00,4320,1026,SAFE,Grosir Bahan Industri
100024000519,Next Day,STR-JKT-004,Hendra Wijaya,HUB-JAKUT-SUNTER,-6.138472,106.865419,"Jl. Juanda No. 34, RT 06/RW 04",Jakarta Utara,-6.194957,106.81115,-6.180245,106.822539,2026-09-19,18:09:00,19:02:00,3.8,27x14x25,Standard,N/A,Cerah,Macet Total,Van,In_Transit,2026-09-20 19:02:00,1440,272,SAFE,Buku
100024000520,Regular,STR-JKT-002,Agus Prayitno,HUB-JAKUT-SUNTER,-6.138472,106.865419,"Jl. Ahmad Yani No. 102, RT 05/RW 06",Jakarta Utara,-6.170963,106.825534,-6.163246,106.836051,2026-09-19,05:27:00,06:10:00,4.2,38x17x20,Standard,N/A,Cerah,Lancar,Motorcycle,In_Transit,2026-09-21 06:10:00,2880,940,SAFE,Pakaian
100024000521,Next Day,STR-JKT-013,Gilang Permana,HUB-JAKTIM-RAWAMANGUN,-6.194218,106.883905,"Jl. TB Simatupang No. 30, RT 09/RW 01",Jakarta Timur,-6.189176,106.923042,-6.190263,106.893462,2026-09-19,15:00:00,15:48:00,9.2,39x27x12,Standard,N/A,Berawan,Lancar,Van,In_Transit,2026-09-20 15:48:00,1440,78,SAFE,Pakaian
100024000522,Next Day,STR-JKT-001,Budi Santoso,HUB-JAKTIM-RAWAMANGUN,-6.194218,106.883905,"Jl. Boulevard Barat Kelapa Gading, RT 06/RW 07",Jakarta Timur,-6.146877,106.869279,-6.164588,106.87233,2026-09-19,14:06:00,14:52:00,7.7,31x13x26,Standard,N/A,Gerimis,Lancar,Motorcycle,In_Transit,2026-09-20 14:52:00,1440,22,MEDIUM_RISK,Buku
100024000523,Same Day,STR-TGR-001,Rian Kusuma,HUB-JAKSEL-TEBET,-6.225588,106.855324,"Jl. BSD Raya Utama Blok A2, RT 07/RW 03",Jakarta Selatan,-6.263387,106.893462,-6.239167,106.865389,2026-09-20,15:56:00,16:17:00,5.2,28x10x10,Same_Day_Priority,N/A,Gerimis,Lancar,Motorcycle,Assigned,2026-09-21 00:17:00,480,587,SAFE,Kosmetik
100024000524,Cargo,STR-JKT-015,Ahmad Fauzi,HUB-JAKPUS-TANAHABANG,-6.187841,106.814327,"Jl. Pemuda No. 71, RT 05/RW 08",Jakarta Pusat,-6.141435,106.864629,-6.155837,106.850966,2026-09-17,14:21:00,14:53:00,114.9,55x54x173,Heavy_Cargo,N/A,Hujan Deras,Sedang,Cargo_Truck,In_Transit,2026-09-20 14:53:00,4320,23,MEDIUM_RISK,Grosir Bahan Industri
100024000525,PHARMA,STR-JKT-008,Bayu Nugroho,HUB-BDG-BATUNUNGGAL,-6.953812,107.627419,"Jl. Ir. H. Djuanda No. 120, RT 02/RW 08",Bandung,-6.952889,107.610956,-6.951667,107.616213,2026-09-19,14:25:00,14:45:00,4.21,18x20x14,BPOM_Pharma,16.3,Cerah,Lancar,Motorcycle,In_Transit,2026-09-20 14:45:00,1440,15,MEDIUM_RISK,Vaksin & Biologis
100024000526,Regular,STR-JKT-005,Eko Prasetyo,HUB-DPK-MARGONDA,-6.372841,106.832714,"Jl. Raya Darmo No. 55, RT 04/RW 01",Depok,-6.359764,106.774458,-6.36516,106.807674,2026-09-19,23:09:00,23:41:00,0.8,37x28x29,Standard,N/A,Cerah,Sedang,Motorcycle,In_Transit,2026-09-20 23:41:00,1440,551,SAFE,Kecantikan
100024000527,Cargo,STR-JKT-004,Hendra Wijaya,HUB-DPK-MARGONDA,-6.372841,106.832714,"Jl. Asia Afrika No. 80, RT 09/RW 02",Depok,-6.366459,106.806536,-6.37004,106.818093,2026-09-19,05:14:00,05:36:00,83.9,97x47x71,Heavy_Cargo,N/A,Berawan,Lancar,Van,In_Transit,2026-09-21 05:36:00,2880,906,SAFE,Furnitur
100024000528,Same Day,STR-JKT-008,Bayu Nugroho,HUB-JAKTIM-RAWAMANGUN,-6.194218,106.883905,"Jl. Sudirman No. 45, RT 05/RW 02",Jakarta Timur,-6.176555,106.887347,-6.187594,106.884267,2026-09-20,16:34:00,17:07:00,3.9,34x21x15,Same_Day_Priority,N/A,Berawan,Padat,Motorcycle,In_Transit,2026-09-21 01:07:00,480,637,SAFE,Kosmetik
100024000529,Regular,STR-JKT-005,Eko Prasetyo,HUB-SBY-GUBENG,-7.265412,112.752189,"Jl. Ahmad Yani No. 102, RT 03/RW 03",Surabaya,-7.202133,112.734164,-7.22931,112.740121,2026-09-18,06:54:00,07:15:00,7.2,15x19x16,Standard,N/A,Cerah,Lancar,Motorcycle,In_Transit,2026-09-21 07:15:00,4320,1005,SAFE,Elektronik
100024000530,Same Day,STR-BKS-001,Aditya Putra,HUB-JAKSEL-TEBET,-6.225588,106.855324,"Jl. Boulevard Barat Kelapa Gading, RT 01/RW 04",Jakarta Selatan,-6.208092,106.868548,-6.221328,106.860226,2026-09-20,20:45:00,21:37:00,5.5,23x27x16,Same_Day_Priority,N/A,Berawan,Lancar,Motorcycle,In_Transit,2026-09-21 05:37:00,480,907,SAFE,Pakaian
100024000531,Dokumen,STR-JKT-003,Rizky Pratama,HUB-JAKUT-SUNTER,-6.138472,106.865419,"Jl. BSD Raya Utama Blok A2, RT 06/RW 05",Jakarta Utara,-6.183506,106.874331,-6.149087,106.868415,2026-09-19,11:37:00,12:06:00,0.1,35x25x2,Secure_Document_Pouch,N/A,Berawan,Sedang,Motorcycle,Delivered,2026-09-21 12:06:00,2880,1296,SAFE,Dokumen Penting
100024000532,Regular,STR-JKT-004,Hendra Wijaya,HUB-SBY-GUBENG,-7.265412,112.752189,"Jl. M.H. Thamrin No. 12, RT 03/RW 09",Surabaya,-7.314903,112.705264,-7.304195,112.718797,2026-09-19,05:02:00,05:36:00,3.8,27x22x22,Standard,N/A,Berawan,Lancar,Van,Assigned,2026-09-21 05:36:00,2880,906,SAFE,Kecantikan
100024000533,Same Day,STR-JKT-012,Wahyu Hidayat,HUB-JAKBAR-KEBONJERUK,-6.189512,106.769941,"Jl. TB Simatupang No. 30, RT 07/RW 09",Jakarta Barat,-6.135852,106.817848,-6.142905,106.811167,2026-09-20,14:41:00,15:38:00,4.7,20x10x21,Same_Day_Priority,N/A,Berawan,Sedang,Motorcycle,In_Transit,2026-09-20 23:38:00,480,548,SAFE,Gadget & Aksesoris
100024000534,Same Day,STR-JKT-002,Agus Prayitno,HUB-SBY-GUBENG,-7.265412,112.752189,"Jl. Sudirman No. 45, RT 04/RW 08",Surabaya,-7.257041,112.821895,-7.259357,112.806557,2026-09-20,13:27:00,13:44:00,6.4,23x26x10,Same_Day_Priority,N/A,Cerah,Lancar,Motorcycle,In_Transit,2026-09-20 21:44:00,480,434,SAFE,Snack & Makanan Kering
100024000535,Instant,STR-TGR-001,Rian Kusuma,HUB-BKS-HARAPANINDAH,-6.180215,106.984211,"Jl. Sudirman No. 45, RT 08/RW 08",Bekasi,-6.244067,107.011581,-6.200351,106.995991,2026-09-21,04:51:00,05:14:00,4.1,11x21x5,Instant_Direct,N/A,Berawan,Sedang,Motorcycle,In_Transit,2026-09-21 07:14:00,120,1004,SAFE,Minuman Segar
100024000536,Mini Cargo,STR-JKT-014,Ilham Saputra,HUB-JAKBAR-KEBONJERUK,-6.189512,106.769941,"Jl. Kemang Raya No. 5, RT 01/RW 06",Jakarta Barat,-6.251665,106.789188,-6.203962,106.773932,2026-09-20,01:34:00,01:53:00,21.8,60x46x32,Bulky_UMKM,N/A,Gerimis,Lancar,Motorcycle,In_Transit,2026-09-21 01:53:00,1440,683,SAFE,Sparepart Motor
100024000537,Cargo,STR-JKT-006,Fajar Ramadhan,HUB-JAKTIM-RAWAMANGUN,-6.194218,106.883905,"Jl. Asia Afrika No. 80, RT 07/RW 03",Jakarta Timur,-6.162164,106.825661,-6.180808,106.855283,2026-09-17,14:27:00,15:11:00,126.9,86x93x139,Heavy_Cargo,N/A,Cerah,Sedang,Van,In_Transit,2026-09-20 15:11:00,4320,41,SAFE,Elektronik Besar
100024000538,PHARMA,STR-JKT-004,Hendra Wijaya,HUB-JAKTIM-RAWAMANGUN,-6.194218,106.883905,"Jl. Sudirman No. 45, RT 04/RW 06",Jakarta Timur,-6.162081,106.839897,-6.173304,106.860693,2026-09-20,16:58:00,17:30:00,6.43,19x14x10,BPOM_Pharma,21.4,Cerah,Sedang,Van,In_Transit,2026-09-20 23:30:00,360,540,SAFE,Reagen Lab
100024000539,Same Day,STR-TGR-001,Rian Kusuma,HUB-JAKPUS-TANAHABANG,-6.187841,106.814327,"Jl. Juanda No. 34, RT 05/RW 02",Jakarta Pusat,-6.140902,106.782519,-6.171378,106.803676,2026-09-21,02:26:00,02:50:00,3.4,35x15x11,Same_Day_Priority,N/A,Cerah,Sedang,Motorcycle,In_Transit,2026-09-21 10:50:00,480,1220,SAFE,Gadget & Aksesoris
100024000540,Regular,STR-JKT-011,Doni Kurniawan,HUB-BKS-HARAPANINDAH,-6.180215,106.984211,"Jl. Asia Afrika No. 80, RT 09/RW 05",Bekasi,-6.201646,107.027738,-6.19713,107.016199,2026-09-18,14:21:00,14:44:00,0.8,18x26x30,Standard,N/A,Berawan,Sedang,Motorcycle,In_Transit,2026-09-20 14:44:00,2880,14,HIGH_RISK,Elektronik
100024000541,Same Day,STR-JKT-011,Doni Kurniawan,HUB-SBY-GUBENG,-7.265412,112.752189,"Jl. Sudirman No. 45, RT 03/RW 07",Surabaya,-7.282505,112.764564,-7.267173,112.755115,2026-09-20,17:51:00,18:34:00,2.5,29x27x15,Same_Day_Priority,N/A,Berawan,Lancar,Motorcycle,Assigned,2026-09-21 02:34:00,480,724,SAFE,Pakaian
100024000542,Next Day,STR-JKT-009,Aris Munandar,HUB-SBY-GUBENG,-7.265412,112.752189,"Jl. Basuki Rahmat No. 40, RT 06/RW 08",Surabaya,-7.238182,112.784523,-7.253839,112.769098,2026-09-20,00:47:00,01:19:00,7.8,31x13x23,Standard,N/A,Cerah,Padat,Van,Delivered,2026-09-21 01:19:00,1440,649,SAFE,Buku
100024000543,Same Day,STR-JKT-002,Agus Prayitno,HUB-JAKSEL-TEBET,-6.225588,106.855324,"Jl. Asia Afrika No. 80, RT 04/RW 03",Jakarta Selatan,-6.272624,106.808618,-6.241959,106.839677,2026-09-20,06:12:00,06:37:00,2.5,19x21x24,Same_Day_Priority,N/A,Hujan Deras,Lancar,Motorcycle,In_Transit,2026-09-20 14:37:00,480,7,HIGH_RISK,Gadget & Aksesoris
100024000544,Instant,STR-JKT-002,Agus Prayitno,HUB-JAKPUS-TANAHABANG,-6.187841,106.814327,"Jl. Gatot Subroto Kav. 22, RT 04/RW 03",Jakarta Pusat,-6.134227,106.786507,-6.178365,106.806809,2026-09-20,23:51:00,00:51:00,2.5,22x16x20,Instant_Direct,N/A,Cerah,Lancar,Motorcycle,In_Transit,2026-09-21 03:51:00,180,801,SAFE,Kebutuhan Pokok Cepat
100024000545,PHARMA,STR-JKT-002,Agus Prayitno,HUB-BKS-HARAPANINDAH,-6.180215,106.984211,"Jl. Margonda Raya No. 150, RT 07/RW 09",Bekasi,-6.232225,107.021037,-6.191238,106.995565,2026-09-20,07:45:00,08:39:00,2.12,20x13x15,BPOM_Pharma,18.1,Hujan Deras,Macet Total,Motorcycle,In_Transit,2026-09-20 14:39:00,360,9,HIGH_RISK,Vaksin & Biologis
100024000546,Same Day,STR-JKT-014,Ilham Saputra,HUB-JAKBAR-KEBONJERUK,-6.189512,106.769941,"Jl. Ahmad Yani No. 102, RT 07/RW 03",Jakarta Barat,-6.169131,106.719272,-6.185506,106.755286,2026-09-20,15:50:00,16:48:00,0.7,28x15x15,Same_Day_Priority,N/A,Cerah,Sedang,Motorcycle,In_Transit,2026-09-21 00:48:00,480,618,SAFE,Gadget & Aksesoris
100024000547,Regular,STR-TGR-001,Rian Kusuma,HUB-JAKBAR-KEBONJERUK,-6.189512,106.769941,"Jl. Senopati No. 18, RT 06/RW 03",Jakarta Barat,-6.211032,106.802515,-6.203193,106.791624,2026-09-18,03:16:00,04:11:00,6.5,16x19x23,Standard,N/A,Berawan,Lancar,Motorcycle,In_Transit,2026-09-21 04:11:00,4320,821,SAFE,Perlengkapan Rumah
100024000548,Mini Cargo,STR-JKT-001,Budi Santoso,HUB-DPK-MARGONDA,-6.372841,106.832714,"Jl. H.R. Rasuna Said No. 8, RT 03/RW 07",Depok,-6.372552,106.872054,-6.370589,106.861053,2026-09-20,03:23:00,04:10:00,15.8,59x47x38,Bulky_UMKM,N/A,Gerimis,Lancar,Motorcycle,Assigned,2026-09-21 04:10:00,1440,820,SAFE,Bahan Makanan Kering UMKM
100024000549,Dokumen,STR-TGR-001,Rian Kusuma,HUB-DPK-MARGONDA,-6.372841,106.832714,"Jl. M.H. Thamrin No. 12, RT 06/RW 05",Depok,-6.381957,106.827781,-6.372255,106.831598,2026-09-19,13:34:00,14:07:00,0.47,35x25x2,Secure_Document_Pouch,N/A,Cerah,Padat,Motorcycle,In_Transit,2026-09-21 14:07:00,2880,1417,SAFE,Dokumen Penting
100024000550,Regular,STR-DPK-001,Indra Gunawan,HUB-TGR-BSD,-6.302143,106.652194,"Jl. BSD Raya Utama Blok A2, RT 04/RW 03",Tangerang Selatan,-6.330467,106.58718,-6.307214,106.637547,2026-09-19,13:45:00,14:33:00,6.6,23x21x24,Standard,N/A,Cerah,Sedang,Motorcycle,In_Transit,2026-09-20 14:33:00,1440,3,HIGH_RISK,Olahraga
100024000551,Regular,STR-JKT-001,Budi Santoso,HUB-TGR-BSD,-6.302143,106.652194,"Jl. BSD Raya Utama Blok A2, RT 09/RW 02",Tangerang Selatan,-6.319952,106.602739,-6.316165,106.613251,2026-09-19,12:27:00,12:49:00,3.0,38x18x30,Standard,N/A,Berawan,Lancar,Motorcycle,Assigned,2026-09-21 12:49:00,2880,1339,SAFE,Pakaian
100024000552,Next Day,STR-JKT-006,Fajar Ramadhan,HUB-JAKUT-SUNTER,-6.138472,106.865419,"Jl. Raya Darmo No. 55, RT 08/RW 04",Jakarta Utara,-6.122291,106.870901,-6.125889,106.86658,2026-09-20,05:33:00,05:59:00,3.1,36x11x29,Standard,N/A,Cerah,Sedang,Van,In_Transit,2026-09-21 05:59:00,1440,929,SAFE,Buku
100024000553,Same Day,STR-BKS-001,Aditya Putra,HUB-BKS-HARAPANINDAH,-6.180215,106.984211,"Jl. Ahmad Yani No. 102, RT 02/RW 04",Bekasi,-6.221216,107.023698,-6.206579,107.008075,2026-09-20,06:10:00,06:55:00,5.9,33x23x20,Same_Day_Priority,N/A,Cerah,Sedang,Motorcycle,Assigned,2026-09-20 14:55:00,480,25,MEDIUM_RISK,Gadget & Aksesoris
100024000554,Regular,STR-JKT-003,Rizky Pratama,HUB-TGR-BSD,-6.302143,106.652194,"Jl. Ir. H. Djuanda No. 120, RT 03/RW 07",Tangerang Selatan,-6.327393,106.697362,-6.306487,106.663762,2026-09-17,13:58:00,14:46:00,9.6,32x21x12,Standard,N/A,Berawan,Sedang,Motorcycle,In_Transit,2026-09-20 14:46:00,4320,16,MEDIUM_RISK,Elektronik
100024000555,Same Day,STR-JKT-014,Ilham Saputra,HUB-TGR-BSD,-6.302143,106.652194,"Jl. Raya Darmo No. 55, RT 07/RW 07",Tangerang Selatan,-6.308933,106.647627,-6.303393,106.651756,2026-09-20,06:59:00,07:52:00,6.9,27x27x14,Same_Day_Priority,N/A,Berawan,Lancar,Motorcycle,Delivered,2026-09-20 15:52:00,480,82,SAFE,Gadget & Aksesoris
100024000556,Regular,STR-JKT-013,Gilang Permana,HUB-BKS-HARAPANINDAH,-6.180215,106.984211,"Jl. BSD Raya Utama Blok A2, RT 09/RW 07",Bekasi,-6.219652,107.053109,-6.203815,107.020027,2026-09-17,21:41:00,22:30:00,11.6,35x13x30,Standard,N/A,Cerah,Sedang,Van,In_Transit,2026-09-20 22:30:00,4320,480,SAFE,Perlengkapan Rumah
100024000557,Regular,STR-JKT-004,Hendra Wijaya,HUB-BKS-HARAPANINDAH,-6.180215,106.984211,"Jl. Senopati No. 18, RT 07/RW 05",Bekasi,-6.180938,106.979159,-6.181045,106.983075,2026-09-19,13:11:00,14:06:00,5.9,35x23x23,Standard,N/A,Hujan Deras,Padat,Van,In_Transit,2026-09-20 14:06:00,1440,-24,BREACHED,Kecantikan
100024000558,Regular,STR-JKT-001,Budi Santoso,HUB-SBY-GUBENG,-7.265412,112.752189,"Jl. Ahmad Yani No. 102, RT 04/RW 03",Surabaya,-7.248623,112.822036,-7.254454,112.794654,2026-09-18,06:44:00,07:11:00,11.2,40x30x22,Standard,N/A,Berawan,Macet Total,Motorcycle,Assigned,2026-09-21 07:11:00,4320,1001,SAFE,Olahraga
100024000559,Regular,STR-BKS-001,Aditya Putra,HUB-TGR-BSD,-6.302143,106.652194,"Jl. TB Simatupang No. 30, RT 05/RW 02",Tangerang Selatan,-6.270915,106.615698,-6.285861,106.632856,2026-09-17,21:46:00,22:08:00,14.8,40x15x24,Standard,N/A,Berawan,Sedang,Motorcycle,Assigned,2026-09-20 22:08:00,4320,458,SAFE,Olahraga
100024000560,Mini Cargo,STR-JKT-004,Hendra Wijaya,HUB-JAKTIM-RAWAMANGUN,-6.194218,106.883905,"Jl. Margonda Raya No. 150, RT 09/RW 08",Jakarta Timur,-6.229937,106.914991,-6.19983,106.89118,2026-09-18,16:44:00,17:29:00,28.5,49x45x37,Bulky_UMKM,N/A,Berawan,Macet Total,Van,Assigned,2026-09-20 17:29:00,2880,179,SAFE,Paket UMKM
100024000561,Regular,STR-JKT-004,Hendra Wijaya,HUB-BKS-HARAPANINDAH,-6.180215,106.984211,"Jl. Juanda No. 34, RT 07/RW 02",Bekasi,-6.134252,107.015732,-6.17264,106.992384,2026-09-19,13:51:00,14:36:00,10.9,26x23x20,Standard,N/A,Hujan Deras,Padat,Van,In_Transit,2026-09-20 14:36:00,1440,6,HIGH_RISK,Elektronik
100024000562,Regular,STR-JKT-005,Eko Prasetyo,HUB-JAKBAR-KEBONJERUK,-6.189512,106.769941,"Jl. Juanda No. 34, RT 06/RW 08",Jakarta Barat,-6.195358,106.799213,-6.191926,106.788806,2026-09-18,09:50:00,10:28:00,2.5,24x10x17,Standard,N/A,Cerah,Lancar,Motorcycle,Assigned,2026-09-21 10:28:00,4320,1198,SAFE,Perlengkapan Rumah
100024000563,Same Day,STR-JKT-005,Eko Prasetyo,HUB-JAKTIM-RAWAMANGUN,-6.194218,106.883905,"Jl. TB Simatupang No. 30, RT 03/RW 05",Jakarta Timur,-6.184748,106.856569,-6.187031,106.864086,2026-09-20,15:13:00,15:51:00,4.3,19x28x10,Same_Day_Priority,N/A,Berawan,Lancar,Motorcycle,Assigned,2026-09-20 23:51:00,480,561,SAFE,Snack & Makanan Kering
100024000564,Cargo,STR-TGR-002,Surya Darma,HUB-BDG-BATUNUNGGAL,-6.953812,107.627419,"Jl. Asia Afrika No. 80, RT 06/RW 09",Bandung,-6.966994,107.644003,-6.958296,107.62982,2026-09-19,07:09:00,07:38:00,87.1,74x40x135,Heavy_Cargo,N/A,Berawan,Padat,Van,In_Transit,2026-09-21 07:38:00,2880,1028,SAFE,Elektronik Besar
100024000565,Regular,STR-JKT-004,Hendra Wijaya,HUB-JAKUT-SUNTER,-6.138472,106.865419,"Jl. Raya Darmo No. 55, RT 01/RW 09",Jakarta Utara,-6.123262,106.897446,-6.136736,106.872897,2026-09-17,21:10:00,21:59:00,14.3,31x12x18,Standard,N/A,Cerah,Lancar,Van,Assigned,2026-09-20 21:59:00,4320,449,SAFE,Olahraga
100024000566,Frozen,STR-JKT-004,Hendra Wijaya,HUB-JAKSEL-TEBET,-6.225588,106.855324,"Jl. Kebon Jeruk Raya No. 88, RT 04/RW 08",Jakarta Selatan,-6.233059,106.858537,-6.226205,106.854452,2026-09-20,06:23:00,06:53:00,8.9,22x19x24,Cold_Chain_-2_to_5C,-0.5,Berawan,Lancar,Van,In_Transit,2026-09-20 14:53:00,480,23,MEDIUM_RISK,Makanan Beku
100024000567,Instant,STR-BKS-001,Aditya Putra,HUB-DPK-MARGONDA,-6.372841,106.832714,"Jl. Raya Pajajaran No. 9, RT 02/RW 08",Depok,-6.429083,106.886144,-6.381548,106.840077,2026-09-20,10:39:00,11:35:00,2.5,28x10x18,Instant_Direct,N/A,Cerah,Padat,Motorcycle,In_Transit,2026-09-20 14:35:00,180,5,HIGH_RISK,Makanan Siap Saji
100024000568,Mini Cargo,STR-JKT-009,Aris Munandar,HUB-SBY-GUBENG,-7.265412,112.752189,"Jl. Senopati No. 18, RT 06/RW 09",Surabaya,-7.229636,112.821102,-7.254298,112.773294,2026-09-19,00:24:00,00:46:00,15.9,51x42x36,Bulky_UMKM,N/A,Hujan Deras,Lancar,Van,Delivered,2026-09-21 00:46:00,2880,616,SAFE,Bahan Makanan Kering UMKM
100024000569,Frozen,STR-TGR-002,Surya Darma,HUB-DPK-MARGONDA,-6.372841,106.832714,"Jl. Margonda Raya No. 150, RT 05/RW 02",Depok,-6.441929,106.887785,-6.407872,106.85869,2026-09-20,21:37:00,22:12:00,2.6,23x22x21,Cold_Chain_-2_to_5C,1.4,Cerah,Sedang,Van,Assigned,2026-09-21 06:12:00,480,942,SAFE,Buah & Sayuran Segar
100024000570,Next Day,STR-DPK-001,Indra Gunawan,HUB-JAKUT-SUNTER,-6.138472,106.865419,"Jl. BSD Raya Utama Blok A2, RT 03/RW 03",Jakarta Utara,-6.078615,106.82486,-6.102399,106.838411,2026-09-19,19:55:00,20:26:00,6.7,40x23x18,Standard,N/A,Cerah,Sedang,Motorcycle,In_Transit,2026-09-20 20:26:00,1440,356,SAFE,Sepatu
100024000571,Mini Cargo,STR-TGR-002,Surya Darma,HUB-JAKUT-SUNTER,-6.138472,106.865419,"Jl. Pemuda No. 71, RT 07/RW 07",Jakarta Utara,-6.156561,106.838292,-6.148412,106.846443,2026-09-19,14:16:00,15:16:00,16.3,55x29x34,Bulky_UMKM,N/A,Berawan,Lancar,Van,In_Transit,2026-09-20 15:16:00,1440,46,SAFE,Bahan Makanan Kering UMKM
100024000572,Dokumen,STR-JKT-005,Eko Prasetyo,HUB-JAKUT-SUNTER,-6.138472,106.865419,"Jl. Ir. H. Djuanda No. 120, RT 04/RW 04",Jakarta Utara,-6.1672,106.847706,-6.147508,106.857726,2026-09-19,05:21:00,06:06:00,0.32,35x25x2,Secure_Document_Pouch,N/A,Gerimis,Lancar,Motorcycle,Delivered,2026-09-21 06:06:00,2880,936,SAFE,Dokumen Penting
100024000573,Instant,STR-JKT-014,Ilham Saputra,HUB-JAKSEL-TEBET,-6.225588,106.855324,"Jl. Basuki Rahmat No. 40, RT 07/RW 01",Jakarta Selatan,-6.186216,106.839933,-6.191993,106.841175,2026-09-20,11:01:00,11:42:00,4.6,13x25x9,Instant_Direct,N/A,Berawan,Padat,Motorcycle,Incident_Reported,2026-09-20 14:42:00,180,12,HIGH_RISK,Makanan Siap Saji
100024000574,Mini Cargo,STR-JKT-013,Gilang Permana,HUB-SBY-GUBENG,-7.265412,112.752189,"Jl. Panjang No. 14, RT 09/RW 09",Surabaya,-7.293572,112.710188,-7.272899,112.743738,2026-09-19,15:14:00,15:49:00,36.6,41x49x34,Bulky_UMKM,N/A,Cerah,Sedang,Van,In_Transit,2026-09-20 15:49:00,1440,79,SAFE,Tekstil & Garmen
100024000575,Next Day,STR-JKT-002,Agus Prayitno,HUB-TGR-BSD,-6.302143,106.652194,"Jl. TB Simatupang No. 30, RT 02/RW 07",Tangerang Selatan,-6.344285,106.718195,-6.315484,106.676657,2026-09-20,06:59:00,07:41:00,9.2,31x21x10,Standard,N/A,Berawan,Padat,Motorcycle,Delivered,2026-09-21 07:41:00,1440,1031,SAFE,Mainan Anak
100024000576,Frozen,STR-TGR-002,Surya Darma,HUB-TGR-BSD,-6.302143,106.652194,"Jl. Raya Darmo No. 55, RT 02/RW 09",Tangerang Selatan,-6.261524,106.651075,-6.2789,106.652982,2026-09-21,00:30:00,01:14:00,1.5,34x21x17,Cold_Chain_-2_to_5C,3.4,Cerah,Sedang,Van,In_Transit,2026-09-21 09:14:00,480,1124,SAFE,Minuman Dingin
100024000577,PHARMA,STR-JKT-002,Agus Prayitno,HUB-JAKTIM-RAWAMANGUN,-6.194218,106.883905,"Jl. Margonda Raya No. 150, RT 01/RW 07",Jakarta Timur,-6.173156,106.824129,-6.182468,106.847997,2026-09-20,02:29:00,03:18:00,2.15,28x12x14,BPOM_Pharma,20.3,Berawan,Lancar,Motorcycle,In_Transit,2026-09-20 15:18:00,720,48,SAFE,Obat Resep
100024000578,Dokumen,STR-JKT-001,Budi Santoso,HUB-SBY-GUBENG,-7.265412,112.752189,"Jl. TB Simatupang No. 30, RT 04/RW 05",Surabaya,-7.205862,112.807243,-7.226218,112.786131,2026-09-18,13:56:00,14:45:00,1.19,35x25x2,Secure_Document_Pouch,N/A,Cerah,Padat,Motorcycle,In_Transit,2026-09-20 14:45:00,2880,15,MEDIUM_RISK,Dokumen Penting
100024000579,Regular,STR-JKT-001,Budi Santoso,HUB-TGR-BSD,-6.302143,106.652194,"Jl. Kebon Jeruk Raya No. 88, RT 04/RW 06",Tangerang Selatan,-6.242158,106.674337,-6.286696,106.661588,2026-09-18,13:30:00,14:13:00,6.8,38x16x22,Standard,N/A,Cerah,Macet Total,Motorcycle,In_Transit,2026-09-20 14:13:00,2880,-17,BREACHED,Pakaian
100024000580,Regular,STR-JKT-014,Ilham Saputra,HUB-BKS-HARAPANINDAH,-6.180215,106.984211,"Jl. Asia Afrika No. 80, RT 02/RW 03",Bekasi,-6.167585,106.931662,-6.169711,106.941146,2026-09-19,18:24:00,19:11:00,11.3,25x23x16,Standard,N/A,Gerimis,Sedang,Motorcycle,In_Transit,2026-09-20 19:11:00,1440,281,SAFE,Elektronik
100024000581,Same Day,STR-JKT-008,Bayu Nugroho,HUB-JAKBAR-KEBONJERUK,-6.189512,106.769941,"Jl. H.R. Rasuna Said No. 8, RT 06/RW 06",Jakarta Barat,-6.127226,106.702201,-6.16408,106.744529,2026-09-20,09:02:00,09:18:00,2.0,17x30x22,Same_Day_Priority,N/A,Cerah,Padat,Motorcycle,Delivered,2026-09-20 17:18:00,480,168,SAFE,Gadget & Aksesoris
100024000582,Same Day,STR-JKT-008,Bayu Nugroho,HUB-TGR-BSD,-6.302143,106.652194,"Jl. TB Simatupang No. 30, RT 08/RW 01",Tangerang Selatan,-6.365791,106.700832,-6.322537,106.66564,2026-09-20,06:18:00,06:44:00,2.9,28x15x23,Same_Day_Priority,N/A,Berawan,Padat,Motorcycle,Incident_Reported,2026-09-20 14:44:00,480,14,HIGH_RISK,Kosmetik
100024000583,Frozen,STR-JKT-011,Doni Kurniawan,HUB-JAKTIM-RAWAMANGUN,-6.194218,106.883905,"Jl. BSD Raya Utama Blok A2, RT 06/RW 05",Jakarta Timur,-6.213108,106.943399,-6.210272,106.92381,2026-09-20,07:10:00,08:03:00,0.9,24x28x16,Cold_Chain_-2_to_5C,0.6,Berawan,Lancar,Motorcycle,Assigned,2026-09-20 16:03:00,480,93,SAFE,Makanan Hewan
100024000584,Regular,STR-JKT-001,Budi Santoso,HUB-JAKBAR-KEBONJERUK,-6.189512,106.769941,"Jl. Raya Pajajaran No. 9, RT 08/RW 07",Jakarta Barat,-6.257421,106.825547,-6.201148,106.779542,2026-09-18,08:35:00,09:24:00,4.9,30x18x14,Standard,N/A,Cerah,Padat,Motorcycle,In_Transit,2026-09-21 09:24:00,4320,1134,SAFE,Perlengkapan Rumah
100024000585,Instant,STR-BKS-001,Aditya Putra,HUB-JAKBAR-KEBONJERUK,-6.189512,106.769941,"Jl. TB Simatupang No. 30, RT 03/RW 04",Jakarta Barat,-6.192621,106.804762,-6.193655,106.794246,2026-09-20,14:19:00,15:19:00,0.7,17x18x10,Instant_Direct,N/A,Berawan,Lancar,Motorcycle,Delivered,2026-09-20 18:19:00,180,229,SAFE,Obat Darurat
100024000586,Dokumen,STR-JKT-003,Rizky Pratama,HUB-BDG-BATUNUNGGAL,-6.953812,107.627419,"Jl. Boulevard Barat Kelapa Gading, RT 03/RW 01",Bandung,-6.951445,107.695689,-6.950618,107.649374,2026-09-19,03:18:00,04:13:00,0.12,35x25x2,Secure_Document_Pouch,N/A,Berawan,Sedang,Motorcycle,In_Transit,2026-09-21 04:13:00,2880,823,SAFE,Dokumen Penting
100024000587,Cargo,STR-JKT-006,Fajar Ramadhan,HUB-JAKTIM-RAWAMANGUN,-6.194218,106.883905,"Jl. Raya Darmo No. 55, RT 07/RW 08",Jakarta Timur,-6.208671,106.815545,-6.199104,106.848771,2026-09-19,06:07:00,06:33:00,223.8,91x89x115,Heavy_Cargo,N/A,Berawan,Sedang,Van,In_Transit,2026-09-21 06:33:00,2880,963,SAFE,Otomotif & Mesin
100024000588,Mini Cargo,STR-JKT-009,Aris Munandar,HUB-DPK-MARGONDA,-6.372841,106.832714,"Jl. Panjang No. 14, RT 02/RW 06",Depok,-6.33476,106.826598,-6.362419,106.832963,2026-09-19,15:20:00,15:57:00,37.2,56x28x23,Bulky_UMKM,N/A,Hujan Deras,Lancar,Van,In_Transit,2026-09-20 15:57:00,1440,87,SAFE,Bahan Makanan Kering UMKM
100024000589,Next Day,STR-JKT-014,Ilham Saputra,HUB-JAKBAR-KEBONJERUK,-6.189512,106.769941,"Jl. Asia Afrika No. 80, RT 04/RW 03",Jakarta Barat,-6.124231,106.835976,-6.169455,106.790601,2026-09-19,21:51:00,22:39:00,5.5,39x14x28,Standard,N/A,Berawan,Lancar,Motorcycle,In_Transit,2026-09-20 22:39:00,1440,489,SAFE,Mainan Anak
100024000590,Next Day,STR-JKT-002,Agus Prayitno,HUB-BDG-BATUNUNGGAL,-6.953812,107.627419,"Jl. Senopati No. 18, RT 04/RW 03",Bandung,-6.991553,107.690022,-6.974251,107.657674,2026-09-20,11:12:00,11:53:00,9.6,27x19x22,Standard,N/A,Cerah,Lancar,Motorcycle,Delivered,2026-09-21 11:53:00,1440,1283,SAFE,Mainan Anak
100024000591,Next Day,STR-JKT-009,Aris Munandar,HUB-JAKTIM-RAWAMANGUN,-6.194218,106.883905,"Jl. Kemang Raya No. 5, RT 02/RW 01",Jakarta Timur,-6.163201,106.855904,-6.18669,106.879246,2026-09-19,19:00:00,19:52:00,4.2,20x30x23,Standard,N/A,Cerah,Padat,Van,In_Transit,2026-09-20 19:52:00,1440,322,SAFE,Buku
100024000592,Mini Cargo,STR-JKT-004,Hendra Wijaya,HUB-JAKBAR-KEBONJERUK,-6.189512,106.769941,"Jl. Raya Darmo No. 55, RT 03/RW 04",Jakarta Barat,-6.227829,106.832808,-6.199618,106.786907,2026-09-20,13:04:00,14:01:00,21.9,46x28x44,Bulky_UMKM,N/A,Cerah,Lancar,Van,In_Transit,2026-09-21 14:01:00,1440,1411,SAFE,Sparepart Motor
100024000593,Mini Cargo,STR-JKT-006,Fajar Ramadhan,HUB-BDG-BATUNUNGGAL,-6.953812,107.627419,"Jl. Ahmad Yani No. 102, RT 05/RW 01",Bandung,-6.919804,107.62103,-6.944161,107.628609,2026-09-19,23:00:00,23:48:00,33.9,52x50x35,Bulky_UMKM,N/A,Cerah,Sedang,Van,In_Transit,2026-09-20 23:48:00,1440,558,SAFE,Bahan Makanan Kering UMKM
100024000594,Frozen,STR-JKT-009,Aris Munandar,HUB-SBY-GUBENG,-7.265412,112.752189,"Jl. Margonda Raya No. 150, RT 07/RW 01",Surabaya,-7.201049,112.803301,-7.242787,112.768456,2026-09-20,16:17:00,16:38:00,7.9,30x28x23,Cold_Chain_-2_to_5C,-1.3,Berawan,Sedang,Van,Assigned,2026-09-21 00:38:00,480,608,SAFE,Buah & Sayuran Segar
100024000595,Next Day,STR-JKT-004,Hendra Wijaya,HUB-SBY-GUBENG,-7.265412,112.752189,"Jl. Raya Pajajaran No. 9, RT 09/RW 07",Surabaya,-7.266115,112.764941,-7.268221,112.761729,2026-09-20,12:54:00,13:52:00,6.0,18x17x21,Standard,N/A,Cerah,Sedang,Van,Assigned,2026-09-21 13:52:00,1440,1402,SAFE,Mainan Anak
100024000596,Instant,STR-JKT-001,Budi Santoso,HUB-BKS-HARAPANINDAH,-6.180215,106.984211,"Jl. Asia Afrika No. 80, RT 01/RW 07",Bekasi,-6.149655,106.919792,-6.162147,106.945133,2026-09-21,08:50:00,09:31:00,1.2,15x10x15,Instant_Direct,N/A,Berawan,Lancar,Motorcycle,Assigned,2026-09-21 12:31:00,180,1321,SAFE,Makanan Siap Saji
100024000597,Dokumen,STR-JKT-005,Eko Prasetyo,HUB-JAKUT-SUNTER,-6.138472,106.865419,"Jl. M.H. Thamrin No. 12, RT 06/RW 08",Jakarta Utara,-6.15827,106.891041,-6.143532,106.874242,2026-09-19,11:55:00,12:45:00,0.88,35x25x2,Secure_Document_Pouch,N/A,Cerah,Sedang,Motorcycle,In_Transit,2026-09-21 12:45:00,2880,1335,SAFE,Dokumen Penting
100024000598,Cargo,STR-JKT-015,Ahmad Fauzi,HUB-TGR-BSD,-6.302143,106.652194,"Jl. Ir. H. Djuanda No. 120, RT 04/RW 06",Tangerang Selatan,-6.262807,106.606282,-6.284946,106.628354,2026-09-19,18:01:00,18:32:00,120.1,81x80x73,Heavy_Cargo,N/A,Gerimis,Lancar,Cargo_Truck,Assigned,2026-09-20 18:32:00,1440,242,SAFE,Grosir Bahan Industri
100024000599,Next Day,STR-JKT-006,Fajar Ramadhan,HUB-TGR-BSD,-6.302143,106.652194,"Jl. H.R. Rasuna Said No. 8, RT 04/RW 05",Tangerang Selatan,-6.259317,106.707603,-6.270337,106.688717,2026-09-20,12:40:00,13:00:00,4.3,37x12x16,Standard,N/A,Berawan,Sedang,Van,Assigned,2026-09-21 13:00:00,1440,1350,SAFE,Pakaian
100024000600,PHARMA,STR-JKT-002,Agus Prayitno,HUB-BKS-HARAPANINDAH,-6.180215,106.984211,"Jl. BSD Raya Utama Blok A2, RT 02/RW 05",Bekasi,-6.130906,106.934618,-6.161955,106.962761,2026-09-19,17:24:00,17:53:00,2.32,19x20x14,BPOM_Pharma,19.5,Cerah,Lancar,Motorcycle,In_Transit,2026-09-20 17:53:00,1440,203,SAFE,Alat Kesehatan
100024000601,Regular,STR-TGR-001,Rian Kusuma,HUB-JAKPUS-TANAHABANG,-6.187841,106.814327,"Jl. Juanda No. 34, RT 07/RW 09",Jakarta Pusat,-6.237488,106.785878,-6.226665,106.79075,2026-09-19,09:50:00,10:28:00,9.5,27x18x21,Standard,N/A,Cerah,Lancar,Motorcycle,In_Transit,2026-09-21 10:28:00,2880,1198,SAFE,Perlengkapan Rumah
100024000602,PHARMA,STR-TGR-002,Surya Darma,HUB-JAKPUS-TANAHABANG,-6.187841,106.814327,"Jl. Kebon Jeruk Raya No. 88, RT 09/RW 03",Jakarta Pusat,-6.213019,106.794317,-6.210697,106.800065,2026-09-19,14:26:00,14:44:00,2.87,22x15x20,BPOM_Pharma,19.2,Banjir,Padat,Van,In_Transit,2026-09-20 14:44:00,1440,14,HIGH_RISK,Obat Resep
100024000603,Next Day,STR-JKT-011,Doni Kurniawan,HUB-SBY-GUBENG,-7.265412,112.752189,"Jl. M.H. Thamrin No. 12, RT 06/RW 08",Surabaya,-7.274346,112.815632,-7.267464,112.769669,2026-09-19,19:25:00,20:07:00,5.9,38x10x29,Standard,N/A,Cerah,Lancar,Motorcycle,Assigned,2026-09-20 20:07:00,1440,337,SAFE,Buku
100024000604,Frozen,STR-JKT-003,Rizky Pratama,HUB-BKS-HARAPANINDAH,-6.180215,106.984211,"Jl. Raya Darmo No. 55, RT 09/RW 07",Bekasi,-6.220086,106.977507,-6.200174,106.979662,2026-09-20,06:14:00,06:55:00,8.7,31x18x17,Cold_Chain_-2_to_5C,-1.4,Gerimis,Macet Total,Motorcycle,In_Transit,2026-09-20 14:55:00,480,25,MEDIUM_RISK,Makanan Hewan
100024000605,Dokumen,STR-JKT-012,Wahyu Hidayat,HUB-JAKPUS-TANAHABANG,-6.187841,106.814327,"Jl. Raya Pajajaran No. 9, RT 02/RW 06",Jakarta Pusat,-6.120672,106.85265,-6.129222,106.843799,2026-09-18,13:59:00,14:38:00,1.23,35x25x2,Secure_Document_Pouch,N/A,Hujan Deras,Macet Total,Motorcycle,In_Transit,2026-09-20 14:38:00,2880,8,HIGH_RISK,Dokumen Penting
100024000606,Regular,STR-JKT-003,Rizky Pratama,HUB-TGR-BSD,-6.302143,106.652194,"Jl. Gatot Subroto Kav. 22, RT 03/RW 05",Tangerang Selatan,-6.346524,106.625761,-6.31473,106.643458,2026-09-19,21:56:00,22:49:00,5.3,39x13x26,Standard,N/A,Cerah,Sedang,Motorcycle,In_Transit,2026-09-20 22:49:00,1440,499,SAFE,Perlengkapan Rumah
100024000607,Next Day,STR-JKT-006,Fajar Ramadhan,HUB-TGR-BSD,-6.302143,106.652194,"Jl. Pemuda No. 71, RT 01/RW 06",Tangerang Selatan,-6.358774,106.582436,-6.352614,106.592587,2026-09-19,20:20:00,20:58:00,5.6,26x13x14,Standard,N/A,Cerah,Sedang,Van,In_Transit,2026-09-20 20:58:00,1440,388,SAFE,Mainan Anak
100024000608,PHARMA,STR-JKT-002,Agus Prayitno,HUB-JAKTIM-RAWAMANGUN,-6.194218,106.883905,"Jl. H.R. Rasuna Said No. 8, RT 05/RW 05",Jakarta Timur,-6.193192,106.927916,-6.193012,106.906831,2026-09-19,14:03:00,14:42:00,4.38,19x19x15,BPOM_Pharma,23.4,Berawan,Padat,Motorcycle,Incident_Reported,2026-09-20 14:42:00,1440,12,HIGH_RISK,Reagen Lab
100024000609,Frozen,STR-TGR-001,Rian Kusuma,HUB-BDG-BATUNUNGGAL,-6.953812,107.627419,"Jl. BSD Raya Utama Blok A2, RT 01/RW 06",Bandung,-7.014647,107.59189,-6.966196,107.618518,2026-09-20,05:16:00,06:15:00,9.2,38x18x17,Cold_Chain_-2_to_5C,1.7,Hujan Deras,Macet Total,Motorcycle,In_Transit,2026-09-20 14:15:00,480,-15,BREACHED,Buah & Sayuran Segar
100024000610,Same Day,STR-TGR-001,Rian Kusuma,HUB-BDG-BATUNUNGGAL,-6.953812,107.627419,"Jl. Margonda Raya No. 150, RT 07/RW 07",Bandung,-6.933764,107.596978,-6.947322,107.618724,2026-09-20,22:51:00,23:49:00,3.6,27x19x25,Same_Day_Priority,N/A,Cerah,Lancar,Motorcycle,In_Transit,2026-09-21 07:49:00,480,1039,SAFE,Snack & Makanan Kering
100024000611,Next Day,STR-JKT-014,Ilham Saputra,HUB-JAKSEL-TEBET,-6.225588,106.855324,"Jl. Senopati No. 18, RT 06/RW 01",Jakarta Selatan,-6.269257,106.79781,-6.257921,106.811209,2026-09-19,16:15:00,16:41:00,9.7,16x23x26,Standard,N/A,Hujan Deras,Lancar,Motorcycle,In_Transit,2026-09-20 16:41:00,1440,131,SAFE,Mainan Anak
100024000612,Dokumen,STR-JKT-002,Agus Prayitno,HUB-JAKSEL-TEBET,-6.225588,106.855324,"Jl. Gatot Subroto Kav. 22, RT 04/RW 08",Jakarta Selatan,-6.168095,106.799135,-6.176379,106.810806,2026-09-18,14:30:00,14:45:00,1.39,35x25x2,Secure_Document_Pouch,N/A,Cerah,Lancar,Motorcycle,Assigned,2026-09-20 14:45:00,2880,15,MEDIUM_RISK,Dokumen Penting
100024000613,Instant,STR-JKT-012,Wahyu Hidayat,HUB-TGR-BSD,-6.302143,106.652194,"Jl. M.H. Thamrin No. 12, RT 03/RW 03",Tangerang Selatan,-6.234327,106.720386,-6.253502,106.703905,2026-09-21,08:19:00,09:18:00,3.5,30x19x11,Instant_Direct,N/A,Berawan,Padat,Motorcycle,In_Transit,2026-09-21 12:18:00,180,1308,SAFE,Obat Darurat
100024000614,Mini Cargo,STR-JKT-004,Hendra Wijaya,HUB-BKS-HARAPANINDAH,-6.180215,106.984211,"Jl. BSD Raya Utama Blok A2, RT 01/RW 08",Bekasi,-6.211283,107.040362,-6.202708,107.025336,2026-09-18,14:18:00,14:43:00,9.8,55x40x22,Bulky_UMKM,N/A,Berawan,Padat,Van,Incident_Reported,2026-09-20 14:43:00,2880,13,HIGH_RISK,Tekstil & Garmen
100024000615,Same Day,STR-JKT-001,Budi Santoso,HUB-BKS-HARAPANINDAH,-6.180215,106.984211,"Jl. BSD Raya Utama Blok A2, RT 04/RW 02",Bekasi,-6.210342,106.954312,-6.204207,106.963387,2026-09-20,23:25:00,00:04:00,3.5,18x13x17,Same_Day_Priority,N/A,Cerah,Sedang,Motorcycle,In_Transit,2026-09-21 08:04:00,480,1054,SAFE,Pakaian
100024000616,Cargo,STR-JKT-007,Dimas Setiawan,HUB-JAKBAR-KEBONJERUK,-6.189512,106.769941,"Jl. M.H. Thamrin No. 12, RT 09/RW 04",Jakarta Barat,-6.225667,106.786086,-6.208167,106.777896,2026-09-19,01:29:00,01:56:00,126.9,66x98x72,Heavy_Cargo,N/A,Cerah,Lancar,Cargo_Truck,Delivered,2026-09-21 01:56:00,2880,686,SAFE,Otomotif & Mesin
100024000617,Regular,STR-JKT-006,Fajar Ramadhan,HUB-BKS-HARAPANINDAH,-6.180215,106.984211,"Jl. Juanda No. 34, RT 01/RW 08",Bekasi,-6.228781,106.955064,-6.19156,106.976706,2026-09-18,13:47:00,14:35:00,2.4,25x11x13,Standard,N/A,Hujan Deras,Sedang,Van,In_Transit,2026-09-20 14:35:00,2880,5,HIGH_RISK,Pakaian
100024000618,Instant,STR-JKT-005,Eko Prasetyo,HUB-JAKTIM-RAWAMANGUN,-6.194218,106.883905,"Jl. Sudirman No. 45, RT 07/RW 01",Jakarta Timur,-6.162847,106.858937,-6.186259,106.880594,2026-09-21,00:45:00,01:18:00,3.9,11x12x5,Instant_Direct,N/A,Berawan,Lancar,Motorcycle,In_Transit,2026-09-21 04:18:00,180,828,SAFE,Kebutuhan Pokok Cepat
100024000619,Same Day,STR-JKT-003,Rizky Pratama,HUB-JAKPUS-TANAHABANG,-6.187841,106.814327,"Jl. TB Simatupang No. 30, RT 08/RW 09",Jakarta Pusat,-6.162238,106.830092,-6.174887,106.820231,2026-09-20,14:27:00,14:43:00,6.8,27x18x15,Same_Day_Priority,N/A,Cerah,Sedang,Motorcycle,In_Transit,2026-09-20 22:43:00,480,493,SAFE,Snack & Makanan Kering
100024000620,Same Day,STR-JKT-012,Wahyu Hidayat,HUB-JAKSEL-TEBET,-6.225588,106.855324,"Jl. Boulevard Barat Kelapa Gading, RT 04/RW 07",Jakarta Selatan,-6.231198,106.88482,-6.230194,106.870342,2026-09-20,20:32:00,21:20:00,3.5,25x20x22,Same_Day_Priority,N/A,Cerah,Sedang,Motorcycle,In_Transit,2026-09-21 05:20:00,480,890,SAFE,Kosmetik
100024000621,Regular,STR-JKT-004,Hendra Wijaya,HUB-JAKPUS-TANAHABANG,-6.187841,106.814327,"Jl. Juanda No. 34, RT 09/RW 07",Jakarta Pusat,-6.178267,106.877048,-6.179812,106.854936,2026-09-20,01:06:00,01:33:00,8.3,29x19x29,Standard,N/A,Cerah,Lancar,Van,In_Transit,2026-09-21 01:33:00,1440,663,SAFE,Kecantikan
100024000622,Next Day,STR-TGR-001,Rian Kusuma,HUB-JAKTIM-RAWAMANGUN,-6.194218,106.883905,"Jl. Kemang Raya No. 5, RT 07/RW 03",Jakarta Timur,-6.171867,106.945102,-6.181451,106.908724,2026-09-20,13:43:00,14:18:00,6.0,40x16x14,Standard,N/A,Berawan,Lancar,Motorcycle,In_Transit,2026-09-21 14:18:00,1440,1428,SAFE,Buku
100024000623,Mini Cargo,STR-JKT-013,Gilang Permana,HUB-JAKTIM-RAWAMANGUN,-6.194218,106.883905,"Jl. M.H. Thamrin No. 12, RT 02/RW 02",Jakarta Timur,-6.157451,106.882041,-6.171414,106.883013,2026-09-19,13:58:00,14:32:00,33.1,40x36x26,Bulky_UMKM,N/A,Banjir,Macet Total,Van,Incident_Reported,2026-09-20 14:32:00,1440,2,HIGH_RISK,Tekstil & Garmen
100024000624,Same Day,STR-BKS-001,Aditya Putra,HUB-TGR-BSD,-6.302143,106.652194,"Jl. H.R. Rasuna Said No. 8, RT 09/RW 03",Tangerang Selatan,-6.29046,106.69815,-6.295284,106.673109,2026-09-20,11:17:00,12:16:00,3.2,32x27x25,Same_Day_Priority,N/A,Cerah,Lancar,Motorcycle,Assigned,2026-09-20 20:16:00,480,346,SAFE,Snack & Makanan Kering
100024000625,Regular,STR-JKT-014,Ilham Saputra,HUB-JAKBAR-KEBONJERUK,-6.189512,106.769941,"Jl. BSD Raya Utama Blok A2, RT 08/RW 07",Jakarta Barat,-6.16657,106.720471,-6.177392,106.744928,2026-09-19,14:59:00,15:45:00,14.0,33x28x15,Standard,N/A,Berawan,Macet Total,Motorcycle,Delivered,2026-09-20 15:45:00,1440,75,SAFE,Kecantikan
100024000626,Next Day,STR-JKT-012,Wahyu Hidayat,HUB-TGR-BSD,-6.302143,106.652194,"Jl. BSD Raya Utama Blok A2, RT 03/RW 02",Tangerang Selatan,-6.233849,106.706303,-6.290796,106.66172,2026-09-20,13:08:00,13:54:00,7.3,40x12x21,Standard,N/A,Cerah,Sedang,Motorcycle,In_Transit,2026-09-21 13:54:00,1440,1404,SAFE,Mainan Anak
100024000627,PHARMA,STR-JKT-008,Bayu Nugroho,HUB-BKS-HARAPANINDAH,-6.180215,106.984211,"Jl. Sudirman No. 45, RT 08/RW 06",Bekasi,-6.111377,106.965341,-6.157631,106.980935,2026-09-19,16:07:00,16:51:00,3.98,28x15x10,BPOM_Pharma,21.7,Berawan,Sedang,Motorcycle,In_Transit,2026-09-20 16:51:00,1440,141,SAFE,Vaksin & Biologis
100024000628,Same Day,STR-JKT-012,Wahyu Hidayat,HUB-JAKSEL-TEBET,-6.225588,106.855324,"Jl. BSD Raya Utama Blok A2, RT 04/RW 08",Jakarta Selatan,-6.277297,106.922279,-6.254529,106.891736,2026-09-20,07:55:00,08:18:00,2.7,31x23x23,Same_Day_Priority,N/A,Berawan,Lancar,Motorcycle,Delivered,2026-09-20 16:18:00,480,108,SAFE,Snack & Makanan Kering
100024000629,Dokumen,STR-JKT-002,Agus Prayitno,HUB-BDG-BATUNUNGGAL,-6.953812,107.627419,"Jl. Ahmad Yani No. 102, RT 09/RW 02",Bandung,-6.996806,107.596849,-6.963069,107.622082,2026-09-18,13:34:00,13:53:00,0.35,35x25x2,Secure_Document_Pouch,N/A,Hujan Deras,Sedang,Motorcycle,In_Transit,2026-09-20 13:53:00,2880,-37,BREACHED,Dokumen Penting
100024000630,Mini Cargo,STR-JKT-004,Hendra Wijaya,HUB-JAKBAR-KEBONJERUK,-6.189512,106.769941,"Jl. Basuki Rahmat No. 40, RT 02/RW 03",Jakarta Barat,-6.138595,106.701291,-6.179553,106.761218,2026-09-20,06:22:00,06:48:00,25.0,31x47x24,Bulky_UMKM,N/A,Berawan,Lancar,Van,In_Transit,2026-09-21 06:48:00,1440,978,SAFE,Tekstil & Garmen
100024000631,Frozen,STR-JKT-009,Aris Munandar,HUB-JAKSEL-TEBET,-6.225588,106.855324,"Jl. Asia Afrika No. 80, RT 04/RW 08",Jakarta Selatan,-6.234972,106.881308,-6.227075,106.862367,2026-09-20,23:39:00,23:59:00,8.9,38x16x29,Cold_Chain_-2_to_5C,1.4,Berawan,Lancar,Van,In_Transit,2026-09-21 07:59:00,480,1049,SAFE,Daging & Seafood
100024000632,Regular,STR-JKT-012,Wahyu Hidayat,HUB-JAKTIM-RAWAMANGUN,-6.194218,106.883905,"Jl. Kemang Raya No. 5, RT 03/RW 06",Jakarta Timur,-6.141273,106.894466,-6.181515,106.888459,2026-09-18,22:20:00,22:51:00,9.1,31x30x19,Standard,N/A,Cerah,Sedang,Motorcycle,Assigned,2026-09-20 22:51:00,2880,501,SAFE,Elektronik
100024000633,Dokumen,STR-JKT-002,Agus Prayitno,HUB-BDG-BATUNUNGGAL,-6.953812,107.627419,"Jl. M.H. Thamrin No. 12, RT 02/RW 08",Bandung,-7.022834,107.682097,-6.998502,107.65975,2026-09-18,16:08:00,17:08:00,1.04,35x25x2,Secure_Document_Pouch,N/A,Berawan,Padat,Motorcycle,In_Transit,2026-09-20 17:08:00,2880,158,SAFE,Dokumen Penting
100024000634,Frozen,STR-JKT-011,Doni Kurniawan,HUB-JAKBAR-KEBONJERUK,-6.189512,106.769941,"Jl. Gatot Subroto Kav. 22, RT 05/RW 06",Jakarta Barat,-6.214936,106.807935,-6.208412,106.800594,2026-09-20,22:47:00,23:28:00,4.1,26x22x20,Cold_Chain_-2_to_5C,2.6,Cerah,Lancar,Motorcycle,In_Transit,2026-09-21 07:28:00,480,1018,SAFE,Makanan Beku
100024000635,Next Day,STR-TGR-001,Rian Kusuma,HUB-BKS-HARAPANINDAH,-6.180215,106.984211,"Jl. Margonda Raya No. 150, RT 01/RW 03",Bekasi,-6.185308,107.040084,-6.184739,107.01178,2026-09-20,03:40:00,04:06:00,4.0,28x15x14,Standard,N/A,Hujan Deras,Sedang,Motorcycle,In_Transit,2026-09-21 04:06:00,1440,816,SAFE,Mainan Anak
100024000636,Regular,STR-JKT-006,Fajar Ramadhan,HUB-DPK-MARGONDA,-6.372841,106.832714,"Jl. Ir. H. Djuanda No. 120, RT 05/RW 04",Depok,-6.421855,106.809938,-6.381584,106.827773,2026-09-19,14:25:00,15:00:00,7.5,36x11x21,Standard,N/A,Cerah,Padat,Van,In_Transit,2026-09-20 15:00:00,1440,30,MEDIUM_RISK,Pakaian
100024000637,Instant,STR-BKS-001,Aditya Putra,HUB-JAKTIM-RAWAMANGUN,-6.194218,106.883905,"Jl. Pemuda No. 71, RT 03/RW 06",Jakarta Timur,-6.231297,106.945972,-6.22114,106.925208,2026-09-21,10:34:00,11:25:00,0.8,19x20x16,Instant_Direct,N/A,Berawan,Sedang,Motorcycle,Delivered,2026-09-21 14:25:00,180,1435,SAFE,Minuman Segar
100024000638,Regular,STR-JKT-005,Eko Prasetyo,HUB-DPK-MARGONDA,-6.372841,106.832714,"Jl. Ahmad Yani No. 102, RT 08/RW 05",Depok,-6.39104,106.797169,-6.386474,106.806341,2026-09-18,09:55:00,10:47:00,14.5,40x30x28,Standard,N/A,Berawan,Sedang,Motorcycle,In_Transit,2026-09-21 10:47:00,4320,1217,SAFE,Elektronik
100024000639,Mini Cargo,STR-JKT-011,Doni Kurniawan,HUB-JAKPUS-TANAHABANG,-6.187841,106.814327,"Jl. TB Simatupang No. 30, RT 06/RW 02",Jakarta Pusat,-6.189439,106.810092,-6.188037,106.811208,2026-09-20,06:14:00,06:52:00,6.7,42x49x26,Bulky_UMKM,N/A,Berawan,Padat,Motorcycle,Assigned,2026-09-21 06:52:00,1440,982,SAFE,Bahan Makanan Kering UMKM
100024000640,Regular,STR-JKT-008,Bayu Nugroho,HUB-JAKPUS-TANAHABANG,-6.187841,106.814327,"Jl. Panjang No. 14, RT 06/RW 08",Jakarta Pusat,-6.226574,106.744754,-6.202584,106.786917,2026-09-18,11:25:00,11:43:00,14.4,34x29x13,Standard,N/A,Gerimis,Lancar,Motorcycle,Assigned,2026-09-21 11:43:00,4320,1273,SAFE,Perlengkapan Rumah
100024000641,Regular,STR-JKT-003,Rizky Pratama,HUB-BDG-BATUNUNGGAL,-6.953812,107.627419,"Jl. Panjang No. 14, RT 04/RW 03",Bandung,-6.984268,107.668118,-6.965487,107.64264,2026-09-17,15:39:00,16:04:00,5.7,39x14x24,Standard,N/A,Berawan,Sedang,Motorcycle,In_Transit,2026-09-20 16:04:00,4320,94,SAFE,Kecantikan
100024000642,Cargo,STR-TGR-002,Surya Darma,HUB-JAKBAR-KEBONJERUK,-6.189512,106.769941,"Jl. Raya Darmo No. 55, RT 03/RW 06",Jakarta Barat,-6.128346,106.763773,-6.17123,106.76687,2026-09-17,19:02:00,19:18:00,133.5,70x93x142,Heavy_Cargo,N/A,Cerah,Lancar,Van,In_Transit,2026-09-20 19:18:00,4320,288,SAFE,Grosir Bahan Industri
100024000643,Instant,STR-JKT-003,Rizky Pratama,HUB-BKS-HARAPANINDAH,-6.180215,106.984211,"Jl. Raya Darmo No. 55, RT 01/RW 09",Bekasi,-6.225295,107.000042,-6.210115,106.993958,2026-09-20,10:16:00,10:53:00,0.9,26x15x12,Instant_Direct,N/A,Gerimis,Macet Total,Motorcycle,In_Transit,2026-09-20 13:53:00,180,-37,BREACHED,Makanan Siap Saji
100024000644,Same Day,STR-JKT-008,Bayu Nugroho,HUB-JAKBAR-KEBONJERUK,-6.189512,106.769941,"Jl. TB Simatupang No. 30, RT 09/RW 02",Jakarta Barat,-6.190568,106.776257,-6.189207,106.772584,2026-09-20,21:27:00,22:23:00,2.0,16x30x10,Same_Day_Priority,N/A,Cerah,Sedang,Motorcycle,Assigned,2026-09-21 06:23:00,480,953,SAFE,Pakaian
100024000645,Regular,STR-JKT-012,Wahyu Hidayat,HUB-JAKSEL-TEBET,-6.225588,106.855324,"Jl. Ahmad Yani No. 102, RT 06/RW 07",Jakarta Selatan,-6.289683,106.891518,-6.275097,106.882647,2026-09-20,13:30:00,13:57:00,7.5,36x23x27,Standard,N/A,Cerah,Sedang,Motorcycle,In_Transit,2026-09-21 13:57:00,1440,1407,SAFE,Pakaian
100024000646,Regular,STR-JKT-012,Wahyu Hidayat,HUB-SBY-GUBENG,-7.265412,112.752189,"Jl. Senopati No. 18, RT 07/RW 04",Surabaya,-7.266607,112.731102,-7.263369,112.747891,2026-09-19,13:52:00,14:45:00,4.2,26x26x22,Standard,N/A,Gerimis,Sedang,Motorcycle,In_Transit,2026-09-20 14:45:00,1440,15,MEDIUM_RISK,Elektronik
100024000647,Regular,STR-JKT-008,Bayu Nugroho,HUB-JAKUT-SUNTER,-6.138472,106.865419,"Jl. Asia Afrika No. 80, RT 07/RW 04",Jakarta Utara,-6.153503,106.886484,-6.145806,106.878045,2026-09-18,14:08:00,14:46:00,3.2,33x19x16,Standard,N/A,Cerah,Lancar,Motorcycle,In_Transit,2026-09-20 14:46:00,2880,16,MEDIUM_RISK,Olahraga
100024000648,Instant,STR-JKT-012,Wahyu Hidayat,HUB-JAKPUS-TANAHABANG,-6.187841,106.814327,"Jl. Kemang Raya No. 5, RT 03/RW 06",Jakarta Pusat,-6.178482,106.86814,-6.184717,106.830764,2026-09-20,12:38:00,12:57:00,3.1,15x25x20,Instant_Direct,N/A,Berawan,Sedang,Motorcycle,In_Transit,2026-09-20 14:57:00,120,27,MEDIUM_RISK,Obat Darurat
100024000649,PHARMA,STR-DPK-001,Indra Gunawan,HUB-JAKSEL-TEBET,-6.225588,106.855324,"Jl. BSD Raya Utama Blok A2, RT 03/RW 02",Jakarta Selatan,-6.208889,106.905327,-6.209435,106.894785,2026-09-20,07:36:00,07:58:00,7.49,17x14x16,BPOM_Pharma,17.7,Hujan Deras,Macet Total,Motorcycle,In_Transit,2026-09-20 13:58:00,360,-32,BREACHED,Alat Kesehatan
100024000650,Same Day,STR-BKS-001,Aditya Putra,HUB-JAKPUS-TANAHABANG,-6.187841,106.814327,"Jl. Raya Pajajaran No. 9, RT 03/RW 01",Jakarta Pusat,-6.240995,106.833466,-6.229495,106.83224,2026-09-20,06:24:00,06:43:00,5.0,23x18x10,Same_Day_Priority,N/A,Berawan,Macet Total,Motorcycle,In_Transit,2026-09-20 14:43:00,480,13,HIGH_RISK,Gadget & Aksesoris
100024000651,Regular,STR-JKT-008,Bayu Nugroho,HUB-JAKBAR-KEBONJERUK,-6.189512,106.769941,"Jl. Senopati No. 18, RT 01/RW 01",Jakarta Barat,-6.203857,106.752781,-6.192442,106.766715,2026-09-17,23:57:00,00:40:00,12.1,15x18x16,Standard,N/A,Berawan,Sedang,Motorcycle,Assigned,2026-09-21 00:40:00,4320,610,SAFE,Elektronik
100024000652,Frozen,STR-JKT-013,Gilang Permana,HUB-JAKSEL-TEBET,-6.225588,106.855324,"Jl. Kebon Jeruk Raya No. 88, RT 01/RW 05",Jakarta Selatan,-6.173295,106.902279,-6.199095,106.876608,2026-09-21,02:37:00,03:29:00,2.4,31x19x25,Cold_Chain_-2_to_5C,0.8,Cerah,Padat,Van,In_Transit,2026-09-21 11:29:00,480,1259,SAFE,Buah & Sayuran Segar
100024000653,Next Day,STR-JKT-014,Ilham Saputra,HUB-TGR-BSD,-6.302143,106.652194,"Jl. Margonda Raya No. 150, RT 06/RW 07",Tangerang Selatan,-6.264719,106.602863,-6.276571,106.622621,2026-09-19,14:00:00,14:36:00,6.6,29x27x15,Standard,N/A,Hujan Deras,Padat,Motorcycle,In_Transit,2026-09-20 14:36:00,1440,6,HIGH_RISK,Pakaian
100024000654,Mini Cargo,STR-JKT-002,Agus Prayitno,HUB-JAKTIM-RAWAMANGUN,-6.194218,106.883905,"Jl. TB Simatupang No. 30, RT 04/RW 07",Jakarta Timur,-6.180387,106.889535,-6.186131,106.889821,2026-09-19,13:40:00,14:38:00,21.9,48x25x28,Bulky_UMKM,N/A,Hujan Deras,Macet Total,Motorcycle,In_Transit,2026-09-20 14:38:00,1440,8,HIGH_RISK,Tekstil & Garmen
100024000655,Same Day,STR-JKT-003,Rizky Pratama,HUB-JAKBAR-KEBONJERUK,-6.189512,106.769941,"Jl. BSD Raya Utama Blok A2, RT 04/RW 06",Jakarta Barat,-6.213944,106.817047,-6.19694,106.789456,2026-09-20,10:18:00,10:42:00,5.9,21x10x13,Same_Day_Priority,N/A,Cerah,Sedang,Motorcycle,Delivered,2026-09-20 18:42:00,480,252,SAFE,Gadget & Aksesoris
100024000656,Dokumen,STR-DPK-001,Indra Gunawan,HUB-JAKUT-SUNTER,-6.138472,106.865419,"Jl. Kemang Raya No. 5, RT 01/RW 01",Jakarta Utara,-6.174615,106.852276,-6.16452,106.853435,2026-09-18,13:21:00,13:52:00,0.2,35x25x2,Secure_Document_Pouch,N/A,Berawan,Macet Total,Motorcycle,In_Transit,2026-09-20 13:52:00,2880,-38,BREACHED,Dokumen Penting
100024000657,Regular,STR-JKT-002,Agus Prayitno,HUB-TGR-BSD,-6.302143,106.652194,"Jl. Pemuda No. 71, RT 07/RW 08",Tangerang Selatan,-6.279521,106.583674,-6.290228,106.612504,2026-09-19,10:31:00,11:20:00,7.6,26x10x18,Standard,N/A,Cerah,Sedang,Motorcycle,Assigned,2026-09-21 11:20:00,2880,1250,SAFE,Kecantikan
100024000658,Same Day,STR-DPK-001,Indra Gunawan,HUB-SBY-GUBENG,-7.265412,112.752189,"Jl. M.H. Thamrin No. 12, RT 08/RW 02",Surabaya,-7.24858,112.731337,-7.2515,112.732047,2026-09-21,00:45:00,01:38:00,6.5,29x22x20,Same_Day_Priority,N/A,Cerah,Lancar,Motorcycle,Delivered,2026-09-21 09:38:00,480,1148,SAFE,Kosmetik
100024000659,Regular,STR-TGR-001,Rian Kusuma,HUB-JAKUT-SUNTER,-6.138472,106.865419,"Jl. TB Simatupang No. 30, RT 01/RW 09",Jakarta Utara,-6.131104,106.893985,-6.134357,106.876296,2026-09-18,07:51:00,08:13:00,12.1,32x30x11,Standard,N/A,Cerah,Lancar,Motorcycle,In_Transit,2026-09-21 08:13:00,4320,1063,SAFE,Perlengkapan Rumah
100024000660,Next Day,STR-JKT-006,Fajar Ramadhan,HUB-DPK-MARGONDA,-6.372841,106.832714,"Jl. TB Simatupang No. 30, RT 02/RW 04",Depok,-6.401766,106.785498,-6.384069,106.813695,2026-09-19,22:59:00,23:35:00,7.8,16x19x15,Standard,N/A,Cerah,Sedang,Van,Assigned,2026-09-20 23:35:00,1440,545,SAFE,Sepatu
100024000661,Instant,STR-TGR-001,Rian Kusuma,HUB-DPK-MARGONDA,-6.372841,106.832714,"Jl. TB Simatupang No. 30, RT 03/RW 01",Depok,-6.410818,106.824967,-6.394697,106.825361,2026-09-21,01:03:00,01:35:00,4.5,21x13x18,Instant_Direct,N/A,Berawan,Lancar,Motorcycle,In_Transit,2026-09-21 03:35:00,120,785,SAFE,Kebutuhan Pokok Cepat
100024000662,Dokumen,STR-JKT-014,Ilham Saputra,HUB-JAKBAR-KEBONJERUK,-6.189512,106.769941,"Jl. Kebon Jeruk Raya No. 88, RT 03/RW 02",Jakarta Barat,-6.250387,106.73673,-6.239922,106.742313,2026-09-18,13:01:00,13:50:00,1.02,35x25x2,Secure_Document_Pouch,N/A,Hujan Deras,Padat,Motorcycle,In_Transit,2026-09-20 13:50:00,2880,-40,BREACHED,Dokumen Penting
100024000663,Same Day,STR-TGR-001,Rian Kusuma,HUB-JAKBAR-KEBONJERUK,-6.189512,106.769941,"Jl. Kemang Raya No. 5, RT 03/RW 05",Jakarta Barat,-6.123591,106.791818,-6.155067,106.779376,2026-09-20,06:09:00,06:43:00,5.6,18x26x18,Same_Day_Priority,N/A,Gerimis,Padat,Motorcycle,Incident_Reported,2026-09-20 14:43:00,480,13,HIGH_RISK,Pakaian
100024000664,Regular,STR-JKT-005,Eko Prasetyo,HUB-JAKPUS-TANAHABANG,-6.187841,106.814327,"Jl. H.R. Rasuna Said No. 8, RT 03/RW 07",Jakarta Pusat,-6.137359,106.856499,-6.173753,106.826095,2026-09-18,12:10:00,12:29:00,10.1,31x14x12,Standard,N/A,Cerah,Padat,Motorcycle,In_Transit,2026-09-21 12:29:00,4320,1319,SAFE,Kecantikan
100024000665,Regular,STR-JKT-014,Ilham Saputra,HUB-BKS-HARAPANINDAH,-6.180215,106.984211,"Jl. Margonda Raya No. 150, RT 01/RW 06",Bekasi,-6.132647,106.964852,-6.167002,106.975612,2026-09-17,15:14:00,16:01:00,6.0,34x17x14,Standard,N/A,Cerah,Sedang,Motorcycle,Delivered,2026-09-20 16:01:00,4320,91,SAFE,Kecantikan
100024000666,Instant,STR-JKT-011,Doni Kurniawan,HUB-JAKTIM-RAWAMANGUN,-6.194218,106.883905,"Jl. Margonda Raya No. 150, RT 02/RW 09",Jakarta Timur,-6.23043,106.886881,-6.214801,106.885986,2026-09-20,11:10:00,11:44:00,1.5,18x24x15,Instant_Direct,N/A,Cerah,Padat,Motorcycle,Incident_Reported,2026-09-20 14:44:00,180,14,HIGH_RISK,Obat Darurat
100024000667,Next Day,STR-JKT-003,Rizky Pratama,HUB-DPK-MARGONDA,-6.372841,106.832714,"Jl. Basuki Rahmat No. 40, RT 03/RW 08",Depok,-6.388788,106.884676,-6.381747,106.86809,2026-09-20,07:00:00,07:47:00,2.9,23x18x19,Standard,N/A,Hujan Deras,Sedang,Motorcycle,In_Transit,2026-09-21 07:47:00,1440,1037,SAFE,Mainan Anak
100024000668,PHARMA,STR-TGR-002,Surya Darma,HUB-TGR-BSD,-6.302143,106.652194,"Jl. Asia Afrika No. 80, RT 07/RW 05",Tangerang Selatan,-6.245133,106.661436,-6.280845,106.657789,2026-09-20,04:58:00,05:33:00,7.6,19x14x13,BPOM_Pharma,21.4,Berawan,Lancar,Van,In_Transit,2026-09-21 05:33:00,1440,903,SAFE,Vaksin & Biologis
100024000669,Next Day,STR-BKS-001,Aditya Putra,HUB-BDG-BATUNUNGGAL,-6.953812,107.627419,"Jl. Ahmad Yani No. 102, RT 03/RW 08",Bandung,-6.999534,107.658862,-6.98788,107.649654,2026-09-20,03:56:00,04:27:00,5.6,19x18x29,Standard,N/A,Cerah,Lancar,Motorcycle,In_Transit,2026-09-21 04:27:00,1440,837,SAFE,Pakaian
100024000670,Same Day,STR-JKT-012,Wahyu Hidayat,HUB-BDG-BATUNUNGGAL,-6.953812,107.627419,"Jl. Juanda No. 34, RT 09/RW 05",Bandung,-6.886071,107.557876,-6.932087,107.610357,2026-09-20,20:44:00,21:26:00,4.6,30x29x13,Same_Day_Priority,N/A,Cerah,Lancar,Motorcycle,In_Transit,2026-09-21 05:26:00,480,896,SAFE,Gadget & Aksesoris
100024000671,Regular,STR-JKT-008,Bayu Nugroho,HUB-JAKTIM-RAWAMANGUN,-6.194218,106.883905,"Jl. H.R. Rasuna Said No. 8, RT 09/RW 09",Jakarta Timur,-6.24701,106.920322,-6.24163,106.912133,2026-09-19,17:45:00,18:21:00,0.9,36x28x11,Standard,N/A,Gerimis,Sedang,Motorcycle,Delivered,2026-09-20 18:21:00,1440,231,SAFE,Pakaian
100024000672,Dokumen,STR-JKT-012,Wahyu Hidayat,HUB-JAKUT-SUNTER,-6.138472,106.865419,"Jl. Ir. H. Djuanda No. 120, RT 06/RW 04",Jakarta Utara,-6.1483,106.827687,-6.143776,106.842029,2026-09-18,14:01:00,14:55:00,0.38,35x25x2,Secure_Document_Pouch,N/A,Berawan,Lancar,Motorcycle,In_Transit,2026-09-20 14:55:00,2880,25,MEDIUM_RISK,Dokumen Penting
100024000673,Regular,STR-JKT-011,Doni Kurniawan,HUB-SBY-GUBENG,-7.265412,112.752189,"Jl. Margonda Raya No. 150, RT 04/RW 04",Surabaya,-7.231748,112.819203,-7.254089,112.772468,2026-09-17,20:05:00,20:44:00,1.9,22x19x23,Standard,N/A,Gerimis,Padat,Motorcycle,In_Transit,2026-09-20 20:44:00,4320,374,SAFE,Olahraga
100024000674,Regular,STR-JKT-013,Gilang Permana,HUB-JAKBAR-KEBONJERUK,-6.189512,106.769941,"Jl. BSD Raya Utama Blok A2, RT 01/RW 09",Jakarta Barat,-6.202317,106.76212,-6.190452,106.770048,2026-09-18,21:12:00,22:05:00,5.0,30x26x29,Standard,N/A,Gerimis,Sedang,Van,In_Transit,2026-09-20 22:05:00,2880,455,SAFE,Kecantikan
100024000675,Regular,STR-DPK-001,Indra Gunawan,HUB-JAKBAR-KEBONJERUK,-6.189512,106.769941,"Jl. Ahmad Yani No. 102, RT 06/RW 07",Jakarta Barat,-6.175379,106.797791,-6.181927,106.779724,2026-09-19,00:00:00,01:00:00,14.4,36x28x17,Standard,N/A,Gerimis,Lancar,Motorcycle,Assigned,2026-09-21 01:00:00,2880,630,SAFE,Pakaian
100024000676,Same Day,STR-JKT-003,Rizky Pratama,HUB-TGR-BSD,-6.302143,106.652194,"Jl. Margonda Raya No. 150, RT 05/RW 06",Tangerang Selatan,-6.32181,106.585063,-6.311427,106.621167,2026-09-20,06:17:00,06:56:00,1.6,33x30x16,Same_Day_Priority,N/A,Gerimis,Lancar,Motorcycle,In_Transit,2026-09-20 14:56:00,480,26,MEDIUM_RISK,Pakaian
100024000677,Cargo,STR-JKT-007,Dimas Setiawan,HUB-JAKBAR-KEBONJERUK,-6.189512,106.769941,"Jl. Asia Afrika No. 80, RT 05/RW 08",Jakarta Barat,-6.160517,106.722167,-6.172354,106.740695,2026-09-19,14:29:00,14:49:00,100.0,69x50x116,Heavy_Cargo,N/A,Gerimis,Lancar,Cargo_Truck,In_Transit,2026-09-20 14:49:00,1440,19,MEDIUM_RISK,Elektronik Besar
100024000678,Next Day,STR-JKT-004,Hendra Wijaya,HUB-JAKTIM-RAWAMANGUN,-6.194218,106.883905,"Jl. Kemang Raya No. 5, RT 02/RW 02",Jakarta Timur,-6.223864,106.87974,-6.209441,106.879149,2026-09-19,23:27:00,00:16:00,7.9,32x21x15,Standard,N/A,Berawan,Lancar,Van,Delivered,2026-09-21 00:16:00,1440,586,SAFE,Sepatu
100024000679,Regular,STR-JKT-014,Ilham Saputra,HUB-JAKSEL-TEBET,-6.225588,106.855324,"Jl. M.H. Thamrin No. 12, RT 07/RW 03",Jakarta Selatan,-6.250021,106.809375,-6.232031,106.839678,2026-09-19,14:00:00,15:00:00,8.7,23x24x17,Standard,N/A,Cerah,Lancar,Motorcycle,In_Transit,2026-09-20 15:00:00,1440,30,MEDIUM_RISK,Kecantikan
100024000680,Regular,STR-JKT-014,Ilham Saputra,HUB-SBY-GUBENG,-7.265412,112.752189,"Jl. Raya Pajajaran No. 9, RT 07/RW 09",Surabaya,-7.22978,112.691579,-7.25365,112.726849,2026-09-19,04:27:00,04:52:00,11.9,33x22x18,Standard,N/A,Gerimis,Sedang,Motorcycle,In_Transit,2026-09-21 04:52:00,2880,862,SAFE,Olahraga
100024000681,Next Day,STR-JKT-001,Budi Santoso,HUB-JAKSEL-TEBET,-6.225588,106.855324,"Jl. Margonda Raya No. 150, RT 07/RW 07",Jakarta Selatan,-6.266623,106.869296,-6.243509,106.86164,2026-09-19,15:01:00,15:53:00,2.5,39x30x14,Standard,N/A,Cerah,Lancar,Motorcycle,Assigned,2026-09-20 15:53:00,1440,83,SAFE,Buku
100024000682,Cargo,STR-JKT-004,Hendra Wijaya,HUB-JAKUT-SUNTER,-6.138472,106.865419,"Jl. BSD Raya Utama Blok A2, RT 08/RW 08",Jakarta Utara,-6.152981,106.815343,-6.147372,106.82486,2026-09-18,21:26:00,22:04:00,103.9,59x97x131,Heavy_Cargo,N/A,Cerah,Lancar,Van,In_Transit,2026-09-20 22:04:00,2880,454,SAFE,Elektronik Besar
100024000683,Next Day,STR-JKT-012,Wahyu Hidayat,HUB-BKS-HARAPANINDAH,-6.180215,106.984211,"Jl. Ir. H. Djuanda No. 120, RT 08/RW 01",Bekasi,-6.126028,107.036307,-6.17036,106.996801,2026-09-20,06:26:00,07:26:00,9.3,20x10x13,Standard,N/A,Cerah,Lancar,Motorcycle,In_Transit,2026-09-21 07:26:00,1440,1016,SAFE,Sepatu
100024000684,Regular,STR-BKS-001,Aditya Putra,HUB-BDG-BATUNUNGGAL,-6.953812,107.627419,"Jl. Juanda No. 34, RT 06/RW 06",Bandung,-6.993195,107.630372,-6.960964,107.629703,2026-09-17,15:58:00,16:49:00,11.4,28x26x11,Standard,N/A,Berawan,Sedang,Motorcycle,In_Transit,2026-09-20 16:49:00,4320,139,SAFE,Olahraga
100024000685,Frozen,STR-JKT-011,Doni Kurniawan,HUB-JAKTIM-RAWAMANGUN,-6.194218,106.883905,"Jl. Panjang No. 14, RT 03/RW 03",Jakarta Timur,-6.133605,106.866814,-6.157458,106.874773,2026-09-20,12:56:00,13:47:00,3.0,21x24x15,Cold_Chain_-2_to_5C,-0.6,Cerah,Lancar,Motorcycle,In_Transit,2026-09-20 21:47:00,480,437,SAFE,Daging & Seafood
100024000686,Cargo,STR-JKT-007,Dimas Setiawan,HUB-JAKTIM-RAWAMANGUN,-6.194218,106.883905,"Jl. Senopati No. 18, RT 01/RW 05",Jakarta Timur,-6.20445,106.893451,-6.204583,106.894901,2026-09-18,16:26:00,17:20:00,267.0,81x47x60,Heavy_Cargo,N/A,Cerah,Padat,Cargo_Truck,Assigned,2026-09-20 17:20:00,2880,170,SAFE,Grosir Bahan Industri
100024000687,Same Day,STR-JKT-005,Eko Prasetyo,HUB-DPK-MARGONDA,-6.372841,106.832714,"Jl. Ahmad Yani No. 102, RT 06/RW 09",Depok,-6.309047,106.798846,-6.335994,106.816278,2026-09-20,06:17:00,06:53:00,2.0,15x23x25,Same_Day_Priority,N/A,Berawan,Sedang,Motorcycle,Assigned,2026-09-20 14:53:00,480,23,MEDIUM_RISK,Snack & Makanan Kering
100024000688,Same Day,STR-JKT-002,Agus Prayitno,HUB-BKS-HARAPANINDAH,-6.180215,106.984211,"Jl. Ir. H. Djuanda No. 120, RT 04/RW 04",Bekasi,-6.243035,106.997048,-6.226345,106.995285,2026-09-20,14:53:00,15:34:00,5.0,31x21x23,Same_Day_Priority,N/A,Cerah,Lancar,Motorcycle,In_Transit,2026-09-20 23:34:00,480,544,SAFE,Gadget & Aksesoris
100024000689,Same Day,STR-JKT-011,Doni Kurniawan,HUB-JAKPUS-TANAHABANG,-6.187841,106.814327,"Jl. M.H. Thamrin No. 12, RT 07/RW 07",Jakarta Pusat,-6.235099,106.811691,-6.228244,106.811102,2026-09-20,11:34:00,12:20:00,6.6,18x19x17,Same_Day_Priority,N/A,Cerah,Macet Total,Motorcycle,Delivered,2026-09-20 20:20:00,480,350,SAFE,Gadget & Aksesoris
100024000690,Same Day,STR-JKT-001,Budi Santoso,HUB-JAKPUS-TANAHABANG,-6.187841,106.814327,"Jl. Senopati No. 18, RT 06/RW 07",Jakarta Pusat,-6.201097,106.86325,-6.191824,106.829465,2026-09-20,10:13:00,10:31:00,1.5,28x25x12,Same_Day_Priority,N/A,Cerah,Sedang,Motorcycle,In_Transit,2026-09-20 18:31:00,480,241,SAFE,Kosmetik
100024000691,Regular,STR-JKT-003,Rizky Pratama,HUB-JAKTIM-RAWAMANGUN,-6.194218,106.883905,"Jl. Raya Darmo No. 55, RT 02/RW 01",Jakarta Timur,-6.223419,106.932006,-6.209964,106.915174,2026-09-18,14:08:00,14:54:00,14.8,34x10x16,Standard,N/A,Cerah,Lancar,Motorcycle,In_Transit,2026-09-20 14:54:00,2880,24,MEDIUM_RISK,Elektronik
100024000692,Instant,STR-JKT-012,Wahyu Hidayat,HUB-SBY-GUBENG,-7.265412,112.752189,"Jl. Panjang No. 14, RT 03/RW 09",Surabaya,-7.218253,112.692225,-7.240279,112.717249,2026-09-20,11:08:00,11:41:00,4.3,15x25x19,Instant_Direct,N/A,Berawan,Sedang,Motorcycle,In_Transit,2026-09-20 14:41:00,180,11,HIGH_RISK,Obat Darurat
100024000693,Mini Cargo,STR-JKT-004,Hendra Wijaya,HUB-BKS-HARAPANINDAH,-6.180215,106.984211,"Jl. Kebon Jeruk Raya No. 88, RT 08/RW 03",Bekasi,-6.13724,106.947129,-6.145294,106.952051,2026-09-18,15:44:00,16:20:00,9.4,44x29x24,Bulky_UMKM,N/A,Cerah,Sedang,Van,In_Transit,2026-09-20 16:20:00,2880,110,SAFE,Paket UMKM
100024000694,Next Day,STR-JKT-008,Bayu Nugroho,HUB-DPK-MARGONDA,-6.372841,106.832714,"Jl. Raya Darmo No. 55, RT 05/RW 04",Depok,-6.381894,106.779881,-6.375627,106.801273,2026-09-20,13:02:00,13:28:00,3.8,16x11x18,Standard,N/A,Cerah,Lancar,Motorcycle,Assigned,2026-09-21 13:28:00,1440,1378,SAFE,Buku
100024000695,Next Day,STR-DPK-001,Indra Gunawan,HUB-BKS-HARAPANINDAH,-6.180215,106.984211,"Jl. Margonda Raya No. 150, RT 06/RW 03",Bekasi,-6.140494,107.034971,-6.159861,107.009272,2026-09-19,13:25:00,13:55:00,8.8,25x14x11,Standard,N/A,Banjir,Padat,Motorcycle,In_Transit,2026-09-20 13:55:00,1440,-35,BREACHED,Sepatu
100024000696,Next Day,STR-JKT-008,Bayu Nugroho,HUB-JAKUT-SUNTER,-6.138472,106.865419,"Jl. Ahmad Yani No. 102, RT 06/RW 06",Jakarta Utara,-6.081449,106.896329,-6.111614,106.879886,2026-09-19,13:35:00,14:15:00,2.5,25x26x18,Standard,N/A,Hujan Deras,Macet Total,Motorcycle,Incident_Reported,2026-09-20 14:15:00,1440,-15,BREACHED,Mainan Anak
100024000697,Frozen,STR-JKT-011,Doni Kurniawan,HUB-SBY-GUBENG,-7.265412,112.752189,"Jl. Raya Darmo No. 55, RT 09/RW 05",Surabaya,-7.205691,112.709722,-7.222889,112.720174,2026-09-20,21:46:00,22:39:00,7.3,22x30x28,Cold_Chain_-2_to_5C,4.0,Cerah,Lancar,Motorcycle,In_Transit,2026-09-21 06:39:00,480,969,SAFE,Minuman Dingin
100024000698,PHARMA,STR-JKT-009,Aris Munandar,HUB-SBY-GUBENG,-7.265412,112.752189,"Jl. Raya Darmo No. 55, RT 05/RW 07",Surabaya,-7.304206,112.719247,-7.293328,112.72859,2026-09-20,20:22:00,21:11:00,2.26,15x16x10,BPOM_Pharma,22.2,Cerah,Lancar,Van,Assigned,2026-09-21 09:11:00,720,1121,SAFE,Alat Kesehatan
100024000699,Next Day,STR-JKT-004,Hendra Wijaya,HUB-BKS-HARAPANINDAH,-6.180215,106.984211,"Jl. Basuki Rahmat No. 40, RT 01/RW 08",Bekasi,-6.247927,107.035807,-6.223502,107.020143,2026-09-19,21:33:00,22:22:00,8.6,27x27x20,Standard,N/A,Cerah,Sedang,Van,In_Transit,2026-09-20 22:22:00,1440,472,SAFE,Sepatu
100024000700,Regular,STR-JKT-006,Fajar Ramadhan,HUB-BKS-HARAPANINDAH,-6.180215,106.984211,"Jl. Panjang No. 14, RT 03/RW 05",Bekasi,-6.23906,107.004769,-6.230909,106.998696,2026-09-18,04:26:00,05:16:00,5.6,39x19x19,Standard,N/A,Cerah,Lancar,Van,In_Transit,2026-09-21 05:16:00,4320,886,SAFE,Olahraga
100024000701,Regular,STR-BKS-001,Aditya Putra,HUB-JAKTIM-RAWAMANGUN,-6.194218,106.883905,"Jl. Panjang No. 14, RT 03/RW 02",Jakarta Timur,-6.141967,106.933329,-6.187821,106.893106,2026-09-19,02:16:00,02:36:00,7.8,30x29x18,Standard,N/A,Cerah,Sedang,Motorcycle,In_Transit,2026-09-21 02:36:00,2880,726,SAFE,Pakaian
100024000702,Same Day,STR-JKT-005,Eko Prasetyo,HUB-JAKPUS-TANAHABANG,-6.187841,106.814327,"Jl. Gatot Subroto Kav. 22, RT 02/RW 03",Jakarta Pusat,-6.181498,106.779366,-6.184325,106.810463,2026-09-20,06:11:00,06:50:00,3.6,35x21x10,Same_Day_Priority,N/A,Cerah,Sedang,Motorcycle,In_Transit,2026-09-20 14:50:00,480,20,MEDIUM_RISK,Snack & Makanan Kering
100024000703,Next Day,STR-JKT-013,Gilang Permana,HUB-BDG-BATUNUNGGAL,-6.953812,107.627419,"Jl. Raya Darmo No. 55, RT 02/RW 04",Bandung,-6.915191,107.613763,-6.942763,107.62367,2026-09-20,07:30:00,07:57:00,6.6,21x11x11,Standard,N/A,Berawan,Sedang,Van,In_Transit,2026-09-21 07:57:00,1440,1047,SAFE,Buku
100024000704,Same Day,STR-JKT-014,Ilham Saputra,HUB-TGR-BSD,-6.302143,106.652194,"Jl. Gatot Subroto Kav. 22, RT 03/RW 02",Tangerang Selatan,-6.281323,106.640369,-6.283996,106.64566,2026-09-21,01:19:00,02:14:00,3.7,32x20x13,Same_Day_Priority,N/A,Berawan,Sedang,Motorcycle,In_Transit,2026-09-21 10:14:00,480,1184,SAFE,Pakaian
100024000705,Same Day,STR-JKT-002,Agus Prayitno,HUB-BKS-HARAPANINDAH,-6.180215,106.984211,"Jl. TB Simatupang No. 30, RT 05/RW 07",Bekasi,-6.209132,107.034423,-6.186863,106.996457,2026-09-20,16:05:00,16:39:00,6.8,26x12x25,Same_Day_Priority,N/A,Cerah,Lancar,Motorcycle,In_Transit,2026-09-21 00:39:00,480,609,SAFE,Snack & Makanan Kering
100024000706,Regular,STR-JKT-004,Hendra Wijaya,HUB-JAKUT-SUNTER,-6.138472,106.865419,"Jl. H.R. Rasuna Said No. 8, RT 06/RW 02",Jakarta Utara,-6.162586,106.895071,-6.154178,106.888532,2026-09-19,14:04:00,14:36:00,3.0,21x28x12,Standard,N/A,Hujan Deras,Padat,Van,In_Transit,2026-09-20 14:36:00,1440,6,HIGH_RISK,Elektronik
100024000707,Cargo,STR-JKT-004,Hendra Wijaya,HUB-BDG-BATUNUNGGAL,-6.953812,107.627419,"Jl. Ir. H. Djuanda No. 120, RT 05/RW 09",Bandung,-6.895996,107.568572,-6.91368,107.591451,2026-09-18,18:12:00,18:30:00,119.9,76x45x134,Heavy_Cargo,N/A,Gerimis,Sedang,Van,In_Transit,2026-09-20 18:30:00,2880,240,SAFE,Otomotif & Mesin
100024000708,Regular,STR-JKT-013,Gilang Permana,HUB-SBY-GUBENG,-7.265412,112.752189,"Jl. H.R. Rasuna Said No. 8, RT 05/RW 03",Surabaya,-7.334851,112.806985,-7.276038,112.761475,2026-09-19,09:46:00,10:14:00,2.8,35x28x13,Standard,N/A,Gerimis,Lancar,Van,Assigned,2026-09-21 10:14:00,2880,1184,SAFE,Pakaian
100024000709,Regular,STR-JKT-008,Bayu Nugroho,HUB-BDG-BATUNUNGGAL,-6.953812,107.627419,"Jl. Kemang Raya No. 5, RT 08/RW 09",Bandung,-6.99041,107.614526,-6.974508,107.619795,2026-09-17,14:17:00,14:58:00,12.4,24x21x14,Standard,N/A,Cerah,Sedang,Motorcycle,Assigned,2026-09-20 14:58:00,4320,28,MEDIUM_RISK,Kecantikan
100024000710,Same Day,STR-DPK-001,Indra Gunawan,HUB-JAKPUS-TANAHABANG,-6.187841,106.814327,"Jl. Sudirman No. 45, RT 02/RW 07",Jakarta Pusat,-6.171547,106.868866,-6.178804,106.850127,2026-09-20,15:13:00,15:43:00,4.3,22x14x11,Same_Day_Priority,N/A,Berawan,Sedang,Motorcycle,Assigned,2026-09-20 23:43:00,480,553,SAFE,Kosmetik
100024000711,Dokumen,STR-DPK-001,Indra Gunawan,HUB-BKS-HARAPANINDAH,-6.180215,106.984211,"Jl. H.R. Rasuna Said No. 8, RT 01/RW 07",Bekasi,-6.2316,106.94475,-6.221984,106.952702,2026-09-18,13:57:00,14:35:00,1.2,35x25x2,Secure_Document_Pouch,N/A,Gerimis,Sedang,Motorcycle,In_Transit,2026-09-20 14:35:00,2880,5,HIGH_RISK,Dokumen Penting
100024000712,Same Day,STR-JKT-012,Wahyu Hidayat,HUB-BDG-BATUNUNGGAL,-6.953812,107.627419,"Jl. Boulevard Barat Kelapa Gading, RT 04/RW 04",Bandung,-6.928568,107.619497,-6.945654,107.623354,2026-09-20,15:57:00,16:25:00,3.5,16x11x24,Same_Day_Priority,N/A,Cerah,Lancar,Motorcycle,In_Transit,2026-09-21 00:25:00,480,595,SAFE,Snack & Makanan Kering
100024000713,PHARMA,STR-JKT-008,Bayu Nugroho,HUB-JAKTIM-RAWAMANGUN,-6.194218,106.883905,"Jl. Gatot Subroto Kav. 22, RT 08/RW 06",Jakarta Timur,-6.224536,106.838693,-6.215248,106.85436,2026-09-20,16:28:00,16:44:00,7.18,27x14x12,BPOM_Pharma,17.0,Cerah,Sedang,Motorcycle,Assigned,2026-09-20 22:44:00,360,494,SAFE,Reagen Lab
100024000714,Instant,STR-JKT-008,Bayu Nugroho,HUB-BKS-HARAPANINDAH,-6.180215,106.984211,"Jl. Boulevard Barat Kelapa Gading, RT 09/RW 05",Bekasi,-6.219573,107.047003,-6.197557,107.013692,2026-09-20,20:50:00,21:21:00,3.8,10x12x8,Instant_Direct,N/A,Gerimis,Sedang,Motorcycle,Assigned,2026-09-21 00:21:00,180,591,SAFE,Minuman Segar
100024000715,Cargo,STR-JKT-015,Ahmad Fauzi,HUB-BDG-BATUNUNGGAL,-6.953812,107.627419,"Jl. Asia Afrika No. 80, RT 01/RW 03",Bandung,-6.903993,107.637837,-6.91157,107.636488,2026-09-20,01:41:00,02:15:00,181.3,50x70x74,Heavy_Cargo,N/A,Berawan,Sedang,Cargo_Truck,Assigned,2026-09-21 02:15:00,1440,705,SAFE,Furnitur
100024000716,Same Day,STR-JKT-011,Doni Kurniawan,HUB-JAKUT-SUNTER,-6.138472,106.865419,"Jl. Boulevard Barat Kelapa Gading, RT 02/RW 07",Jakarta Utara,-6.126405,106.883458,-6.12824,106.876974,2026-09-20,13:17:00,13:46:00,2.8,22x27x20,Same_Day_Priority,N/A,Gerimis,Lancar,Motorcycle,In_Transit,2026-09-20 21:46:00,480,436,SAFE,Gadget & Aksesoris
100024000717,Next Day,STR-JKT-008,Bayu Nugroho,HUB-JAKBAR-KEBONJERUK,-6.189512,106.769941,"Jl. Margonda Raya No. 150, RT 09/RW 02",Jakarta Barat,-6.245065,106.825371,-6.20464,106.78546,2026-09-19,13:48:00,14:40:00,2.6,18x11x18,Standard,N/A,Gerimis,Sedang,Motorcycle,In_Transit,2026-09-20 14:40:00,1440,10,HIGH_RISK,Pakaian
100024000718,Frozen,STR-JKT-013,Gilang Permana,HUB-SBY-GUBENG,-7.265412,112.752189,"Jl. Gatot Subroto Kav. 22, RT 05/RW 09",Surabaya,-7.21084,112.807223,-7.251114,112.764716,2026-09-20,14:57:00,15:18:00,2.4,20x30x21,Cold_Chain_-2_to_5C,3.8,Cerah,Sedang,Van,In_Transit,2026-09-20 23:18:00,480,528,SAFE,Minuman Dingin
100024000719,Instant,STR-JKT-003,Rizky Pratama,HUB-SBY-GUBENG,-7.265412,112.752189,"Jl. Senopati No. 18, RT 01/RW 02",Surabaya,-7.296538,112.741984,-7.278543,112.74788,2026-09-21,08:08:00,08:35:00,4.1,17x11x10,Instant_Direct,N/A,Cerah,Lancar,Motorcycle,In_Transit,2026-09-21 10:35:00,120,1205,SAFE,Minuman Segar
100024000720,Next Day,STR-JKT-014,Ilham Saputra,HUB-DPK-MARGONDA,-6.372841,106.832714,"Jl. Pemuda No. 71, RT 07/RW 03",Depok,-6.411253,106.781546,-6.379299,106.819042,2026-09-19,20:05:00,20:30:00,0.8,20x23x13,Standard,N/A,Cerah,Lancar,Motorcycle,In_Transit,2026-09-20 20:30:00,1440,360,SAFE,Pakaian
100024000721,Regular,STR-BKS-001,Aditya Putra,HUB-JAKBAR-KEBONJERUK,-6.189512,106.769941,"Jl. Asia Afrika No. 80, RT 06/RW 08",Jakarta Barat,-6.198665,106.797897,-6.190668,106.778669,2026-09-19,14:11:00,14:51:00,4.4,23x29x16,Standard,N/A,Hujan Deras,Lancar,Motorcycle,In_Transit,2026-09-20 14:51:00,1440,21,MEDIUM_RISK,Pakaian
100024000722,Cargo,STR-JKT-007,Dimas Setiawan,HUB-DPK-MARGONDA,-6.372841,106.832714,"Jl. Kebon Jeruk Raya No. 88, RT 09/RW 02",Depok,-6.313026,106.885175,-6.357872,106.847224,2026-09-20,04:03:00,04:33:00,57.7,61x74x162,Heavy_Cargo,N/A,Gerimis,Sedang,Cargo_Truck,Delivered,2026-09-21 04:33:00,1440,843,SAFE,Furnitur
100024000723,Next Day,STR-DPK-001,Indra Gunawan,HUB-SBY-GUBENG,-7.265412,112.752189,"Jl. Gatot Subroto Kav. 22, RT 05/RW 05",Surabaya,-7.259298,112.692573,-7.264687,112.720904,2026-09-19,18:55:00,19:43:00,8.6,21x14x17,Standard,N/A,Berawan,Lancar,Motorcycle,In_Transit,2026-09-20 19:43:00,1440,313,SAFE,Pakaian
100024000724,Next Day,STR-JKT-001,Budi Santoso,HUB-BKS-HARAPANINDAH,-6.180215,106.984211,"Jl. Panjang No. 14, RT 06/RW 01",Bekasi,-6.149286,106.990753,-6.160672,106.986559,2026-09-19,13:20:00,13:45:00,8.7,38x10x12,Standard,N/A,Hujan Deras,Macet Total,Motorcycle,Incident_Reported,2026-09-20 13:45:00,1440,-45,BREACHED,Elektronik Kecil
100024000725,Mini Cargo,STR-JKT-014,Ilham Saputra,HUB-SBY-GUBENG,-7.265412,112.752189,"Jl. Ir. H. Djuanda No. 120, RT 06/RW 01",Surabaya,-7.324063,112.778503,-7.292116,112.764626,2026-09-19,11:12:00,11:43:00,15.0,51x28x45,Bulky_UMKM,N/A,Cerah,Lancar,Motorcycle,In_Transit,2026-09-21 11:43:00,2880,1273,SAFE,Bahan Makanan Kering UMKM
100024000726,Next Day,STR-JKT-013,Gilang Permana,HUB-JAKTIM-RAWAMANGUN,-6.194218,106.883905,"Jl. Gatot Subroto Kav. 22, RT 03/RW 03",Jakarta Timur,-6.180169,106.894599,-6.187475,106.89154,2026-09-20,00:40:00,00:56:00,4.1,16x26x23,Standard,N/A,Cerah,Sedang,Van,In_Transit,2026-09-21 00:56:00,1440,626,SAFE,Buku
100024000727,Regular,STR-JKT-011,Doni Kurniawan,HUB-JAKUT-SUNTER,-6.138472,106.865419,"Jl. Panjang No. 14, RT 09/RW 03",Jakarta Utara,-6.084461,106.848324,-6.108767,106.856579,2026-09-19,09:53:00,10:18:00,7.8,25x21x11,Standard,N/A,Cerah,Lancar,Motorcycle,Assigned,2026-09-21 10:18:00,2880,1188,SAFE,Perlengkapan Rumah
100024000728,Same Day,STR-TGR-001,Rian Kusuma,HUB-JAKSEL-TEBET,-6.225588,106.855324,"Jl. Basuki Rahmat No. 40, RT 09/RW 08",Jakarta Selatan,-6.218232,106.790837,-6.222625,106.822887,2026-09-20,07:17:00,07:39:00,1.7,17x11x18,Same_Day_Priority,N/A,Berawan,Sedang,Motorcycle,Assigned,2026-09-20 15:39:00,480,69,SAFE,Pakaian
100024000729,Same Day,STR-JKT-005,Eko Prasetyo,HUB-BDG-BATUNUNGGAL,-6.953812,107.627419,"Jl. Panjang No. 14, RT 03/RW 09",Bandung,-7.006415,107.63523,-6.984162,107.632238,2026-09-20,23:33:00,00:05:00,3.0,21x26x12,Same_Day_Priority,N/A,Gerimis,Lancar,Motorcycle,In_Transit,2026-09-21 08:05:00,480,1055,SAFE,Gadget & Aksesoris
100024000730,Dokumen,STR-JKT-003,Rizky Pratama,HUB-JAKTIM-RAWAMANGUN,-6.194218,106.883905,"Jl. Pemuda No. 71, RT 07/RW 05",Jakarta Timur,-6.166688,106.900575,-6.186375,106.890278,2026-09-18,14:04:00,14:52:00,0.62,35x25x2,Secure_Document_Pouch,N/A,Gerimis,Sedang,Motorcycle,In_Transit,2026-09-20 14:52:00,2880,22,MEDIUM_RISK,Dokumen Penting
100024000731,Regular,STR-JKT-002,Agus Prayitno,HUB-JAKUT-SUNTER,-6.138472,106.865419,"Jl. BSD Raya Utama Blok A2, RT 03/RW 06",Jakarta Utara,-6.196968,106.917701,-6.182157,106.906239,2026-09-18,02:52:00,03:50:00,3.0,40x17x21,Standard,N/A,Berawan,Padat,Motorcycle,In_Transit,2026-09-21 03:50:00,4320,800,SAFE,Perlengkapan Rumah
100024000732,Regular,STR-JKT-014,Ilham Saputra,HUB-JAKSEL-TEBET,-6.225588,106.855324,"Jl. Asia Afrika No. 80, RT 09/RW 09",Jakarta Selatan,-6.201975,106.8511,-6.215207,106.855959,2026-09-18,15:15:00,15:51:00,3.8,37x26x26,Standard,N/A,Berawan,Sedang,Motorcycle,Assigned,2026-09-20 15:51:00,2880,81,SAFE,Elektronik
100024000733,Regular,STR-JKT-014,Ilham Saputra,HUB-SBY-GUBENG,-7.265412,112.752189,"Jl. M.H. Thamrin No. 12, RT 05/RW 04",Surabaya,-7.218967,112.690803,-7.238844,112.714528,2026-09-17,14:29:00,14:51:00,3.2,31x18x28,Standard,N/A,Cerah,Sedang,Motorcycle,In_Transit,2026-09-20 14:51:00,4320,21,MEDIUM_RISK,Perlengkapan Rumah
100024000734,Regular,STR-JKT-008,Bayu Nugroho,HUB-JAKTIM-RAWAMANGUN,-6.194218,106.883905,"Jl. H.R. Rasuna Said No. 8, RT 09/RW 01",Jakarta Timur,-6.151385,106.826513,-6.166737,106.846519,2026-09-19,21:34:00,21:51:00,7.5,19x22x30,Standard,N/A,Cerah,Lancar,Motorcycle,Delivered,2026-09-20 21:51:00,1440,441,SAFE,Perlengkapan Rumah
100024000735,Mini Cargo,STR-JKT-001,Budi Santoso,HUB-JAKBAR-KEBONJERUK,-6.189512,106.769941,"Jl. Ahmad Yani No. 102, RT 07/RW 02",Jakarta Barat,-6.125643,106.828479,-6.152546,106.805345,2026-09-20,07:18:00,08:10:00,4.9,35x31x46,Bulky_UMKM,N/A,Gerimis,Sedang,Motorcycle,In_Transit,2026-09-21 08:10:00,1440,1060,SAFE,Paket UMKM
100024000736,Cargo,STR-JKT-015,Ahmad Fauzi,HUB-JAKBAR-KEBONJERUK,-6.189512,106.769941,"Jl. Ahmad Yani No. 102, RT 08/RW 08",Jakarta Barat,-6.182548,106.817205,-6.188835,106.795493,2026-09-18,23:51:00,00:45:00,265.0,89x83x77,Heavy_Cargo,N/A,Berawan,Sedang,Cargo_Truck,Assigned,2026-09-21 00:45:00,2880,615,SAFE,Grosir Bahan Industri
100024000737,Regular,STR-JKT-013,Gilang Permana,HUB-JAKSEL-TEBET,-6.225588,106.855324,"Jl. Raya Darmo No. 55, RT 05/RW 02",Jakarta Selatan,-6.284913,106.869841,-6.265837,106.866553,2026-09-19,22:22:00,22:47:00,12.6,33x14x23,Standard,N/A,Cerah,Sedang,Van,Delivered,2026-09-20 22:47:00,1440,497,SAFE,Elektronik
100024000738,Instant,STR-JKT-011,Doni Kurniawan,HUB-BDG-BATUNUNGGAL,-6.953812,107.627419,"Jl. Panjang No. 14, RT 01/RW 05",Bandung,-7.003108,107.591039,-6.97167,107.612419,2026-09-20,10:58:00,11:40:00,3.2,20x17x20,Instant_Direct,N/A,Gerimis,Padat,Motorcycle,Incident_Reported,2026-09-20 14:40:00,180,10,HIGH_RISK,Kebutuhan Pokok Cepat
100024000739,Cargo,STR-JKT-006,Fajar Ramadhan,HUB-BDG-BATUNUNGGAL,-6.953812,107.627419,"Jl. M.H. Thamrin No. 12, RT 04/RW 01",Bandung,-6.926696,107.573731,-6.945618,107.611634,2026-09-17,21:17:00,22:01:00,241.4,98x41x99,Heavy_Cargo,N/A,Cerah,Lancar,Van,In_Transit,2026-09-20 22:01:00,4320,451,SAFE,Furnitur
100024000740,Frozen,STR-JKT-011,Doni Kurniawan,HUB-JAKPUS-TANAHABANG,-6.187841,106.814327,"Jl. Margonda Raya No. 150, RT 09/RW 09",Jakarta Pusat,-6.243849,106.768898,-6.202428,106.799696,2026-09-20,06:15:00,06:48:00,9.3,40x19x21,Cold_Chain_-2_to_5C,3.4,Cerah,Padat,Motorcycle,In_Transit,2026-09-20 14:48:00,480,18,MEDIUM_RISK,Makanan Hewan
100024000741,Regular,STR-JKT-005,Eko Prasetyo,HUB-JAKPUS-TANAHABANG,-6.187841,106.814327,"Jl. Ahmad Yani No. 102, RT 05/RW 04",Jakarta Pusat,-6.21528,106.821961,-6.204293,106.821396,2026-09-18,13:29:00,13:51:00,6.3,21x17x30,Standard,N/A,Gerimis,Sedang,Motorcycle,In_Transit,2026-09-21 13:51:00,4320,1401,SAFE,Perlengkapan Rumah
100024000742,Dokumen,STR-JKT-014,Ilham Saputra,HUB-DPK-MARGONDA,-6.372841,106.832714,"Jl. Raya Darmo No. 55, RT 02/RW 05",Depok,-6.346086,106.765242,-6.353384,106.786717,2026-09-18,20:25:00,21:17:00,1.49,35x25x2,Secure_Document_Pouch,N/A,Gerimis,Sedang,Motorcycle,Assigned,2026-09-20 21:17:00,2880,407,SAFE,Dokumen Penting
100024000743,Same Day,STR-JKT-014,Ilham Saputra,HUB-SBY-GUBENG,-7.265412,112.752189,"Jl. BSD Raya Utama Blok A2, RT 05/RW 09",Surabaya,-7.236549,112.769518,-7.246836,112.762818,2026-09-21,02:42:00,03:34:00,1.1,31x19x14,Same_Day_Priority,N/A,Berawan,Sedang,Motorcycle,In_Transit,2026-09-21 11:34:00,480,1264,SAFE,Snack & Makanan Kering
100024000744,Frozen,STR-TGR-002,Surya Darma,HUB-JAKPUS-TANAHABANG,-6.187841,106.814327,"Jl. Raya Darmo No. 55, RT 04/RW 03",Jakarta Pusat,-6.237271,106.823475,-6.203808,106.819908,2026-09-20,10:28:00,10:46:00,3.1,24x28x27,Cold_Chain_-2_to_5C,1.7,Cerah,Sedang,Van,In_Transit,2026-09-20 18:46:00,480,256,SAFE,Makanan Hewan
100024000745,Dokumen,STR-JKT-005,Eko Prasetyo,HUB-BDG-BATUNUNGGAL,-6.953812,107.627419,"Jl. Sudirman No. 45, RT 08/RW 03",Bandung,-6.957595,107.613138,-6.953108,107.626934,2026-09-19,01:09:00,01:38:00,0.83,35x25x2,Secure_Document_Pouch,N/A,Berawan,Macet Total,Motorcycle,In_Transit,2026-09-21 01:38:00,2880,668,SAFE,Dokumen Penting
100024000746,Dokumen,STR-JKT-003,Rizky Pratama,HUB-TGR-BSD,-6.302143,106.652194,"Jl. Sudirman No. 45, RT 05/RW 01",Tangerang Selatan,-6.281116,106.707987,-6.290388,106.681247,2026-09-19,04:08:00,04:59:00,1.36,35x25x2,Secure_Document_Pouch,N/A,Gerimis,Lancar,Motorcycle,In_Transit,2026-09-21 04:59:00,2880,869,SAFE,Dokumen Penting
100024000747,Same Day,STR-JKT-012,Wahyu Hidayat,HUB-BDG-BATUNUNGGAL,-6.953812,107.627419,"Jl. TB Simatupang No. 30, RT 07/RW 05",Bandung,-6.91117,107.66719,-6.933711,107.644961,2026-09-20,06:19:00,06:40:00,4.6,21x10x25,Same_Day_Priority,N/A,Gerimis,Padat,Motorcycle,In_Transit,2026-09-20 14:40:00,480,10,HIGH_RISK,Gadget & Aksesoris
100024000748,Dokumen,STR-JKT-008,Bayu Nugroho,HUB-JAKTIM-RAWAMANGUN,-6.194218,106.883905,"Jl. H.R. Rasuna Said No. 8, RT 05/RW 04",Jakarta Timur,-6.156909,106.926918,-6.181408,106.902345,2026-09-19,04:09:00,04:41:00,1.29,35x25x2,Secure_Document_Pouch,N/A,Cerah,Lancar,Motorcycle,In_Transit,2026-09-21 04:41:00,2880,851,SAFE,Dokumen Penting
100024000749,Regular,STR-TGR-001,Rian Kusuma,HUB-JAKSEL-TEBET,-6.225588,106.855324,"Jl. Asia Afrika No. 80, RT 07/RW 07",Jakarta Selatan,-6.179034,106.808318,-6.197082,106.824524,2026-09-19,04:06:00,04:22:00,7.7,17x12x16,Standard,N/A,Cerah,Lancar,Motorcycle,In_Transit,2026-09-21 04:22:00,2880,832,SAFE,Olahraga
100024000750,Regular,STR-BKS-001,Aditya Putra,HUB-BDG-BATUNUNGGAL,-6.953812,107.627419,"Jl. Ahmad Yani No. 102, RT 01/RW 08",Bandung,-7.015974,107.648179,-6.965843,107.629136,2026-09-19,20:12:00,21:07:00,9.7,35x14x11,Standard,N/A,Gerimis,Sedang,Motorcycle,In_Transit,2026-09-20 21:07:00,1440,397,SAFE,Perlengkapan Rumah
100024000751,Regular,STR-JKT-003,Rizky Pratama,HUB-DPK-MARGONDA,-6.372841,106.832714,"Jl. TB Simatupang No. 30, RT 07/RW 07",Depok,-6.38115,106.846551,-6.379011,106.841232,2026-09-20,11:01:00,11:26:00,11.3,30x30x25,Standard,N/A,Cerah,Lancar,Motorcycle,In_Transit,2026-09-21 11:26:00,1440,1256,SAFE,Kecantikan
100024000752,PHARMA,STR-JKT-008,Bayu Nugroho,HUB-JAKBAR-KEBONJERUK,-6.189512,106.769941,"Jl. Gatot Subroto Kav. 22, RT 04/RW 04",Jakarta Barat,-6.151836,106.736837,-6.173239,106.755971,2026-09-19,14:32:00,14:52:00,3.23,20x13x15,BPOM_Pharma,16.0,Cerah,Lancar,Motorcycle,In_Transit,2026-09-20 14:52:00,1440,22,MEDIUM_RISK,Reagen Lab
100024000753,Regular,STR-JKT-014,Ilham Saputra,HUB-JAKTIM-RAWAMANGUN,-6.194218,106.883905,"Jl. Margonda Raya No. 150, RT 04/RW 09",Jakarta Timur,-6.169293,106.824908,-6.18835,106.866621,2026-09-18,01:06:00,01:55:00,5.8,21x16x24,Standard,N/A,Cerah,Sedang,Motorcycle,In_Transit,2026-09-21 01:55:00,4320,685,SAFE,Pakaian
100024000754,Same Day,STR-JKT-001,Budi Santoso,HUB-JAKSEL-TEBET,-6.225588,106.855324,"Jl. Pemuda No. 71, RT 09/RW 01",Jakarta Selatan,-6.19395,106.808941,-6.210737,106.831759,2026-09-20,09:33:00,10:18:00,2.0,21x18x13,Same_Day_Priority,N/A,Cerah,Lancar,Motorcycle,In_Transit,2026-09-20 18:18:00,480,228,SAFE,Gadget & Aksesoris
100024000755,PHARMA,STR-DPK-001,Indra Gunawan,HUB-DPK-MARGONDA,-6.372841,106.832714,"Jl. Senopati No. 18, RT 02/RW 08",Depok,-6.339113,106.832666,-6.35317,106.830141,2026-09-20,22:13:00,23:11:00,1.89,28x12x19,BPOM_Pharma,21.6,Cerah,Lancar,Motorcycle,In_Transit,2026-09-21 11:11:00,720,1241,SAFE,Vaksin & Biologis
100024000756,Regular,STR-BKS-001,Aditya Putra,HUB-BKS-HARAPANINDAH,-6.180215,106.984211,"Jl. Asia Afrika No. 80, RT 03/RW 09",Bekasi,-6.128893,106.946639,-6.144508,106.954632,2026-09-18,01:02:00,01:57:00,14.4,15x25x28,Standard,N/A,Cerah,Lancar,Motorcycle,In_Transit,2026-09-21 01:57:00,4320,687,SAFE,Olahraga
100024000757,Dokumen,STR-TGR-001,Rian Kusuma,HUB-JAKBAR-KEBONJERUK,-6.189512,106.769941,"Jl. BSD Raya Utama Blok A2, RT 09/RW 03",Jakarta Barat,-6.196012,106.797957,-6.18969,106.780456,2026-09-18,14:39:00,15:36:00,0.3,35x25x2,Secure_Document_Pouch,N/A,Cerah,Lancar,Motorcycle,Assigned,2026-09-20 15:36:00,2880,66,SAFE,Dokumen Penting
100024000758,Regular,STR-JKT-005,Eko Prasetyo,HUB-TGR-BSD,-6.302143,106.652194,"Jl. Sudirman No. 45, RT 06/RW 09",Tangerang Selatan,-6.326238,106.604484,-6.321419,106.61286,2026-09-17,18:16:00,18:39:00,11.1,31x30x15,Standard,N/A,Berawan,Lancar,Motorcycle,In_Transit,2026-09-20 18:39:00,4320,249,SAFE,Pakaian
100024000759,Same Day,STR-JKT-003,Rizky Pratama,HUB-DPK-MARGONDA,-6.372841,106.832714,"Jl. Kebon Jeruk Raya No. 88, RT 07/RW 09",Depok,-6.337146,106.896399,-6.353351,106.868212,2026-09-21,00:47:00,01:44:00,6.3,16x20x11,Same_Day_Priority,N/A,Gerimis,Macet Total,Motorcycle,Assigned,2026-09-21 09:44:00,480,1154,SAFE,Kosmetik
100024000760,Next Day,STR-BKS-001,Aditya Putra,HUB-SBY-GUBENG,-7.265412,112.752189,"Jl. Basuki Rahmat No. 40, RT 06/RW 09",Surabaya,-7.235067,112.717297,-7.239386,112.722075,2026-09-19,17:00:00,17:20:00,6.4,31x24x11,Standard,N/A,Berawan,Lancar,Motorcycle,In_Transit,2026-09-20 17:20:00,1440,170,SAFE,Buku
100024000761,Regular,STR-BKS-001,Aditya Putra,HUB-BDG-BATUNUNGGAL,-6.953812,107.627419,"Jl. Sudirman No. 45, RT 08/RW 05",Bandung,-6.967581,107.612088,-6.956152,107.623956,2026-09-19,16:50:00,17:44:00,7.6,32x25x22,Standard,N/A,Hujan Deras,Lancar,Motorcycle,In_Transit,2026-09-20 17:44:00,1440,194,SAFE,Olahraga
100024000762,Next Day,STR-JKT-009,Aris Munandar,HUB-DPK-MARGONDA,-6.372841,106.832714,"Jl. Raya Pajajaran No. 9, RT 01/RW 09",Depok,-6.342245,106.784262,-6.351467,106.797618,2026-09-20,08:19:00,08:58:00,4.0,37x18x10,Standard,N/A,Cerah,Sedang,Van,In_Transit,2026-09-21 08:58:00,1440,1108,SAFE,Elektronik Kecil
100024000763,Instant,STR-JKT-003,Rizky Pratama,HUB-DPK-MARGONDA,-6.372841,106.832714,"Jl. Ahmad Yani No. 102, RT 06/RW 05",Depok,-6.363154,106.767003,-6.371864,106.817366,2026-09-20,11:59:00,12:57:00,1.9,29x19x10,Instant_Direct,N/A,Cerah,Lancar,Motorcycle,In_Transit,2026-09-20 14:57:00,120,27,MEDIUM_RISK,Minuman Segar
100024000764,Next Day,STR-JKT-013,Gilang Permana,HUB-JAKUT-SUNTER,-6.138472,106.865419,"Jl. Raya Darmo No. 55, RT 02/RW 06",Jakarta Utara,-6.097937,106.911662,-6.123443,106.879825,2026-09-19,23:22:00,23:58:00,2.3,39x20x25,Standard,N/A,Cerah,Sedang,Van,In_Transit,2026-09-20 23:58:00,1440,568,SAFE,Sepatu
100024000765,Frozen,STR-JKT-009,Aris Munandar,HUB-JAKTIM-RAWAMANGUN,-6.194218,106.883905,"Jl. Boulevard Barat Kelapa Gading, RT 02/RW 04",Jakarta Timur,-6.207707,106.896382,-6.206107,106.893539,2026-09-20,23:28:00,00:18:00,4.7,40x30x23,Cold_Chain_-2_to_5C,4.2,Cerah,Sedang,Van,In_Transit,2026-09-21 08:18:00,480,1068,SAFE,Minuman Dingin
100024000766,Instant,STR-JKT-014,Ilham Saputra,HUB-DPK-MARGONDA,-6.372841,106.832714,"Jl. Basuki Rahmat No. 40, RT 02/RW 09",Depok,-6.334621,106.802937,-6.363061,106.821632,2026-09-20,15:05:00,15:37:00,3.1,15x11x11,Instant_Direct,N/A,Gerimis,Lancar,Motorcycle,Assigned,2026-09-20 17:37:00,120,187,SAFE,Obat Darurat
100024000767,Regular,STR-TGR-002,Surya Darma,HUB-TGR-BSD,-6.302143,106.652194,"Jl. Ahmad Yani No. 102, RT 04/RW 02",Tangerang Selatan,-6.342717,106.625255,-6.317745,106.64098,2026-09-18,14:15:00,14:50:00,7.3,31x13x17,Standard,N/A,Cerah,Padat,Van,In_Transit,2026-09-20 14:50:00,2880,20,MEDIUM_RISK,Kecantikan
100024000768,Frozen,STR-JKT-003,Rizky Pratama,HUB-JAKUT-SUNTER,-6.138472,106.865419,"Jl. Gatot Subroto Kav. 22, RT 01/RW 06",Jakarta Utara,-6.07509,106.816375,-6.088805,106.827093,2026-09-20,06:34:00,06:57:00,8.5,36x30x16,Cold_Chain_-2_to_5C,2.8,Berawan,Padat,Motorcycle,In_Transit,2026-09-20 14:57:00,480,27,MEDIUM_RISK,Makanan Hewan
100024000769,Regular,STR-TGR-002,Surya Darma,HUB-TGR-BSD,-6.302143,106.652194,"Jl. Senopati No. 18, RT 03/RW 06",Tangerang Selatan,-6.353974,106.700452,-6.326892,106.676318,2026-09-19,05:16:00,05:41:00,11.9,29x27x24,Standard,N/A,Cerah,Macet Total,Van,In_Transit,2026-09-21 05:41:00,2880,911,SAFE,Perlengkapan Rumah
100024000770,Dokumen,STR-JKT-008,Bayu Nugroho,HUB-BDG-BATUNUNGGAL,-6.953812,107.627419,"Jl. Raya Darmo No. 55, RT 07/RW 06",Bandung,-6.976592,107.661131,-6.967654,107.647308,2026-09-19,01:31:00,01:54:00,0.35,35x25x2,Secure_Document_Pouch,N/A,Berawan,Padat,Motorcycle,In_Transit,2026-09-21 01:54:00,2880,684,SAFE,Dokumen Penting
100024000771,Instant,STR-DPK-001,Indra Gunawan,HUB-JAKBAR-KEBONJERUK,-6.189512,106.769941,"Jl. Sudirman No. 45, RT 01/RW 01",Jakarta Barat,-6.124043,106.81368,-6.161078,106.787426,2026-09-20,11:19:00,11:54:00,4.4,12x17x9,Instant_Direct,N/A,Cerah,Lancar,Motorcycle,In_Transit,2026-09-20 14:54:00,180,24,MEDIUM_RISK,Makanan Siap Saji
100024000772,Regular,STR-DPK-001,Indra Gunawan,HUB-TGR-BSD,-6.302143,106.652194,"Jl. H.R. Rasuna Said No. 8, RT 05/RW 05",Tangerang Selatan,-6.304869,106.655244,-6.304206,106.655433,2026-09-18,08:06:00,08:49:00,2.4,37x17x23,Standard,N/A,Cerah,Lancar,Motorcycle,Assigned,2026-09-21 08:49:00,4320,1099,SAFE,Kecantikan
100024000773,Same Day,STR-JKT-003,Rizky Pratama,HUB-BKS-HARAPANINDAH,-6.180215,106.984211,"Jl. Senopati No. 18, RT 06/RW 05",Bekasi,-6.229256,106.915102,-6.200054,106.957557,2026-09-20,06:24:00,06:47:00,5.1,18x14x16,Same_Day_Priority,N/A,Cerah,Padat,Motorcycle,In_Transit,2026-09-20 14:47:00,480,17,MEDIUM_RISK,Pakaian
100024000774,Regular,STR-JKT-014,Ilham Saputra,HUB-JAKSEL-TEBET,-6.225588,106.855324,"Jl. Asia Afrika No. 80, RT 04/RW 07",Jakarta Selatan,-6.20782,106.872694,-6.220759,106.86096,2026-09-17,20:12:00,20:32:00,0.7,20x25x22,Standard,N/A,Cerah,Sedang,Motorcycle,In_Transit,2026-09-20 20:32:00,4320,362,SAFE,Olahraga
100024000775,Regular,STR-JKT-003,Rizky Pratama,HUB-JAKTIM-RAWAMANGUN,-6.194218,106.883905,"Jl. Panjang No. 14, RT 08/RW 03",Jakarta Timur,-6.138239,106.881116,-6.171768,106.882039,2026-09-20,10:13:00,10:34:00,7.8,39x24x22,Standard,N/A,Gerimis,Lancar,Motorcycle,In_Transit,2026-09-21 10:34:00,1440,1204,SAFE,Olahraga
100024000776,Next Day,STR-JKT-006,Fajar Ramadhan,HUB-JAKTIM-RAWAMANGUN,-6.194218,106.883905,"Jl. Kemang Raya No. 5, RT 04/RW 08",Jakarta Timur,-6.163658,106.948354,-6.177774,106.922433,2026-09-19,22:05:00,22:29:00,9.6,15x20x15,Standard,N/A,Gerimis,Sedang,Van,In_Transit,2026-09-20 22:29:00,1440,479,SAFE,Sepatu
100024000777,Next Day,STR-JKT-014,Ilham Saputra,HUB-SBY-GUBENG,-7.265412,112.752189,"Jl. Ahmad Yani No. 102, RT 02/RW 05",Surabaya,-7.305438,112.739861,-7.278608,112.748425,2026-09-19,14:14:00,14:49:00,7.2,22x28x27,Standard,N/A,Cerah,Lancar,Motorcycle,In_Transit,2026-09-20 14:49:00,1440,19,MEDIUM_RISK,Sepatu
100024000778,Same Day,STR-JKT-008,Bayu Nugroho,HUB-BKS-HARAPANINDAH,-6.180215,106.984211,"Jl. Senopati No. 18, RT 07/RW 05",Bekasi,-6.233113,107.015681,-6.203833,106.99909,2026-09-20,06:02:00,06:45:00,4.3,30x29x13,Same_Day_Priority,N/A,Berawan,Lancar,Motorcycle,In_Transit,2026-09-20 14:45:00,480,15,MEDIUM_RISK,Kosmetik
100024000779,Mini Cargo,STR-JKT-013,Gilang Permana,HUB-SBY-GUBENG,-7.265412,112.752189,"Jl. Kebon Jeruk Raya No. 88, RT 08/RW 09",Surabaya,-7.273981,112.70834,-7.270324,112.737593,2026-09-19,18:31:00,18:55:00,9.1,60x42x50,Bulky_UMKM,N/A,Cerah,Sedang,Van,In_Transit,2026-09-20 18:55:00,1440,265,SAFE,Tekstil & Garmen
100024000780,Dokumen,STR-DPK-001,Indra Gunawan,HUB-JAKBAR-KEBONJERUK,-6.189512,106.769941,"Jl. Kemang Raya No. 5, RT 03/RW 01",Jakarta Barat,-6.240652,106.750944,-6.22193,106.75472,2026-09-18,23:20:00,00:08:00,1.34,35x25x2,Secure_Document_Pouch,N/A,Berawan,Sedang,Motorcycle,In_Transit,2026-09-21 00:08:00,2880,578,SAFE,Dokumen Penting
100024000781,Mini Cargo,STR-JKT-002,Agus Prayitno,HUB-DPK-MARGONDA,-6.372841,106.832714,"Jl. Asia Afrika No. 80, RT 06/RW 03",Depok,-6.393937,106.792196,-6.385703,106.804882,2026-09-19,14:06:00,14:57:00,11.3,38x34x27,Bulky_UMKM,N/A,Gerimis,Sedang,Motorcycle,Assigned,2026-09-20 14:57:00,1440,27,MEDIUM_RISK,Sparepart Motor
100024000782,Next Day,STR-JKT-014,Ilham Saputra,HUB-JAKBAR-KEBONJERUK,-6.189512,106.769941,"Jl. Raya Darmo No. 55, RT 02/RW 01",Jakarta Barat,-6.195082,106.748505,-6.191022,106.755876,2026-09-20,12:29:00,13:01:00,6.8,17x19x16,Standard,N/A,Berawan,Sedang,Motorcycle,In_Transit,2026-09-21 13:01:00,1440,1351,SAFE,Buku
100024000783,Dokumen,STR-JKT-003,Rizky Pratama,HUB-JAKPUS-TANAHABANG,-6.187841,106.814327,"Jl. Gatot Subroto Kav. 22, RT 04/RW 08",Jakarta Pusat,-6.249905,106.859582,-6.236298,106.852948,2026-09-18,14:11:00,14:33:00,1.12,35x25x2,Secure_Document_Pouch,N/A,Cerah,Lancar,Motorcycle,In_Transit,2026-09-20 14:33:00,2880,3,HIGH_RISK,Dokumen Penting
100024000784,Regular,STR-JKT-004,Hendra Wijaya,HUB-DPK-MARGONDA,-6.372841,106.832714,"Jl. Gatot Subroto Kav. 22, RT 02/RW 02",Depok,-6.385425,106.868086,-6.378268,106.843105,2026-09-17,17:51:00,18:39:00,9.4,16x24x14,Standard,N/A,Cerah,Lancar,Van,Assigned,2026-09-20 18:39:00,4320,249,SAFE,Perlengkapan Rumah
100024000785,PHARMA,STR-DPK-001,Indra Gunawan,HUB-JAKPUS-TANAHABANG,-6.187841,106.814327,"Jl. BSD Raya Utama Blok A2, RT 06/RW 04",Jakarta Pusat,-6.128273,106.848875,-6.171217,106.822841,2026-09-21,01:21:00,01:37:00,6.95,18x12x14,BPOM_Pharma,15.9,Cerah,Sedang,Motorcycle,Assigned,2026-09-21 13:37:00,720,1387,SAFE,Obat Resep
100024000786,Dokumen,STR-JKT-011,Doni Kurniawan,HUB-BDG-BATUNUNGGAL,-6.953812,107.627419,"Jl. TB Simatupang No. 30, RT 05/RW 07",Bandung,-7.004126,107.604621,-6.960677,107.626752,2026-09-18,14:22:00,14:41:00,1.11,35x25x2,Secure_Document_Pouch,N/A,Berawan,Macet Total,Motorcycle,Incident_Reported,2026-09-20 14:41:00,2880,11,HIGH_RISK,Dokumen Penting
100024000787,Dokumen,STR-JKT-008,Bayu Nugroho,HUB-JAKSEL-TEBET,-6.225588,106.855324,"Jl. Raya Darmo No. 55, RT 08/RW 01",Jakarta Selatan,-6.182837,106.815371,-6.198639,106.828448,2026-09-18,22:16:00,22:53:00,0.37,35x25x2,Secure_Document_Pouch,N/A,Hujan Deras,Lancar,Motorcycle,In_Transit,2026-09-20 22:53:00,2880,503,SAFE,Dokumen Penting
100024000788,Next Day,STR-JKT-006,Fajar Ramadhan,HUB-BKS-HARAPANINDAH,-6.180215,106.984211,"Jl. TB Simatupang No. 30, RT 01/RW 03",Bekasi,-6.207243,107.043574,-6.191118,107.004575,2026-09-19,16:30:00,16:55:00,5.1,32x25x18,Standard,N/A,Cerah,Lancar,Van,In_Transit,2026-09-20 16:55:00,1440,145,SAFE,Pakaian
100024000789,Regular,STR-JKT-001,Budi Santoso,HUB-JAKBAR-KEBONJERUK,-6.189512,106.769941,"Jl. Pemuda No. 71, RT 09/RW 02",Jakarta Barat,-6.199141,106.820616,-6.192738,106.776095,2026-09-19,23:37:00,23:59:00,3.6,37x19x11,Standard,N/A,Hujan Deras,Lancar,Motorcycle,In_Transit,2026-09-20 23:59:00,1440,569,SAFE,Elektronik
100024000790,Same Day,STR-JKT-008,Bayu Nugroho,HUB-BKS-HARAPANINDAH,-6.180215,106.984211,"Jl. Pemuda No. 71, RT 02/RW 06",Bekasi,-6.116293,106.993231,-6.136535,106.989955,2026-09-21,05:50:00,06:11:00,3.3,20x17x18,Same_Day_Priority,N/A,Berawan,Lancar,Motorcycle,In_Transit,2026-09-21 14:11:00,480,1421,SAFE,Gadget & Aksesoris
100024000791,Mini Cargo,STR-TGR-001,Rian Kusuma,HUB-DPK-MARGONDA,-6.372841,106.832714,"Jl. Asia Afrika No. 80, RT 02/RW 01",Depok,-6.382055,106.778192,-6.376187,106.80514,2026-09-18,14:10:00,14:58:00,13.8,60x27x35,Bulky_UMKM,N/A,Berawan,Lancar,Motorcycle,In_Transit,2026-09-20 14:58:00,2880,28,MEDIUM_RISK,Tekstil & Garmen
100024000792,Regular,STR-JKT-004,Hendra Wijaya,HUB-JAKBAR-KEBONJERUK,-6.189512,106.769941,"Jl. H.R. Rasuna Said No. 8, RT 06/RW 01",Jakarta Barat,-6.145785,106.793768,-6.171359,106.778166,2026-09-19,21:12:00,21:45:00,3.9,29x17x20,Standard,N/A,Cerah,Lancar,Van,In_Transit,2026-09-20 21:45:00,1440,435,SAFE,Pakaian
100024000793,Next Day,STR-TGR-002,Surya Darma,HUB-JAKUT-SUNTER,-6.138472,106.865419,"Jl. Sudirman No. 45, RT 07/RW 03",Jakarta Utara,-6.139587,106.823348,-6.141267,106.84549,2026-09-20,08:16:00,09:06:00,6.2,30x10x16,Standard,N/A,Berawan,Lancar,Van,In_Transit,2026-09-21 09:06:00,1440,1116,SAFE,Pakaian
100024000794,Regular,STR-JKT-009,Aris Munandar,HUB-JAKPUS-TANAHABANG,-6.187841,106.814327,"Jl. Margonda Raya No. 150, RT 07/RW 07",Jakarta Pusat,-6.172866,106.766249,-6.174473,106.782391,2026-09-19,17:14:00,17:46:00,12.5,37x25x10,Standard,N/A,Cerah,Lancar,Van,In_Transit,2026-09-20 17:46:00,1440,196,SAFE,Pakaian
100024000795,Same Day,STR-JKT-008,Bayu Nugroho,HUB-JAKUT-SUNTER,-6.138472,106.865419,"Jl. Juanda No. 34, RT 08/RW 08",Jakarta Utara,-6.073361,106.883176,-6.130162,106.866091,2026-09-20,05:45:00,06:36:00,4.3,32x27x12,Same_Day_Priority,N/A,Cerah,Padat,Motorcycle,In_Transit,2026-09-20 14:36:00,480,6,HIGH_RISK,Snack & Makanan Kering
100024000796,Regular,STR-DPK-001,Indra Gunawan,HUB-JAKBAR-KEBONJERUK,-6.189512,106.769941,"Jl. Raya Darmo No. 55, RT 05/RW 08",Jakarta Barat,-6.215179,106.724038,-6.1973,106.752072,2026-09-18,03:50:00,04:33:00,9.7,35x12x16,Standard,N/A,Berawan,Sedang,Motorcycle,In_Transit,2026-09-21 04:33:00,4320,843,SAFE,Kecantikan
100024000797,Mini Cargo,STR-JKT-009,Aris Munandar,HUB-BKS-HARAPANINDAH,-6.180215,106.984211,"Jl. TB Simatupang No. 30, RT 04/RW 08",Bekasi,-6.165797,107.019198,-6.174574,106.994691,2026-09-19,16:17:00,16:45:00,12.3,35x49x30,Bulky_UMKM,N/A,Cerah,Sedang,Van,Assigned,2026-09-20 16:45:00,1440,135,SAFE,Sparepart Motor
100024000798,Frozen,STR-JKT-004,Hendra Wijaya,HUB-SBY-GUBENG,-7.265412,112.752189,"Jl. Sudirman No. 45, RT 02/RW 05",Surabaya,-7.252095,112.76379,-7.251939,112.761011,2026-09-20,06:37:00,06:58:00,0.8,34x16x29,Cold_Chain_-2_to_5C,3.5,Berawan,Macet Total,Van,In_Transit,2026-09-20 14:58:00,480,28,MEDIUM_RISK,Makanan Hewan
100024000799,Regular,STR-BKS-001,Aditya Putra,HUB-JAKTIM-RAWAMANGUN,-6.194218,106.883905,"Jl. Ir. H. Djuanda No. 120, RT 02/RW 04",Jakarta Timur,-6.171712,106.906202,-6.179941,106.895652,2026-09-18,11:15:00,12:04:00,13.5,18x12x24,Standard,N/A,Berawan,Sedang,Motorcycle,In_Transit,2026-09-21 12:04:00,4320,1294,SAFE,Pakaian
100024000800,Instant,STR-JKT-011,Doni Kurniawan,HUB-JAKUT-SUNTER,-6.138472,106.865419,"Jl. BSD Raya Utama Blok A2, RT 05/RW 05",Jakarta Utara,-6.07858,106.866569,-6.093198,106.869071,2026-09-20,17:45:00,18:34:00,2.7,17x24x16,Instant_Direct,N/A,Berawan,Sedang,Motorcycle,In_Transit,2026-09-20 20:34:00,120,364,SAFE,Kebutuhan Pokok Cepat
100024000801,Mini Cargo,STR-JKT-003,Rizky Pratama,HUB-JAKUT-SUNTER,-6.138472,106.865419,"Jl. Senopati No. 18, RT 04/RW 07",Jakarta Utara,-6.132859,106.854049,-6.135372,106.863138,2026-09-20,00:25:00,01:18:00,35.8,46x40x41,Bulky_UMKM,N/A,Berawan,Lancar,Motorcycle,In_Transit,2026-09-21 01:18:00,1440,648,SAFE,Bahan Makanan Kering UMKM
100024000802,Next Day,STR-JKT-003,Rizky Pratama,HUB-BDG-BATUNUNGGAL,-6.953812,107.627419,"Jl. Raya Pajajaran No. 9, RT 01/RW 05",Bandung,-7.002751,107.659088,-6.971926,107.641883,2026-09-19,13:50:00,14:07:00,8.0,28x13x21,Standard,N/A,Berawan,Sedang,Motorcycle,In_Transit,2026-09-20 14:07:00,1440,-23,BREACHED,Buku
100024000803,Next Day,STR-TGR-001,Rian Kusuma,HUB-JAKPUS-TANAHABANG,-6.187841,106.814327,"Jl. Ahmad Yani No. 102, RT 07/RW 06",Jakarta Pusat,-6.233057,106.784103,-6.221766,106.791233,2026-09-19,13:40:00,14:39:00,2.2,35x11x29,Standard,N/A,Hujan Deras,Macet Total,Motorcycle,In_Transit,2026-09-20 14:39:00,1440,9,HIGH_RISK,Buku
100024000804,Mini Cargo,STR-JKT-004,Hendra Wijaya,HUB-BKS-HARAPANINDAH,-6.180215,106.984211,"Jl. Juanda No. 34, RT 09/RW 05",Bekasi,-6.196493,106.949023,-6.185004,106.969563,2026-09-18,14:27:00,14:59:00,17.4,35x36x38,Bulky_UMKM,N/A,Cerah,Sedang,Van,In_Transit,2026-09-20 14:59:00,2880,29,MEDIUM_RISK,Tekstil & Garmen
100024000805,Regular,STR-JKT-005,Eko Prasetyo,HUB-BDG-BATUNUNGGAL,-6.953812,107.627419,"Jl. Asia Afrika No. 80, RT 04/RW 01",Bandung,-6.888339,107.691841,-6.909708,107.671597,2026-09-17,19:27:00,19:46:00,14.9,39x26x24,Standard,N/A,Hujan Deras,Lancar,Motorcycle,In_Transit,2026-09-20 19:46:00,4320,316,SAFE,Olahraga
100024000806,Instant,STR-JKT-005,Eko Prasetyo,HUB-JAKBAR-KEBONJERUK,-6.189512,106.769941,"Jl. Kebon Jeruk Raya No. 88, RT 06/RW 03",Jakarta Barat,-6.247027,106.71028,-6.24067,106.721659,2026-09-20,19:46:00,20:03:00,2.5,23x10x15,Instant_Direct,N/A,Berawan,Lancar,Motorcycle,Delivered,2026-09-20 22:03:00,120,453,SAFE,Minuman Segar
100024000807,Same Day,STR-DPK-001,Indra Gunawan,HUB-BDG-BATUNUNGGAL,-6.953812,107.627419,"Jl. Panjang No. 14, RT 05/RW 08",Bandung,-7.010597,107.603962,-6.998193,107.608264,2026-09-20,05:57:00,06:48:00,0.7,21x19x18,Same_Day_Priority,N/A,Berawan,Lancar,Motorcycle,In_Transit,2026-09-20 14:48:00,480,18,MEDIUM_RISK,Pakaian
100024000808,Mini Cargo,STR-JKT-001,Budi Santoso,HUB-DPK-MARGONDA,-6.372841,106.832714,"Jl. TB Simatupang No. 30, RT 05/RW 09",Depok,-6.337056,106.830508,-6.343154,106.83261,2026-09-19,09:24:00,09:44:00,33.5,44x42x24,Bulky_UMKM,N/A,Berawan,Sedang,Motorcycle,In_Transit,2026-09-21 09:44:00,2880,1154,SAFE,Paket UMKM
100024000809,Same Day,STR-BKS-001,Aditya Putra,HUB-JAKBAR-KEBONJERUK,-6.189512,106.769941,"Jl. Panjang No. 14, RT 09/RW 07",Jakarta Barat,-6.149293,106.817504,-6.163438,106.798562,2026-09-21,00:40:00,01:27:00,3.1,34x27x24,Same_Day_Priority,N/A,Berawan,Padat,Motorcycle,In_Transit,2026-09-21 09:27:00,480,1137,SAFE,Snack & Makanan Kering
100024000810,Same Day,STR-JKT-005,Eko Prasetyo,HUB-JAKBAR-KEBONJERUK,-6.189512,106.769941,"Jl. H.R. Rasuna Said No. 8, RT 03/RW 03",Jakarta Barat,-6.213686,106.78231,-6.207881,106.777568,2026-09-20,06:09:00,06:28:00,5.0,27x11x21,Same_Day_Priority,N/A,Hujan Deras,Macet Total,Motorcycle,In_Transit,2026-09-20 14:28:00,480,-2,BREACHED,Pakaian
100024000811,Same Day,STR-JKT-008,Bayu Nugroho,HUB-JAKSEL-TEBET,-6.225588,106.855324,"Jl. Margonda Raya No. 150, RT 06/RW 04",Jakarta Selatan,-6.263798,106.868765,-6.251121,106.863791,2026-09-21,04:56:00,05:11:00,2.6,34x11x22,Same_Day_Priority,N/A,Cerah,Sedang,Motorcycle,In_Transit,2026-09-21 13:11:00,480,1361,SAFE,Gadget & Aksesoris
100024000812,Instant,STR-TGR-001,Rian Kusuma,HUB-SBY-GUBENG,-7.265412,112.752189,"Jl. Pemuda No. 71, RT 07/RW 07",Surabaya,-7.293253,112.701213,-7.279442,112.723691,2026-09-20,20:44:00,21:26:00,3.1,23x25x18,Instant_Direct,N/A,Berawan,Sedang,Motorcycle,In_Transit,2026-09-21 00:26:00,180,596,SAFE,Makanan Siap Saji
100024000813,Regular,STR-JKT-001,Budi Santoso,HUB-JAKUT-SUNTER,-6.138472,106.865419,"Jl. Sudirman No. 45, RT 08/RW 05",Jakarta Utara,-6.164407,106.916544,-6.1516,106.89085,2026-09-18,22:14:00,22:37:00,6.5,22x21x18,Standard,N/A,Cerah,Sedang,Motorcycle,Assigned,2026-09-20 22:37:00,2880,487,SAFE,Kecantikan
100024000814,Regular,STR-JKT-004,Hendra Wijaya,HUB-BKS-HARAPANINDAH,-6.180215,106.984211,"Jl. Boulevard Barat Kelapa Gading, RT 04/RW 01",Bekasi,-6.203104,106.954698,-6.184589,106.978167,2026-09-18,13:29:00,14:28:00,2.9,24x15x24,Standard,N/A,Gerimis,Macet Total,Van,Incident_Reported,2026-09-20 14:28:00,2880,-2,BREACHED,Kecantikan
100024000815,Same Day,STR-TGR-001,Rian Kusuma,HUB-JAKTIM-RAWAMANGUN,-6.194218,106.883905,"Jl. H.R. Rasuna Said No. 8, RT 02/RW 06",Jakarta Timur,-6.157285,106.899763,-6.18097,106.888676,2026-09-20,23:30:00,00:15:00,4.7,16x10x10,Same_Day_Priority,N/A,Berawan,Lancar,Motorcycle,In_Transit,2026-09-21 08:15:00,480,1065,SAFE,Pakaian
100024000816,Frozen,STR-JKT-004,Hendra Wijaya,HUB-DPK-MARGONDA,-6.372841,106.832714,"Jl. Basuki Rahmat No. 40, RT 06/RW 08",Depok,-6.343306,106.901543,-6.36352,106.847236,2026-09-20,07:10:00,07:32:00,11.9,33x23x20,Cold_Chain_-2_to_5C,-1.3,Gerimis,Lancar,Van,Delivered,2026-09-20 15:32:00,480,62,SAFE,Minuman Dingin
100024000817,Regular,STR-JKT-006,Fajar Ramadhan,HUB-BDG-BATUNUNGGAL,-6.953812,107.627419,"Jl. Raya Darmo No. 55, RT 07/RW 09",Bandung,-6.98864,107.660377,-6.981547,107.652349,2026-09-19,13:58:00,14:20:00,5.7,23x26x15,Standard,N/A,Gerimis,Macet Total,Van,Incident_Reported,2026-09-20 14:20:00,1440,-10,BREACHED,Perlengkapan Rumah
100024000818,Dokumen,STR-JKT-003,Rizky Pratama,HUB-JAKPUS-TANAHABANG,-6.187841,106.814327,"Jl. M.H. Thamrin No. 12, RT 01/RW 07",Jakarta Pusat,-6.187356,106.867338,-6.186131,106.838413,2026-09-18,14:37:00,14:56:00,1.32,35x25x2,Secure_Document_Pouch,N/A,Cerah,Sedang,Motorcycle,In_Transit,2026-09-20 14:56:00,2880,26,MEDIUM_RISK,Dokumen Penting
100024000819,Frozen,STR-JKT-009,Aris Munandar,HUB-JAKTIM-RAWAMANGUN,-6.194218,106.883905,"Jl. Raya Pajajaran No. 9, RT 02/RW 08",Jakarta Timur,-6.133366,106.951767,-6.172707,106.909237,2026-09-20,19:50:00,20:40:00,7.9,25x30x20,Cold_Chain_-2_to_5C,-0.6,Berawan,Lancar,Van,In_Transit,2026-09-21 04:40:00,480,850,SAFE,Makanan Beku
100024000820,Dokumen,STR-JKT-001,Budi Santoso,HUB-JAKBAR-KEBONJERUK,-6.189512,106.769941,"Jl. Gatot Subroto Kav. 22, RT 07/RW 04",Jakarta Barat,-6.133829,106.749449,-6.18041,106.768493,2026-09-18,23:18:00,23:47:00,0.64,35x25x2,Secure_Document_Pouch,N/A,Cerah,Sedang,Motorcycle,In_Transit,2026-09-20 23:47:00,2880,557,SAFE,Dokumen Penting
100024000821,Next Day,STR-JKT-003,Rizky Pratama,HUB-JAKTIM-RAWAMANGUN,-6.194218,106.883905,"Jl. M.H. Thamrin No. 12, RT 02/RW 09",Jakarta Timur,-6.226871,106.939036,-6.208305,106.903783,2026-09-19,14:07:00,14:38:00,8.5,26x15x18,Standard,N/A,Gerimis,Padat,Motorcycle,Incident_Reported,2026-09-20 14:38:00,1440,8,HIGH_RISK,Elektronik Kecil
100024000822,Frozen,STR-TGR-001,Rian Kusuma,HUB-JAKUT-SUNTER,-6.138472,106.865419,"Jl. Gatot Subroto Kav. 22, RT 08/RW 04",Jakarta Utara,-6.171808,106.802907,-6.153964,106.835048,2026-09-21,01:09:00,01:56:00,9.2,30x22x18,Cold_Chain_-2_to_5C,1.6,Cerah,Sedang,Motorcycle,In_Transit,2026-09-21 09:56:00,480,1166,SAFE,Daging & Seafood
100024000823,Same Day,STR-JKT-014,Ilham Saputra,HUB-BDG-BATUNUNGGAL,-6.953812,107.627419,"Jl. Asia Afrika No. 80, RT 03/RW 01",Bandung,-6.920864,107.669966,-6.936219,107.651233,2026-09-20,17:20:00,17:49:00,1.2,29x14x18,Same_Day_Priority,N/A,Cerah,Sedang,Motorcycle,In_Transit,2026-09-21 01:49:00,480,679,SAFE,Gadget & Aksesoris
100024000824,Regular,STR-JKT-004,Hendra Wijaya,HUB-SBY-GUBENG,-7.265412,112.752189,"Jl. Kemang Raya No. 5, RT 09/RW 04",Surabaya,-7.259749,112.81708,-7.263696,112.791988,2026-09-19,19:58:00,20:38:00,2.5,18x30x27,Standard,N/A,Cerah,Lancar,Van,Delivered,2026-09-20 20:38:00,1440,368,SAFE,Kecantikan
100024000825,Regular,STR-JKT-009,Aris Munandar,HUB-SBY-GUBENG,-7.265412,112.752189,"Jl. Ir. H. Djuanda No. 120, RT 04/RW 03",Surabaya,-7.305999,112.706325,-7.293586,112.718747,2026-09-18,14:02:00,14:46:00,2.9,15x10x12,Standard,N/A,Berawan,Lancar,Van,In_Transit,2026-09-20 14:46:00,2880,16,MEDIUM_RISK,Olahraga
100024000826,Regular,STR-TGR-001,Rian Kusuma,HUB-JAKSEL-TEBET,-6.225588,106.855324,"Jl. Raya Pajajaran No. 9, RT 07/RW 02",Jakarta Selatan,-6.224479,106.873717,-6.224552,106.86854,2026-09-18,13:15:00,13:50:00,12.0,24x11x17,Standard,N/A,Hujan Deras,Sedang,Motorcycle,In_Transit,2026-09-20 13:50:00,2880,-40,BREACHED,Olahraga
100024000827,Instant,STR-DPK-001,Indra Gunawan,HUB-JAKBAR-KEBONJERUK,-6.189512,106.769941,"Jl. Ir. H. Djuanda No. 120, RT 03/RW 04",Jakarta Barat,-6.176963,106.805657,-6.182066,106.796652,2026-09-21,01:21:00,02:01:00,4.0,11x10x11,Instant_Direct,N/A,Gerimis,Sedang,Motorcycle,Delivered,2026-09-21 05:01:00,180,871,SAFE,Makanan Siap Saji
100024000828,Regular,STR-JKT-003,Rizky Pratama,HUB-JAKUT-SUNTER,-6.138472,106.865419,"Jl. Sudirman No. 45, RT 01/RW 07",Jakarta Utara,-6.076388,106.928769,-6.103966,106.898458,2026-09-20,12:53:00,13:53:00,0.5,35x22x21,Standard,N/A,Cerah,Lancar,Motorcycle,In_Transit,2026-09-21 13:53:00,1440,1403,SAFE,Perlengkapan Rumah
100024000829,Mini Cargo,STR-JKT-008,Bayu Nugroho,HUB-JAKPUS-TANAHABANG,-6.187841,106.814327,"Jl. Raya Darmo No. 55, RT 05/RW 08",Jakarta Pusat,-6.119692,106.744549,-6.15735,106.781419,2026-09-18,13:35:00,14:24:00,18.9,47x31x29,Bulky_UMKM,N/A,Cerah,Macet Total,Motorcycle,Incident_Reported,2026-09-20 14:24:00,2880,-6,BREACHED,Tekstil & Garmen
100024000830,Next Day,STR-DPK-001,Indra Gunawan,HUB-BKS-HARAPANINDAH,-6.180215,106.984211,"Jl. Ir. H. Djuanda No. 120, RT 09/RW 09",Bekasi,-6.227912,106.999182,-6.213408,106.994922,2026-09-20,09:31:00,10:23:00,7.9,17x21x10,Standard,N/A,Cerah,Sedang,Motorcycle,In_Transit,2026-09-21 10:23:00,1440,1193,SAFE,Elektronik Kecil
100024000831,Same Day,STR-TGR-001,Rian Kusuma,HUB-JAKBAR-KEBONJERUK,-6.189512,106.769941,"Jl. Gatot Subroto Kav. 22, RT 03/RW 07",Jakarta Barat,-6.179803,106.825492,-6.187329,106.776942,2026-09-20,18:59:00,19:19:00,4.3,20x22x10,Same_Day_Priority,N/A,Cerah,Macet Total,Motorcycle,In_Transit,2026-09-21 03:19:00,480,769,SAFE,Snack & Makanan Kering
100024000832,Regular,STR-JKT-005,Eko Prasetyo,HUB-SBY-GUBENG,-7.265412,112.752189,"Jl. Ahmad Yani No. 102, RT 02/RW 08",Surabaya,-7.283816,112.701677,-7.269345,112.74105,2026-09-20,00:11:00,01:00:00,7.5,27x29x15,Standard,N/A,Berawan,Sedang,Motorcycle,In_Transit,2026-09-21 01:00:00,1440,630,SAFE,Pakaian
100024000833,Mini Cargo,STR-BKS-001,Aditya Putra,HUB-BDG-BATUNUNGGAL,-6.953812,107.627419,"Jl. Panjang No. 14, RT 03/RW 03",Bandung,-7.003561,107.570285,-6.986679,107.588169,2026-09-18,14:37:00,15:00:00,6.3,52x33x43,Bulky_UMKM,N/A,Cerah,Sedang,Motorcycle,In_Transit,2026-09-20 15:00:00,2880,30,MEDIUM_RISK,Bahan Makanan Kering UMKM
100024000834,Next Day,STR-JKT-001,Budi Santoso,HUB-JAKUT-SUNTER,-6.138472,106.865419,"Jl. Sudirman No. 45, RT 03/RW 03",Jakarta Utara,-6.156273,106.9121,-6.142097,106.873939,2026-09-20,03:07:00,03:36:00,9.4,16x12x30,Standard,N/A,Cerah,Lancar,Motorcycle,Delivered,2026-09-21 03:36:00,1440,786,SAFE,Buku
100024000835,PHARMA,STR-JKT-008,Bayu Nugroho,HUB-BKS-HARAPANINDAH,-6.180215,106.984211,"Jl. Raya Pajajaran No. 9, RT 03/RW 09",Bekasi,-6.2117,106.921609,-6.186758,106.965968,2026-09-20,01:55:00,02:55:00,0.34,17x17x18,BPOM_Pharma,16.4,Gerimis,Padat,Motorcycle,In_Transit,2026-09-20 14:55:00,720,25,MEDIUM_RISK,Obat Resep
100024000836,Regular,STR-JKT-002,Agus Prayitno,HUB-BKS-HARAPANINDAH,-6.180215,106.984211,"Jl. Sudirman No. 45, RT 08/RW 02",Bekasi,-6.240067,107.046035,-6.209324,107.018586,2026-09-19,13:23:00,14:07:00,1.6,33x21x10,Standard,N/A,Banjir,Padat,Motorcycle,Incident_Reported,2026-09-20 14:07:00,1440,-23,BREACHED,Olahraga
100024000837,Regular,STR-JKT-013,Gilang Permana,HUB-JAKBAR-KEBONJERUK,-6.189512,106.769941,"Jl. Juanda No. 34, RT 01/RW 03",Jakarta Barat,-6.215414,106.759778,-6.209689,106.762275,2026-09-17,13:55:00,14:46:00,10.3,15x25x18,Standard,N/A,Cerah,Padat,Van,In_Transit,2026-09-20 14:46:00,4320,16,MEDIUM_RISK,Pakaian
100024000838,Next Day,STR-JKT-011,Doni Kurniawan,HUB-TGR-BSD,-6.302143,106.652194,"Jl. Margonda Raya No. 150, RT 09/RW 04",Tangerang Selatan,-6.274265,106.613974,-6.283573,106.629313,2026-09-20,04:15:00,05:09:00,9.6,39x13x23,Standard,N/A,Cerah,Sedang,Motorcycle,Assigned,2026-09-21 05:09:00,1440,879,SAFE,Pakaian
100024000839,Next Day,STR-TGR-001,Rian Kusuma,HUB-JAKTIM-RAWAMANGUN,-6.194218,106.883905,"Jl. Gatot Subroto Kav. 22, RT 01/RW 05",Jakarta Timur,-6.127381,106.842211,-6.169418,106.866858,2026-09-19,19:51:00,20:19:00,2.6,20x12x24,Standard,N/A,Cerah,Sedang,Motorcycle,Delivered,2026-09-20 20:19:00,1440,349,SAFE,Elektronik Kecil
100024000840,Cargo,STR-JKT-015,Ahmad Fauzi,HUB-TGR-BSD,-6.302143,106.652194,"Jl. TB Simatupang No. 30, RT 07/RW 09",Tangerang Selatan,-6.310844,106.655557,-6.310364,106.657001,2026-09-18,13:47:00,14:36:00,152.5,87x75x78,Heavy_Cargo,N/A,Banjir,Padat,Cargo_Truck,In_Transit,2026-09-20 14:36:00,2880,6,HIGH_RISK,Otomotif & Mesin
100024000841,Next Day,STR-BKS-001,Aditya Putra,HUB-JAKTIM-RAWAMANGUN,-6.194218,106.883905,"Jl. Pemuda No. 71, RT 07/RW 03",Jakarta Timur,-6.219709,106.845804,-6.212691,106.854406,2026-09-20,01:39:00,02:22:00,9.3,37x11x22,Standard,N/A,Cerah,Lancar,Motorcycle,In_Transit,2026-09-21 02:22:00,1440,712,SAFE,Elektronik Kecil
100024000842,Same Day,STR-JKT-008,Bayu Nugroho,HUB-TGR-BSD,-6.302143,106.652194,"Jl. M.H. Thamrin No. 12, RT 09/RW 06",Tangerang Selatan,-6.237614,106.604518,-6.265587,106.623259,2026-09-20,17:49:00,18:09:00,5.2,34x13x17,Same_Day_Priority,N/A,Cerah,Sedang,Motorcycle,Delivered,2026-09-21 02:09:00,480,699,SAFE,Pakaian
100024000843,Next Day,STR-TGR-001,Rian Kusuma,HUB-BDG-BATUNUNGGAL,-6.953812,107.627419,"Jl. Pemuda No. 71, RT 08/RW 07",Bandung,-6.892015,107.570685,-6.904763,107.578711,2026-09-19,13:30:00,14:29:00,7.3,26x17x20,Standard,N/A,Berawan,Padat,Motorcycle,Incident_Reported,2026-09-20 14:29:00,1440,-1,BREACHED,Elektronik Kecil
100024000844,Dokumen,STR-JKT-001,Budi Santoso,HUB-JAKSEL-TEBET,-6.225588,106.855324,"Jl. Raya Darmo No. 55, RT 06/RW 01",Jakarta Selatan,-6.170572,106.878685,-6.207911,106.863518,2026-09-18,13:49:00,14:11:00,0.21,35x25x2,Secure_Document_Pouch,N/A,Hujan Deras,Padat,Motorcycle,In_Transit,2026-09-20 14:11:00,2880,-19,BREACHED,Dokumen Penting
100024000845,Mini Cargo,STR-BKS-001,Aditya Putra,HUB-JAKTIM-RAWAMANGUN,-6.194218,106.883905,"Jl. Juanda No. 34, RT 06/RW 01",Jakarta Timur,-6.137307,106.862488,-6.152775,106.869259,2026-09-18,15:34:00,16:34:00,28.1,57x29x34,Bulky_UMKM,N/A,Hujan Deras,Sedang,Motorcycle,Assigned,2026-09-20 16:34:00,2880,124,SAFE,Paket UMKM
100024000846,Dokumen,STR-JKT-002,Agus Prayitno,HUB-JAKSEL-TEBET,-6.225588,106.855324,"Jl. Pemuda No. 71, RT 04/RW 05",Jakarta Selatan,-6.167704,106.878624,-6.186017,106.875239,2026-09-18,14:52:00,15:29:00,0.1,35x25x2,Secure_Document_Pouch,N/A,Cerah,Padat,Motorcycle,In_Transit,2026-09-20 15:29:00,2880,59,SAFE,Dokumen Penting
100024000847,Regular,STR-JKT-006,Fajar Ramadhan,HUB-JAKPUS-TANAHABANG,-6.187841,106.814327,"Jl. Ir. H. Djuanda No. 120, RT 05/RW 02",Jakarta Pusat,-6.197864,106.815235,-6.192685,106.812294,2026-09-18,12:33:00,13:24:00,14.4,26x21x17,Standard,N/A,Cerah,Sedang,Van,In_Transit,2026-09-21 13:24:00,4320,1374,SAFE,Perlengkapan Rumah
100024000848,Regular,STR-BKS-001,Aditya Putra,HUB-BKS-HARAPANINDAH,-6.180215,106.984211,"Jl. Sudirman No. 45, RT 07/RW 07",Bekasi,-6.240322,106.922516,-6.229365,106.933801,2026-09-19,08:47:00,09:46:00,7.3,16x17x25,Standard,N/A,Cerah,Sedang,Motorcycle,In_Transit,2026-09-21 09:46:00,2880,1156,SAFE,Olahraga
100024000849,Dokumen,STR-JKT-003,Rizky Pratama,HUB-JAKPUS-TANAHABANG,-6.187841,106.814327,"Jl. Boulevard Barat Kelapa Gading, RT 04/RW 01",Jakarta Pusat,-6.165131,106.824166,-6.179354,106.820572,2026-09-18,14:01:00,14:16:00,0.57,35x25x2,Secure_Document_Pouch,N/A,Gerimis,Macet Total,Motorcycle,In_Transit,2026-09-20 14:16:00,2880,-14,BREACHED,Dokumen Penting
100024000850,Instant,STR-JKT-003,Rizky Pratama,HUB-JAKSEL-TEBET,-6.225588,106.855324,"Jl. Senopati No. 18, RT 05/RW 02",Jakarta Selatan,-6.285385,106.815076,-6.251911,106.840988,2026-09-20,20:10:00,20:46:00,3.4,28x14x12,Instant_Direct,N/A,Cerah,Lancar,Motorcycle,Assigned,2026-09-20 23:46:00,180,556,SAFE,Minuman Segar
100024000851,Regular,STR-JKT-005,Eko Prasetyo,HUB-JAKSEL-TEBET,-6.225588,106.855324,"Jl. Kebon Jeruk Raya No. 88, RT 01/RW 09",Jakarta Selatan,-6.215604,106.875365,-6.21582,106.868127,2026-09-19,04:43:00,05:12:00,13.3,18x12x22,Standard,N/A,Cerah,Lancar,Motorcycle,Assigned,2026-09-21 05:12:00,2880,882,SAFE,Kecantikan
100024000852,Instant,STR-BKS-001,Aditya Putra,HUB-JAKSEL-TEBET,-6.225588,106.855324,"Jl. Raya Darmo No. 55, RT 09/RW 09",Jakarta Selatan,-6.256165,106.880291,-6.248132,106.875546,2026-09-21,07:54:00,08:23:00,3.7,23x19x10,Instant_Direct,N/A,Gerimis,Lancar,Motorcycle,Delivered,2026-09-21 10:23:00,120,1193,SAFE,Kebutuhan Pokok Cepat
100024000853,Regular,STR-BKS-001,Aditya Putra,HUB-JAKTIM-RAWAMANGUN,-6.194218,106.883905,"Jl. Gatot Subroto Kav. 22, RT 05/RW 08",Jakarta Timur,-6.15259,106.937769,-6.184631,106.897442,2026-09-17,15:05:00,15:55:00,2.0,40x21x15,Standard,N/A,Berawan,Lancar,Motorcycle,In_Transit,2026-09-20 15:55:00,4320,85,SAFE,Elektronik
100024000854,Regular,STR-JKT-004,Hendra Wijaya,HUB-JAKTIM-RAWAMANGUN,-6.194218,106.883905,"Jl. Asia Afrika No. 80, RT 02/RW 09",Jakarta Timur,-6.250362,106.925242,-6.233129,106.910216,2026-09-20,06:57:00,07:46:00,6.7,39x13x26,Standard,N/A,Berawan,Sedang,Van,In_Transit,2026-09-21 07:46:00,1440,1036,SAFE,Kecantikan
100024000855,Next Day,STR-JKT-013,Gilang Permana,HUB-JAKBAR-KEBONJERUK,-6.189512,106.769941,"Jl. Senopati No. 18, RT 02/RW 07",Jakarta Barat,-6.157266,106.823242,-6.17205,106.802002,2026-09-19,16:17:00,16:36:00,9.2,30x27x29,Standard,N/A,Berawan,Sedang,Van,In_Transit,2026-09-20 16:36:00,1440,126,SAFE,Sepatu
100024000856,Same Day,STR-JKT-003,Rizky Pratama,HUB-JAKTIM-RAWAMANGUN,-6.194218,106.883905,"Jl. Pemuda No. 71, RT 01/RW 02",Jakarta Timur,-6.193025,106.895369,-6.191466,106.891497,2026-09-20,10:58:00,11:47:00,0.5,20x27x16,Same_Day_Priority,N/A,Cerah,Sedang,Motorcycle,In_Transit,2026-09-20 19:47:00,480,317,SAFE,Snack & Makanan Kering
100024000857,PHARMA,STR-JKT-008,Bayu Nugroho,HUB-JAKPUS-TANAHABANG,-6.187841,106.814327,"Jl. Panjang No. 14, RT 04/RW 03",Jakarta Pusat,-6.238903,106.876699,-6.200083,106.824938,2026-09-20,08:44:00,08:59:00,5.03,21x10x20,BPOM_Pharma,21.6,Berawan,Lancar,Motorcycle,In_Transit,2026-09-21 08:59:00,1440,1109,SAFE,Obat Resep
100024000858,Instant,STR-JKT-011,Doni Kurniawan,HUB-JAKSEL-TEBET,-6.225588,106.855324,"Jl. Juanda No. 34, RT 08/RW 06",Jakarta Selatan,-6.256808,106.885339,-6.231419,106.860746,2026-09-20,16:07:00,16:25:00,3.6,11x14x7,Instant_Direct,N/A,Berawan,Lancar,Motorcycle,In_Transit,2026-09-20 19:25:00,180,295,SAFE,Kebutuhan Pokok Cepat
100024000859,Same Day,STR-JKT-003,Rizky Pratama,HUB-JAKSEL-TEBET,-6.225588,106.855324,"Jl. Juanda No. 34, RT 08/RW 08",Jakarta Selatan,-6.200083,106.900807,-6.213855,106.871497,2026-09-21,02:21:00,03:02:00,5.5,15x30x15,Same_Day_Priority,N/A,Cerah,Sedang,Motorcycle,In_Transit,2026-09-21 11:02:00,480,1232,SAFE,Pakaian
100024000860,Mini Cargo,STR-JKT-011,Doni Kurniawan,HUB-JAKBAR-KEBONJERUK,-6.189512,106.769941,"Jl. Asia Afrika No. 80, RT 04/RW 02",Jakarta Barat,-6.193757,106.752878,-6.189792,106.758073,2026-09-19,15:37:00,16:04:00,6.7,42x37x25,Bulky_UMKM,N/A,Cerah,Padat,Motorcycle,Delivered,2026-09-20 16:04:00,1440,94,SAFE,Tekstil & Garmen
100024000861,Same Day,STR-TGR-001,Rian Kusuma,HUB-JAKSEL-TEBET,-6.225588,106.855324,"Jl. BSD Raya Utama Blok A2, RT 08/RW 01",Jakarta Selatan,-6.225436,106.836689,-6.226294,106.847308,2026-09-20,19:39:00,20:31:00,5.7,26x21x11,Same_Day_Priority,N/A,Gerimis,Lancar,Motorcycle,In_Transit,2026-09-21 04:31:00,480,841,SAFE,Snack & Makanan Kering
100024000862,Cargo,STR-JKT-015,Ahmad Fauzi,HUB-JAKUT-SUNTER,-6.138472,106.865419,"Jl. Pemuda No. 71, RT 04/RW 04",Jakarta Utara,-6.166402,106.800484,-6.162185,106.809979,2026-09-19,02:26:00,02:49:00,85.1,62x48x158,Heavy_Cargo,N/A,Cerah,Sedang,Cargo_Truck,In_Transit,2026-09-21 02:49:00,2880,739,SAFE,Furnitur
100024000863,Mini Cargo,STR-JKT-002,Agus Prayitno,HUB-JAKBAR-KEBONJERUK,-6.189512,106.769941,"Jl. Ahmad Yani No. 102, RT 09/RW 06",Jakarta Barat,-6.21814,106.720501,-6.198678,106.752859,2026-09-18,19:50:00,20:14:00,22.4,45x44x50,Bulky_UMKM,N/A,Cerah,Sedang,Motorcycle,In_Transit,2026-09-20 20:14:00,2880,344,SAFE,Paket UMKM
100024000864,Dokumen,STR-JKT-011,Doni Kurniawan,HUB-JAKBAR-KEBONJERUK,-6.189512,106.769941,"Jl. Kebon Jeruk Raya No. 88, RT 03/RW 05",Jakarta Barat,-6.16739,106.779866,-6.181982,106.77443,2026-09-18,20:58:00,21:27:00,0.84,35x25x2,Secure_Document_Pouch,N/A,Gerimis,Sedang,Motorcycle,In_Transit,2026-09-20 21:27:00,2880,417,SAFE,Dokumen Penting
100024000865,Frozen,STR-TGR-001,Rian Kusuma,HUB-JAKSEL-TEBET,-6.225588,106.855324,"Jl. Asia Afrika No. 80, RT 08/RW 07",Jakarta Selatan,-6.18234,106.819048,-6.214712,106.849975,2026-09-20,05:02:00,06:02:00,5.0,38x23x30,Cold_Chain_-2_to_5C,0.7,Gerimis,Padat,Motorcycle,Incident_Reported,2026-09-20 14:02:00,480,-28,BREACHED,Buah & Sayuran Segar
100024000866,Cargo,STR-BKS-002,Bambang Sudrajat,HUB-JAKUT-SUNTER,-6.138472,106.865419,"Jl. Kebon Jeruk Raya No. 88, RT 07/RW 06",Jakarta Utara,-6.107428,106.927403,-6.114893,106.912665,2026-09-19,23:59:00,00:19:00,136.8,54x67x76,Heavy_Cargo,N/A,Cerah,Padat,Cargo_Truck,In_Transit,2026-09-21 00:19:00,1440,589,SAFE,Otomotif & Mesin
100024000867,Same Day,STR-JKT-011,Doni Kurniawan,HUB-JAKSEL-TEBET,-6.225588,106.855324,"Jl. Pemuda No. 71, RT 09/RW 02",Jakarta Selatan,-6.22062,106.91248,-6.220299,106.889431,2026-09-20,12:50:00,13:24:00,5.6,26x28x22,Same_Day_Priority,N/A,Berawan,Sedang,Motorcycle,Assigned,2026-09-20 21:24:00,480,414,SAFE,Gadget & Aksesoris
100024000868,Regular,STR-JKT-011,Doni Kurniawan,HUB-JAKPUS-TANAHABANG,-6.187841,106.814327,"Jl. Raya Darmo No. 55, RT 02/RW 05",Jakarta Pusat,-6.255945,106.866143,-6.212785,106.833778,2026-09-18,14:26:00,14:48:00,9.9,33x16x17,Standard,N/A,Gerimis,Lancar,Motorcycle,In_Transit,2026-09-20 14:48:00,2880,18,MEDIUM_RISK,Elektronik
100024000869,Same Day,STR-DPK-001,Indra Gunawan,HUB-JAKUT-SUNTER,-6.138472,106.865419,"Jl. Juanda No. 34, RT 04/RW 02",Jakarta Utara,-6.178583,106.908762,-6.157726,106.886605,2026-09-21,05:55:00,06:19:00,5.0,18x25x21,Same_Day_Priority,N/A,Gerimis,Lancar,Motorcycle,Delivered,2026-09-21 14:19:00,480,1429,SAFE,Kosmetik
100024000870,Regular,STR-DPK-001,Indra Gunawan,HUB-BDG-BATUNUNGGAL,-6.953812,107.627419,"Jl. Panjang No. 14, RT 03/RW 07",Bandung,-6.961283,107.68568,-6.958935,107.657128,2026-09-18,07:22:00,08:20:00,1.0,30x16x30,Standard,N/A,Berawan,Lancar,Motorcycle,In_Transit,2026-09-21 08:20:00,4320,1070,SAFE,Elektronik
100024000871,Next Day,STR-JKT-004,Hendra Wijaya,HUB-TGR-BSD,-6.302143,106.652194,"Jl. Raya Darmo No. 55, RT 07/RW 07",Tangerang Selatan,-6.249599,106.697044,-6.286407,106.665627,2026-09-20,04:33:00,04:57:00,3.1,16x30x11,Standard,N/A,Cerah,Sedang,Van,Assigned,2026-09-21 04:57:00,1440,867,SAFE,Elektronik Kecil
100024000872,PHARMA,STR-JKT-008,Bayu Nugroho,HUB-JAKBAR-KEBONJERUK,-6.189512,106.769941,"Jl. M.H. Thamrin No. 12, RT 01/RW 03",Jakarta Barat,-6.25607,106.830988,-6.214545,106.795911,2026-09-20,13:48:00,14:22:00,1.83,29x20x13,BPOM_Pharma,18.8,Cerah,Lancar,Motorcycle,In_Transit,2026-09-21 14:22:00,1440,1432,SAFE,Alat Kesehatan
100024000873,Next Day,STR-JKT-005,Eko Prasetyo,HUB-JAKBAR-KEBONJERUK,-6.189512,106.769941,"Jl. Raya Pajajaran No. 9, RT 03/RW 01",Jakarta Barat,-6.151818,106.730407,-6.17152,106.754162,2026-09-19,13:55:00,14:51:00,5.4,27x15x10,Standard,N/A,Cerah,Lancar,Motorcycle,In_Transit,2026-09-20 14:51:00,1440,21,MEDIUM_RISK,Mainan Anak
100024000874,Dokumen,STR-TGR-001,Rian Kusuma,HUB-DPK-MARGONDA,-6.372841,106.832714,"Jl. Kemang Raya No. 5, RT 04/RW 03",Depok,-6.333068,106.81087,-6.344055,106.817555,2026-09-18,14:33:00,14:59:00,0.94,35x25x2,Secure_Document_Pouch,N/A,Cerah,Sedang,Motorcycle,In_Transit,2026-09-20 14:59:00,2880,29,MEDIUM_RISK,Dokumen Penting
100024000875,Same Day,STR-JKT-012,Wahyu Hidayat,HUB-DPK-MARGONDA,-6.372841,106.832714,"Jl. TB Simatupang No. 30, RT 04/RW 07",Depok,-6.346074,106.878677,-6.355847,106.863884,2026-09-20,23:36:00,00:23:00,1.1,16x27x24,Same_Day_Priority,N/A,Cerah,Lancar,Motorcycle,In_Transit,2026-09-21 08:23:00,480,1073,SAFE,Pakaian
100024000876,Instant,STR-TGR-001,Rian Kusuma,HUB-JAKBAR-KEBONJERUK,-6.189512,106.769941,"Jl. Sudirman No. 45, RT 08/RW 02",Jakarta Barat,-6.152483,106.812911,-6.16425,106.798576,2026-09-20,10:48:00,11:48:00,1.3,27x15x7,Instant_Direct,N/A,Cerah,Padat,Motorcycle,In_Transit,2026-09-20 14:48:00,180,18,MEDIUM_RISK,Kebutuhan Pokok Cepat
100024000877,Next Day,STR-JKT-004,Hendra Wijaya,HUB-JAKUT-SUNTER,-6.138472,106.865419,"Jl. Kemang Raya No. 5, RT 04/RW 03",Jakarta Utara,-6.099363,106.862406,-6.122205,106.862069,2026-09-19,14:00:00,14:50:00,7.7,24x18x14,Standard,N/A,Gerimis,Sedang,Van,Assigned,2026-09-20 14:50:00,1440,20,MEDIUM_RISK,Elektronik Kecil
100024000878,Mini Cargo,STR-JKT-014,Ilham Saputra,HUB-SBY-GUBENG,-7.265412,112.752189,"Jl. Boulevard Barat Kelapa Gading, RT 07/RW 01",Surabaya,-7.313812,112.796385,-7.305453,112.787576,2026-09-20,11:51:00,12:10:00,26.5,58x37x27,Bulky_UMKM,N/A,Hujan Deras,Lancar,Motorcycle,Assigned,2026-09-21 12:10:00,1440,1300,SAFE,Sparepart Motor
100024000879,Regular,STR-JKT-013,Gilang Permana,HUB-JAKSEL-TEBET,-6.225588,106.855324,"Jl. Raya Pajajaran No. 9, RT 06/RW 04",Jakarta Selatan,-6.25757,106.881038,-6.243768,106.866451,2026-09-20,00:49:00,01:29:00,2.5,36x12x17,Standard,N/A,Berawan,Sedang,Van,In_Transit,2026-09-21 01:29:00,1440,659,SAFE,Kecantikan
100024000880,Next Day,STR-JKT-003,Rizky Pratama,HUB-JAKUT-SUNTER,-6.138472,106.865419,"Jl. Gatot Subroto Kav. 22, RT 06/RW 05",Jakarta Utara,-6.115516,106.827512,-6.121879,106.83695,2026-09-19,15:55:00,16:37:00,8.1,35x12x21,Standard,N/A,Cerah,Lancar,Motorcycle,Delivered,2026-09-20 16:37:00,1440,127,SAFE,Pakaian
100024000881,Same Day,STR-JKT-003,Rizky Pratama,HUB-JAKBAR-KEBONJERUK,-6.189512,106.769941,"Jl. Gatot Subroto Kav. 22, RT 07/RW 04",Jakarta Barat,-6.18024,106.828505,-6.18633,106.789856,2026-09-20,22:03:00,22:28:00,0.9,15x14x10,Same_Day_Priority,N/A,Cerah,Lancar,Motorcycle,In_Transit,2026-09-21 06:28:00,480,958,SAFE,Snack & Makanan Kering
100024000882,Regular,STR-TGR-001,Rian Kusuma,HUB-JAKSEL-TEBET,-6.225588,106.855324,"Jl. TB Simatupang No. 30, RT 05/RW 02",Jakarta Selatan,-6.285631,106.906687,-6.257631,106.881836,2026-09-20,09:44:00,10:35:00,7.1,33x30x24,Standard,N/A,Cerah,Sedang,Motorcycle,Delivered,2026-09-21 10:35:00,1440,1205,SAFE,Kecantikan
100024000883,Next Day,STR-JKT-013,Gilang Permana,HUB-JAKBAR-KEBONJERUK,-6.189512,106.769941,"Jl. Senopati No. 18, RT 03/RW 08",Jakarta Barat,-6.236416,106.768618,-6.214955,106.769906,2026-09-20,13:11:00,14:07:00,7.1,31x27x29,Standard,N/A,Berawan,Sedang,Van,In_Transit,2026-09-21 14:07:00,1440,1417,SAFE,Buku
100024000884,Same Day,STR-BKS-001,Aditya Putra,HUB-JAKPUS-TANAHABANG,-6.187841,106.814327,"Jl. H.R. Rasuna Said No. 8, RT 02/RW 07",Jakarta Pusat,-6.126142,106.840218,-6.138521,106.833377,2026-09-20,13:13:00,13:30:00,4.6,20x17x13,Same_Day_Priority,N/A,Cerah,Sedang,Motorcycle,In_Transit,2026-09-20 21:30:00,480,420,SAFE,Kosmetik
100024000885,Instant,STR-TGR-001,Rian Kusuma,HUB-TGR-BSD,-6.302143,106.652194,"Jl. Raya Darmo No. 55, RT 08/RW 05",Tangerang Selatan,-6.25424,106.690637,-6.279382,106.674006,2026-09-20,13:13:00,13:47:00,2.4,19x19x18,Instant_Direct,N/A,Cerah,Lancar,Motorcycle,In_Transit,2026-09-20 16:47:00,180,137,SAFE,Kebutuhan Pokok Cepat
100024000886,Instant,STR-JKT-005,Eko Prasetyo,HUB-JAKUT-SUNTER,-6.138472,106.865419,"Jl. M.H. Thamrin No. 12, RT 05/RW 06",Jakarta Utara,-6.084598,106.807883,-6.100296,106.823001,2026-09-20,11:27:00,12:11:00,2.5,11x22x13,Instant_Direct,N/A,Berawan,Padat,Motorcycle,In_Transit,2026-09-20 14:11:00,120,-19,BREACHED,Kebutuhan Pokok Cepat
100024000887,Regular,STR-BKS-001,Aditya Putra,HUB-SBY-GUBENG,-7.265412,112.752189,"Jl. Boulevard Barat Kelapa Gading, RT 08/RW 01",Surabaya,-7.244402,112.701418,-7.253689,112.718075,2026-09-19,14:21:00,14:56:00,6.4,21x23x19,Standard,N/A,Cerah,Sedang,Motorcycle,In_Transit,2026-09-20 14:56:00,1440,26,MEDIUM_RISK,Elektronik
100024000888,PHARMA,STR-JKT-008,Bayu Nugroho,HUB-SBY-GUBENG,-7.265412,112.752189,"Jl. Pemuda No. 71, RT 07/RW 07",Surabaya,-7.216421,112.799858,-7.231211,112.783906,2026-09-20,02:04:00,02:55:00,6.41,24x14x11,BPOM_Pharma,20.5,Berawan,Padat,Motorcycle,Assigned,2026-09-20 14:55:00,720,25,MEDIUM_RISK,Vaksin & Biologis
100024000889,Instant,STR-TGR-001,Rian Kusuma,HUB-SBY-GUBENG,-7.265412,112.752189,"Jl. Kebon Jeruk Raya No. 88, RT 05/RW 07",Surabaya,-7.301468,112.780985,-7.293814,112.773503,2026-09-21,06:08:00,07:01:00,1.0,17x11x15,Instant_Direct,N/A,Berawan,Padat,Motorcycle,Assigned,2026-09-21 09:01:00,120,1111,SAFE,Kebutuhan Pokok Cepat
100024000890,Dokumen,STR-JKT-014,Ilham Saputra,HUB-JAKPUS-TANAHABANG,-6.187841,106.814327,"Jl. Panjang No. 14, RT 02/RW 04",Jakarta Pusat,-6.119475,106.837988,-6.150447,106.826841,2026-09-18,13:46:00,14:45:00,0.28,35x25x2,Secure_Document_Pouch,N/A,Hujan Deras,Sedang,Motorcycle,In_Transit,2026-09-20 14:45:00,2880,15,MEDIUM_RISK,Dokumen Penting
100024000891,Mini Cargo,STR-JKT-002,Agus Prayitno,HUB-JAKSEL-TEBET,-6.225588,106.855324,"Jl. Margonda Raya No. 150, RT 06/RW 06",Jakarta Selatan,-6.228538,106.827514,-6.228703,106.833296,2026-09-19,10:25:00,11:04:00,12.7,31x34x28,Bulky_UMKM,N/A,Cerah,Sedang,Motorcycle,Delivered,2026-09-21 11:04:00,2880,1234,SAFE,Sparepart Motor
100024000892,Regular,STR-JKT-014,Ilham Saputra,HUB-SBY-GUBENG,-7.265412,112.752189,"Jl. H.R. Rasuna Said No. 8, RT 03/RW 02",Surabaya,-7.30413,112.689834,-7.269578,112.743888,2026-09-17,14:23:00,14:59:00,8.1,34x22x16,Standard,N/A,Cerah,Lancar,Motorcycle,In_Transit,2026-09-20 14:59:00,4320,29,MEDIUM_RISK,Perlengkapan Rumah
100024000893,Mini Cargo,STR-TGR-001,Rian Kusuma,HUB-JAKSEL-TEBET,-6.225588,106.855324,"Jl. Gatot Subroto Kav. 22, RT 05/RW 06",Jakarta Selatan,-6.217835,106.845558,-6.217514,106.849005,2026-09-19,21:04:00,21:32:00,11.9,32x32x49,Bulky_UMKM,N/A,Cerah,Lancar,Motorcycle,In_Transit,2026-09-20 21:32:00,1440,422,SAFE,Bahan Makanan Kering UMKM
100024000894,Regular,STR-JKT-009,Aris Munandar,HUB-BKS-HARAPANINDAH,-6.180215,106.984211,"Jl. Juanda No. 34, RT 05/RW 03",Bekasi,-6.228155,107.008116,-6.189813,106.988237,2026-09-17,21:11:00,22:10:00,10.1,37x28x23,Standard,N/A,Berawan,Lancar,Van,In_Transit,2026-09-20 22:10:00,4320,460,SAFE,Olahraga
100024000895,Instant,STR-JKT-002,Agus Prayitno,HUB-BDG-BATUNUNGGAL,-6.953812,107.627419,"Jl. TB Simatupang No. 30, RT 05/RW 07",Bandung,-6.907445,107.561993,-6.918237,107.582264,2026-09-20,13:16:00,13:47:00,3.3,25x24x14,Instant_Direct,N/A,Cerah,Padat,Motorcycle,In_Transit,2026-09-20 16:47:00,180,137,SAFE,Makanan Siap Saji
100024000896,Regular,STR-JKT-013,Gilang Permana,HUB-JAKPUS-TANAHABANG,-6.187841,106.814327,"Jl. M.H. Thamrin No. 12, RT 03/RW 03",Jakarta Pusat,-6.140035,106.752509,-6.171264,106.79718,2026-09-20,11:30:00,11:53:00,3.0,39x20x15,Standard,N/A,Gerimis,Lancar,Van,In_Transit,2026-09-21 11:53:00,1440,1283,SAFE,Elektronik
100024000897,Regular,STR-JKT-003,Rizky Pratama,HUB-JAKPUS-TANAHABANG,-6.187841,106.814327,"Jl. Kemang Raya No. 5, RT 01/RW 04",Jakarta Pusat,-6.256536,106.746601,-6.213581,106.786161,2026-09-19,13:14:00,13:57:00,11.1,18x23x24,Standard,N/A,Berawan,Padat,Motorcycle,Incident_Reported,2026-09-20 13:57:00,1440,-33,BREACHED,Perlengkapan Rumah
100024000898,Regular,STR-JKT-009,Aris Munandar,HUB-DPK-MARGONDA,-6.372841,106.832714,"Jl. Senopati No. 18, RT 05/RW 06",Depok,-6.357487,106.811346,-6.363296,106.818826,2026-09-19,14:31:00,14:47:00,11.1,32x18x25,Standard,N/A,Gerimis,Lancar,Van,In_Transit,2026-09-20 14:47:00,1440,17,MEDIUM_RISK,Elektronik
100024000899,Dokumen,STR-JKT-001,Budi Santoso,HUB-JAKTIM-RAWAMANGUN,-6.194218,106.883905,"Jl. Sudirman No. 45, RT 02/RW 08",Jakarta Timur,-6.257685,106.889531,-6.221426,106.888352,2026-09-18,20:21:00,20:39:00,1.33,35x25x2,Secure_Document_Pouch,N/A,Berawan,Lancar,Motorcycle,In_Transit,2026-09-20 20:39:00,2880,369,SAFE,Dokumen Penting
100024000900,Mini Cargo,STR-JKT-006,Fajar Ramadhan,HUB-BKS-HARAPANINDAH,-6.180215,106.984211,"Jl. H.R. Rasuna Said No. 8, RT 08/RW 08",Bekasi,-6.121934,106.950463,-6.13567,106.959944,2026-09-18,23:34:00,23:58:00,35.5,31x37x31,Bulky_UMKM,N/A,Cerah,Sedang,Van,Assigned,2026-09-20 23:58:00,2880,568,SAFE,Tekstil & Garmen
100024000901,Next Day,STR-JKT-005,Eko Prasetyo,HUB-JAKTIM-RAWAMANGUN,-6.194218,106.883905,"Jl. Raya Darmo No. 55, RT 06/RW 07",Jakarta Timur,-6.216691,106.936014,-6.200664,106.894652,2026-09-20,08:35:00,09:18:00,9.5,30x17x30,Standard,N/A,Cerah,Lancar,Motorcycle,In_Transit,2026-09-21 09:18:00,1440,1128,SAFE,Sepatu
100024000902,Frozen,STR-JKT-013,Gilang Permana,HUB-JAKTIM-RAWAMANGUN,-6.194218,106.883905,"Jl. Asia Afrika No. 80, RT 01/RW 04",Jakarta Timur,-6.250256,106.82574,-6.243324,106.835054,2026-09-21,01:40:00,01:57:00,1.1,22x29x16,Cold_Chain_-2_to_5C,0.0,Cerah,Padat,Van,Assigned,2026-09-21 09:57:00,480,1167,SAFE,Minuman Dingin
100024000903,PHARMA,STR-JKT-009,Aris Munandar,HUB-SBY-GUBENG,-7.265412,112.752189,"Jl. Senopati No. 18, RT 06/RW 02",Surabaya,-7.314265,112.696689,-7.305263,112.707283,2026-09-20,14:20:00,14:58:00,6.44,22x13x18,BPOM_Pharma,16.6,Cerah,Padat,Van,Assigned,2026-09-20 20:58:00,360,388,SAFE,Reagen Lab
100024000904,Regular,STR-JKT-008,Bayu Nugroho,HUB-JAKBAR-KEBONJERUK,-6.189512,106.769941,"Jl. BSD Raya Utama Blok A2, RT 04/RW 04",Jakarta Barat,-6.206917,106.752705,-6.194162,106.764035,2026-09-18,14:21:00,15:08:00,14.6,24x19x24,Standard,N/A,Berawan,Padat,Motorcycle,Assigned,2026-09-20 15:08:00,2880,38,SAFE,Pakaian
100024000905,Next Day,STR-JKT-008,Bayu Nugroho,HUB-SBY-GUBENG,-7.265412,112.752189,"Jl. Boulevard Barat Kelapa Gading, RT 07/RW 09",Surabaya,-7.254197,112.728472,-7.264478,112.74213,2026-09-19,16:32:00,17:31:00,8.0,29x25x18,Standard,N/A,Berawan,Padat,Motorcycle,Delivered,2026-09-20 17:31:00,1440,181,SAFE,Mainan Anak
100024000906,Same Day,STR-JKT-003,Rizky Pratama,HUB-JAKPUS-TANAHABANG,-6.187841,106.814327,"Jl. Juanda No. 34, RT 08/RW 08",Jakarta Pusat,-6.235447,106.867198,-6.220193,106.848293,2026-09-20,12:30:00,12:54:00,0.6,17x22x21,Same_Day_Priority,N/A,Cerah,Lancar,Motorcycle,Assigned,2026-09-20 20:54:00,480,384,SAFE,Pakaian
100024000907,Regular,STR-TGR-001,Rian Kusuma,HUB-TGR-BSD,-6.302143,106.652194,"Jl. Margonda Raya No. 150, RT 04/RW 01",Tangerang Selatan,-6.291964,106.712037,-6.300826,106.66492,2026-09-19,14:01:00,14:55:00,3.7,22x24x14,Standard,N/A,Cerah,Sedang,Motorcycle,In_Transit,2026-09-20 14:55:00,1440,25,MEDIUM_RISK,Kecantikan
100024000908,Dokumen,STR-JKT-001,Budi Santoso,HUB-JAKTIM-RAWAMANGUN,-6.194218,106.883905,"Jl. Ir. H. Djuanda No. 120, RT 06/RW 02",Jakarta Timur,-6.258234,106.866683,-6.220287,106.877367,2026-09-18,13:57:00,14:48:00,0.16,35x25x2,Secure_Document_Pouch,N/A,Cerah,Sedang,Motorcycle,In_Transit,2026-09-20 14:48:00,2880,18,MEDIUM_RISK,Dokumen Penting
100024000909,Mini Cargo,STR-JKT-014,Ilham Saputra,HUB-JAKTIM-RAWAMANGUN,-6.194218,106.883905,"Jl. Senopati No. 18, RT 02/RW 06",Jakarta Timur,-6.255225,106.903836,-6.213007,106.89206,2026-09-19,07:52:00,08:32:00,22.5,57x38x37,Bulky_UMKM,N/A,Berawan,Padat,Motorcycle,In_Transit,2026-09-21 08:32:00,2880,1082,SAFE,Sparepart Motor
100024000910,Regular,STR-DPK-001,Indra Gunawan,HUB-SBY-GUBENG,-7.265412,112.752189,"Jl. Pemuda No. 71, RT 03/RW 01",Surabaya,-7.320049,112.727929,-7.297532,112.737959,2026-09-17,13:34:00,14:09:00,6.8,31x25x17,Standard,N/A,Berawan,Macet Total,Motorcycle,Incident_Reported,2026-09-20 14:09:00,4320,-21,BREACHED,Perlengkapan Rumah
100024000911,Frozen,STR-JKT-011,Doni Kurniawan,HUB-BKS-HARAPANINDAH,-6.180215,106.984211,"Jl. Margonda Raya No. 150, RT 03/RW 04",Bekasi,-6.210767,107.036041,-6.199164,107.01687,2026-09-20,12:15:00,13:14:00,9.8,25x17x21,Cold_Chain_-2_to_5C,-1.7,Cerah,Lancar,Motorcycle,In_Transit,2026-09-20 21:14:00,480,404,SAFE,Daging & Seafood
100024000912,Same Day,STR-JKT-012,Wahyu Hidayat,HUB-SBY-GUBENG,-7.265412,112.752189,"Jl. Asia Afrika No. 80, RT 02/RW 02",Surabaya,-7.300001,112.712563,-7.29546,112.719181,2026-09-21,03:08:00,04:04:00,4.3,34x29x18,Same_Day_Priority,N/A,Cerah,Padat,Motorcycle,In_Transit,2026-09-21 12:04:00,480,1294,SAFE,Pakaian
100024000913,Dokumen,STR-JKT-005,Eko Prasetyo,HUB-JAKBAR-KEBONJERUK,-6.189512,106.769941,"Jl. Senopati No. 18, RT 01/RW 01",Jakarta Barat,-6.156562,106.702727,-6.179918,106.748998,2026-09-18,13:30:00,13:57:00,0.86,35x25x2,Secure_Document_Pouch,N/A,Hujan Deras,Padat,Motorcycle,Incident_Reported,2026-09-20 13:57:00,2880,-33,BREACHED,Dokumen Penting
100024000914,Regular,STR-JKT-002,Agus Prayitno,HUB-JAKSEL-TEBET,-6.225588,106.855324,"Jl. Sudirman No. 45, RT 06/RW 09",Jakarta Selatan,-6.249859,106.810448,-6.233202,106.839329,2026-09-19,04:38:00,05:20:00,1.2,27x27x23,Standard,N/A,Berawan,Sedang,Motorcycle,Delivered,2026-09-21 05:20:00,2880,890,SAFE,Elektronik
100024000915,Mini Cargo,STR-JKT-013,Gilang Permana,HUB-JAKTIM-RAWAMANGUN,-6.194218,106.883905,"Jl. BSD Raya Utama Blok A2, RT 04/RW 04",Jakarta Timur,-6.146081,106.952917,-6.177796,106.904904,2026-09-20,04:19:00,04:59:00,25.8,58x45x50,Bulky_UMKM,N/A,Gerimis,Lancar,Van,In_Transit,2026-09-21 04:59:00,1440,869,SAFE,Sparepart Motor
100024000916,Regular,STR-JKT-009,Aris Munandar,HUB-BDG-BATUNUNGGAL,-6.953812,107.627419,"Jl. Asia Afrika No. 80, RT 03/RW 04",Bandung,-6.981154,107.666195,-6.960483,107.631188,2026-09-18,11:06:00,11:51:00,5.4,20x24x29,Standard,N/A,Cerah,Sedang,Van,In_Transit,2026-09-21 11:51:00,4320,1281,SAFE,Pakaian
100024000917,PHARMA,STR-JKT-008,Bayu Nugroho,HUB-JAKSEL-TEBET,-6.225588,106.855324,"Jl. Boulevard Barat Kelapa Gading, RT 03/RW 01",Jakarta Selatan,-6.23874,106.910715,-6.23453,106.880009,2026-09-20,21:05:00,21:27:00,2.33,17x19x12,BPOM_Pharma,20.5,Cerah,Padat,Motorcycle,In_Transit,2026-09-21 09:27:00,720,1137,SAFE,Reagen Lab
100024000918,Next Day,STR-JKT-005,Eko Prasetyo,HUB-JAKBAR-KEBONJERUK,-6.189512,106.769941,"Jl. Pemuda No. 71, RT 06/RW 08",Jakarta Barat,-6.210184,106.78302,-6.2008,106.775691,2026-09-19,14:06:00,14:45:00,7.2,27x21x22,Standard,N/A,Hujan Deras,Padat,Motorcycle,In_Transit,2026-09-20 14:45:00,1440,15,MEDIUM_RISK,Mainan Anak
100024000919,Instant,STR-DPK-001,Indra Gunawan,HUB-TGR-BSD,-6.302143,106.652194,"Jl. Raya Darmo No. 55, RT 03/RW 06",Tangerang Selatan,-6.291679,106.595382,-6.299978,106.631501,2026-09-21,08:06:00,08:38:00,0.2,24x19x9,Instant_Direct,N/A,Cerah,Lancar,Motorcycle,In_Transit,2026-09-21 11:38:00,180,1268,SAFE,Makanan Siap Saji
100024000920,Regular,STR-JKT-012,Wahyu Hidayat,HUB-SBY-GUBENG,-7.265412,112.752189,"Jl. Basuki Rahmat No. 40, RT 07/RW 08",Surabaya,-7.277731,112.764826,-7.27848,112.762531,2026-09-17,12:51:00,13:45:00,10.4,30x18x27,Standard,N/A,Hujan Deras,Padat,Motorcycle,Incident_Reported,2026-09-20 13:45:00,4320,-45,BREACHED,Perlengkapan Rumah
100024000921,Same Day,STR-JKT-005,Eko Prasetyo,HUB-JAKUT-SUNTER,-6.138472,106.865419,"Jl. H.R. Rasuna Said No. 8, RT 07/RW 08",Jakarta Utara,-6.197934,106.866687,-6.178992,106.868404,2026-09-20,06:26:00,06:59:00,3.1,33x27x13,Same_Day_Priority,N/A,Cerah,Sedang,Motorcycle,In_Transit,2026-09-20 14:59:00,480,29,MEDIUM_RISK,Gadget & Aksesoris
100024000922,Next Day,STR-JKT-006,Fajar Ramadhan,HUB-JAKUT-SUNTER,-6.138472,106.865419,"Jl. BSD Raya Utama Blok A2, RT 01/RW 06",Jakarta Utara,-6.16787,106.796802,-6.154353,106.826159,2026-09-19,18:34:00,19:07:00,4.3,29x11x22,Standard,N/A,Berawan,Macet Total,Van,In_Transit,2026-09-20 19:07:00,1440,277,SAFE,Buku
100024000923,PHARMA,STR-JKT-002,Agus Prayitno,HUB-JAKSEL-TEBET,-6.225588,106.855324,"Jl. Kebon Jeruk Raya No. 88, RT 01/RW 09",Jakarta Selatan,-6.178007,106.810404,-6.202128,106.831895,2026-09-20,09:53:00,10:38:00,3.01,24x20x18,BPOM_Pharma,20.6,Berawan,Padat,Motorcycle,In_Transit,2026-09-21 10:38:00,1440,1208,SAFE,Obat Resep
100024000924,Mini Cargo,STR-TGR-001,Rian Kusuma,HUB-JAKBAR-KEBONJERUK,-6.189512,106.769941,"Jl. Juanda No. 34, RT 06/RW 01",Jakarta Barat,-6.182045,106.75818,-6.186781,106.763604,2026-09-19,13:42:00,13:58:00,30.0,42x28x38,Bulky_UMKM,N/A,Cerah,Padat,Motorcycle,Incident_Reported,2026-09-20 13:58:00,1440,-32,BREACHED,Bahan Makanan Kering UMKM
100024000925,Frozen,STR-TGR-001,Rian Kusuma,HUB-BKS-HARAPANINDAH,-6.180215,106.984211,"Jl. Ir. H. Djuanda No. 120, RT 05/RW 07",Bekasi,-6.209225,106.992325,-6.201998,106.989416,2026-09-20,07:55:00,08:51:00,11.0,40x18x30,Cold_Chain_-2_to_5C,0.8,Cerah,Sedang,Motorcycle,Assigned,2026-09-20 16:51:00,480,141,SAFE,Daging & Seafood
100024000926,Regular,STR-JKT-013,Gilang Permana,HUB-JAKPUS-TANAHABANG,-6.187841,106.814327,"Jl. Pemuda No. 71, RT 05/RW 03",Jakarta Pusat,-6.197959,106.868725,-6.191843,106.829679,2026-09-18,16:16:00,16:33:00,14.3,32x22x21,Standard,N/A,Cerah,Lancar,Van,In_Transit,2026-09-20 16:33:00,2880,123,SAFE,Elektronik
100024000927,Cargo,STR-JKT-009,Aris Munandar,HUB-JAKTIM-RAWAMANGUN,-6.194218,106.883905,"Jl. Ahmad Yani No. 102, RT 07/RW 03",Jakarta Timur,-6.247862,106.941328,-6.225602,106.916956,2026-09-18,14:34:00,14:50:00,96.7,90x81x134,Heavy_Cargo,N/A,Cerah,Lancar,Van,In_Transit,2026-09-20 14:50:00,2880,20,MEDIUM_RISK,Otomotif & Mesin
100024000928,Same Day,STR-JKT-014,Ilham Saputra,HUB-BKS-HARAPANINDAH,-6.180215,106.984211,"Jl. Margonda Raya No. 150, RT 06/RW 03",Bekasi,-6.207715,106.954611,-6.200226,106.961833,2026-09-20,06:07:00,06:35:00,5.9,19x19x20,Same_Day_Priority,N/A,Gerimis,Padat,Motorcycle,In_Transit,2026-09-20 14:35:00,480,5,HIGH_RISK,Snack & Makanan Kering
100024000929,Dokumen,STR-JKT-014,Ilham Saputra,HUB-SBY-GUBENG,-7.265412,112.752189,"Jl. Gatot Subroto Kav. 22, RT 08/RW 04",Surabaya,-7.327522,112.785932,-7.290925,112.769245,2026-09-19,12:23:00,12:55:00,0.32,35x25x2,Secure_Document_Pouch,N/A,Cerah,Macet Total,Motorcycle,In_Transit,2026-09-21 12:55:00,2880,1345,SAFE,Dokumen Penting
100024000930,Next Day,STR-JKT-004,Hendra Wijaya,HUB-JAKPUS-TANAHABANG,-6.187841,106.814327,"Jl. Senopati No. 18, RT 05/RW 03",Jakarta Pusat,-6.171393,106.822123,-6.178245,106.818332,2026-09-20,02:00:00,02:54:00,4.4,31x20x25,Standard,N/A,Cerah,Padat,Van,In_Transit,2026-09-21 02:54:00,1440,744,SAFE,Elektronik Kecil
100024000931,Regular,STR-JKT-008,Bayu Nugroho,HUB-TGR-BSD,-6.302143,106.652194,"Jl. Panjang No. 14, RT 08/RW 08",Tangerang Selatan,-6.24387,106.656267,-6.268249,106.655216,2026-09-18,06:37:00,07:10:00,5.5,19x19x24,Standard,N/A,Cerah,Lancar,Motorcycle,In_Transit,2026-09-21 07:10:00,4320,1000,SAFE,Olahraga
100024000932,Cargo,STR-JKT-009,Aris Munandar,HUB-DPK-MARGONDA,-6.372841,106.832714,"Jl. Panjang No. 14, RT 05/RW 04",Depok,-6.426169,106.843995,-6.404178,106.839709,2026-09-19,13:00:00,13:59:00,91.9,83x53x103,Heavy_Cargo,N/A,Gerimis,Padat,Van,In_Transit,2026-09-20 13:59:00,1440,-31,BREACHED,Elektronik Besar
100024000933,Mini Cargo,STR-JKT-008,Bayu Nugroho,HUB-BDG-BATUNUNGGAL,-6.953812,107.627419,"Jl. Ir. H. Djuanda No. 120, RT 03/RW 09",Bandung,-6.89523,107.694675,-6.930285,107.657463,2026-09-18,13:46:00,14:44:00,4.8,56x42x33,Bulky_UMKM,N/A,Berawan,Padat,Motorcycle,In_Transit,2026-09-20 14:44:00,2880,14,HIGH_RISK,Tekstil & Garmen
100024000934,Regular,STR-TGR-002,Surya Darma,HUB-DPK-MARGONDA,-6.372841,106.832714,"Jl. Kebon Jeruk Raya No. 88, RT 08/RW 09",Depok,-6.34603,106.819917,-6.354933,106.822309,2026-09-18,13:57:00,14:17:00,10.4,21x19x18,Standard,N/A,Hujan Deras,Sedang,Van,Incident_Reported,2026-09-20 14:17:00,2880,-13,BREACHED,Kecantikan
100024000935,Next Day,STR-TGR-002,Surya Darma,HUB-BKS-HARAPANINDAH,-6.180215,106.984211,"Jl. Kebon Jeruk Raya No. 88, RT 04/RW 07",Bekasi,-6.119523,106.99716,-6.151631,106.992678,2026-09-19,13:50:00,14:41:00,3.0,25x11x29,Standard,N/A,Hujan Deras,Macet Total,Van,In_Transit,2026-09-20 14:41:00,1440,11,HIGH_RISK,Mainan Anak
100024000936,Regular,STR-JKT-012,Wahyu Hidayat,HUB-JAKSEL-TEBET,-6.225588,106.855324,"Jl. Ir. H. Djuanda No. 120, RT 04/RW 06",Jakarta Selatan,-6.279885,106.859841,-6.254915,106.858218,2026-09-18,14:00:00,14:47:00,13.6,20x30x19,Standard,N/A,Cerah,Lancar,Motorcycle,In_Transit,2026-09-20 14:47:00,2880,17,MEDIUM_RISK,Kecantikan
100024000937,Same Day,STR-BKS-001,Aditya Putra,HUB-SBY-GUBENG,-7.265412,112.752189,"Jl. Raya Pajajaran No. 9, RT 06/RW 06",Surabaya,-7.234024,112.763786,-7.250713,112.759746,2026-09-20,10:34:00,11:23:00,0.8,19x12x24,Same_Day_Priority,N/A,Gerimis,Sedang,Motorcycle,In_Transit,2026-09-20 19:23:00,480,293,SAFE,Gadget & Aksesoris
100024000938,PHARMA,STR-JKT-008,Bayu Nugroho,HUB-JAKBAR-KEBONJERUK,-6.189512,106.769941,"Jl. Juanda No. 34, RT 02/RW 08",Jakarta Barat,-6.144712,106.741835,-6.165008,106.757536,2026-09-20,07:18:00,08:06:00,7.89,18x14x13,BPOM_Pharma,19.5,Hujan Deras,Padat,Motorcycle,Incident_Reported,2026-09-20 14:06:00,360,-24,BREACHED,Reagen Lab
100024000939,Frozen,STR-JKT-011,Doni Kurniawan,HUB-JAKBAR-KEBONJERUK,-6.189512,106.769941,"Jl. Margonda Raya No. 150, RT 09/RW 02",Jakarta Barat,-6.247892,106.801598,-6.22609,106.788849,2026-09-21,02:32:00,02:48:00,10.1,22x23x25,Cold_Chain_-2_to_5C,-1.7,Cerah,Macet Total,Motorcycle,Assigned,2026-09-21 10:48:00,480,1218,SAFE,Makanan Hewan
100024000940,Instant,STR-JKT-011,Doni Kurniawan,HUB-SBY-GUBENG,-7.265412,112.752189,"Jl. Ahmad Yani No. 102, RT 03/RW 09",Surabaya,-7.247173,112.705558,-7.261523,112.739037,2026-09-21,02:04:00,02:31:00,0.6,20x10x19,Instant_Direct,N/A,Berawan,Lancar,Motorcycle,In_Transit,2026-09-21 05:31:00,180,901,SAFE,Makanan Siap Saji
100024000941,Same Day,STR-JKT-005,Eko Prasetyo,HUB-JAKBAR-KEBONJERUK,-6.189512,106.769941,"Jl. Ir. H. Djuanda No. 120, RT 03/RW 08",Jakarta Barat,-6.242452,106.733699,-6.222051,106.752428,2026-09-21,04:19:00,05:08:00,5.2,16x28x11,Same_Day_Priority,N/A,Gerimis,Lancar,Motorcycle,Assigned,2026-09-21 13:08:00,480,1358,SAFE,Snack & Makanan Kering
100024000942,Mini Cargo,STR-TGR-001,Rian Kusuma,HUB-JAKBAR-KEBONJERUK,-6.189512,106.769941,"Jl. Kemang Raya No. 5, RT 07/RW 02",Jakarta Barat,-6.253532,106.745825,-6.239725,106.752767,2026-09-19,08:21:00,09:12:00,9.2,44x27x26,Bulky_UMKM,N/A,Cerah,Lancar,Motorcycle,In_Transit,2026-09-21 09:12:00,2880,1122,SAFE,Bahan Makanan Kering UMKM
100024000943,Same Day,STR-DPK-001,Indra Gunawan,HUB-SBY-GUBENG,-7.265412,112.752189,"Jl. Margonda Raya No. 150, RT 02/RW 06",Surabaya,-7.326962,112.683185,-7.290098,112.727955,2026-09-20,16:11:00,17:02:00,2.7,27x22x17,Same_Day_Priority,N/A,Cerah,Lancar,Motorcycle,In_Transit,2026-09-21 01:02:00,480,632,SAFE,Gadget & Aksesoris
100024000944,Same Day,STR-TGR-001,Rian Kusuma,HUB-JAKBAR-KEBONJERUK,-6.189512,106.769941,"Jl. TB Simatupang No. 30, RT 09/RW 04",Jakarta Barat,-6.245335,106.740566,-6.212165,106.754712,2026-09-20,12:41:00,13:17:00,4.4,35x22x23,Same_Day_Priority,N/A,Cerah,Padat,Motorcycle,Delivered,2026-09-20 21:17:00,480,407,SAFE,Pakaian
100024000945,Same Day,STR-JKT-005,Eko Prasetyo,HUB-BDG-BATUNUNGGAL,-6.953812,107.627419,"Jl. Gatot Subroto Kav. 22, RT 01/RW 02",Bandung,-7.012303,107.670432,-6.971183,107.642689,2026-09-20,22:33:00,22:50:00,2.7,35x19x23,Same_Day_Priority,N/A,Hujan Deras,Lancar,Motorcycle,Delivered,2026-09-21 06:50:00,480,980,SAFE,Snack & Makanan Kering
100024000946,Frozen,STR-TGR-002,Surya Darma,HUB-JAKSEL-TEBET,-6.225588,106.855324,"Jl. Panjang No. 14, RT 03/RW 08",Jakarta Selatan,-6.269141,106.863754,-6.232216,106.85488,2026-09-20,20:37:00,21:29:00,1.7,40x23x23,Cold_Chain_-2_to_5C,-1.1,Cerah,Padat,Van,In_Transit,2026-09-21 05:29:00,480,899,SAFE,Minuman Dingin
100024000947,Same Day,STR-JKT-008,Bayu Nugroho,HUB-JAKPUS-TANAHABANG,-6.187841,106.814327,"Jl. Panjang No. 14, RT 01/RW 03",Jakarta Pusat,-6.128122,106.824875,-6.157571,106.820128,2026-09-20,06:04:00,06:53:00,6.2,26x13x17,Same_Day_Priority,N/A,Gerimis,Sedang,Motorcycle,In_Transit,2026-09-20 14:53:00,480,23,MEDIUM_RISK,Snack & Makanan Kering
100024000948,Next Day,STR-JKT-002,Agus Prayitno,HUB-DPK-MARGONDA,-6.372841,106.832714,"Jl. Ir. H. Djuanda No. 120, RT 09/RW 02",Depok,-6.425581,106.799937,-6.387157,106.822837,2026-09-20,03:51:00,04:10:00,2.4,21x28x26,Standard,N/A,Berawan,Padat,Motorcycle,In_Transit,2026-09-21 04:10:00,1440,820,SAFE,Mainan Anak
100024000949,Regular,STR-JKT-001,Budi Santoso,HUB-DPK-MARGONDA,-6.372841,106.832714,"Jl. BSD Raya Utama Blok A2, RT 05/RW 08",Depok,-6.380795,106.867352,-6.381055,106.859634,2026-09-17,22:58:00,23:39:00,9.5,18x21x16,Standard,N/A,Cerah,Sedang,Motorcycle,Delivered,2026-09-20 23:39:00,4320,549,SAFE,Olahraga
100024000950,Regular,STR-BKS-001,Aditya Putra,HUB-JAKTIM-RAWAMANGUN,-6.194218,106.883905,"Jl. Gatot Subroto Kav. 22, RT 03/RW 04",Jakarta Timur,-6.208792,106.86272,-6.201619,106.871592,2026-09-20,11:38:00,11:56:00,7.1,15x18x18,Standard,N/A,Cerah,Sedang,Motorcycle,Assigned,2026-09-21 11:56:00,1440,1286,SAFE,Pakaian
100024000951,Next Day,STR-JKT-005,Eko Prasetyo,HUB-SBY-GUBENG,-7.265412,112.752189,"Jl. Kebon Jeruk Raya No. 88, RT 09/RW 02",Surabaya,-7.217971,112.720285,-7.241575,112.734012,2026-09-19,13:23:00,14:15:00,1.9,23x27x24,Standard,N/A,Hujan Deras,Padat,Motorcycle,Incident_Reported,2026-09-20 14:15:00,1440,-15,BREACHED,Pakaian
100024000952,Next Day,STR-JKT-001,Budi Santoso,HUB-JAKTIM-RAWAMANGUN,-6.194218,106.883905,"Jl. Senopati No. 18, RT 06/RW 02",Jakarta Timur,-6.160001,106.95152,-6.167908,106.933242,2026-09-20,00:35:00,01:16:00,3.0,37x30x16,Standard,N/A,Berawan,Lancar,Motorcycle,In_Transit,2026-09-21 01:16:00,1440,646,SAFE,Sepatu
100024000953,Next Day,STR-JKT-006,Fajar Ramadhan,HUB-SBY-GUBENG,-7.265412,112.752189,"Jl. Kemang Raya No. 5, RT 01/RW 08",Surabaya,-7.328186,112.709128,-7.292049,112.735323,2026-09-19,13:43:00,14:19:00,1.0,19x11x11,Standard,N/A,Gerimis,Padat,Van,Incident_Reported,2026-09-20 14:19:00,1440,-11,BREACHED,Mainan Anak
100024000954,Regular,STR-DPK-001,Indra Gunawan,HUB-BKS-HARAPANINDAH,-6.180215,106.984211,"Jl. Sudirman No. 45, RT 01/RW 06",Bekasi,-6.149213,106.924022,-6.168288,106.960261,2026-09-19,11:15:00,11:43:00,3.9,25x28x10,Standard,N/A,Cerah,Lancar,Motorcycle,In_Transit,2026-09-21 11:43:00,2880,1273,SAFE,Pakaian
100024000955,Regular,STR-JKT-006,Fajar Ramadhan,HUB-JAKSEL-TEBET,-6.225588,106.855324,"Jl. Raya Darmo No. 55, RT 01/RW 09",Jakarta Selatan,-6.203979,106.809357,-6.222707,106.847298,2026-09-17,16:58:00,17:39:00,2.1,40x18x20,Standard,N/A,Berawan,Sedang,Van,Assigned,2026-09-20 17:39:00,4320,189,SAFE,Perlengkapan Rumah
100024000956,Frozen,STR-JKT-004,Hendra Wijaya,HUB-JAKBAR-KEBONJERUK,-6.189512,106.769941,"Jl. Juanda No. 34, RT 05/RW 05",Jakarta Barat,-6.179785,106.776543,-6.183883,106.777525,2026-09-20,05:50:00,06:46:00,9.2,29x19x20,Cold_Chain_-2_to_5C,-0.9,Hujan Deras,Lancar,Van,In_Transit,2026-09-20 14:46:00,480,16,MEDIUM_RISK,Buah & Sayuran Segar
100024000957,Regular,STR-JKT-006,Fajar Ramadhan,HUB-JAKTIM-RAWAMANGUN,-6.194218,106.883905,"Jl. Sudirman No. 45, RT 05/RW 05",Jakarta Timur,-6.234164,106.896185,-6.223479,106.893635,2026-09-18,05:23:00,06:18:00,5.8,15x16x15,Standard,N/A,Berawan,Sedang,Van,In_Transit,2026-09-21 06:18:00,4320,948,SAFE,Kecantikan
100024000958,Regular,STR-TGR-001,Rian Kusuma,HUB-JAKTIM-RAWAMANGUN,-6.194218,106.883905,"Jl. Sudirman No. 45, RT 03/RW 05",Jakarta Timur,-6.198373,106.824951,-6.194285,106.857168,2026-09-19,02:31:00,03:20:00,0.8,18x13x28,Standard,N/A,Berawan,Lancar,Motorcycle,In_Transit,2026-09-21 03:20:00,2880,770,SAFE,Pakaian
100024000959,Mini Cargo,STR-TGR-002,Surya Darma,HUB-JAKTIM-RAWAMANGUN,-6.194218,106.883905,"Jl. Basuki Rahmat No. 40, RT 09/RW 07",Jakarta Timur,-6.151459,106.889574,-6.174149,106.885074,2026-09-18,14:24:00,14:58:00,8.8,44x37x21,Bulky_UMKM,N/A,Berawan,Padat,Van,In_Transit,2026-09-20 14:58:00,2880,28,MEDIUM_RISK,Paket UMKM
100024000960,Regular,STR-JKT-002,Agus Prayitno,HUB-JAKPUS-TANAHABANG,-6.187841,106.814327,"Jl. M.H. Thamrin No. 12, RT 08/RW 05",Jakarta Pusat,-6.196476,106.836356,-6.192178,106.830345,2026-09-18,09:31:00,10:26:00,1.0,33x26x16,Standard,N/A,Cerah,Lancar,Motorcycle,In_Transit,2026-09-21 10:26:00,4320,1196,SAFE,Kecantikan
100024000961,Regular,STR-JKT-011,Doni Kurniawan,HUB-TGR-BSD,-6.302143,106.652194,"Jl. M.H. Thamrin No. 12, RT 09/RW 03",Tangerang Selatan,-6.234992,106.621198,-6.279803,106.641402,2026-09-19,14:14:00,14:41:00,6.6,19x10x15,Standard,N/A,Banjir,Padat,Motorcycle,In_Transit,2026-09-20 14:41:00,1440,11,HIGH_RISK,Pakaian
100024000962,Next Day,STR-TGR-001,Rian Kusuma,HUB-JAKTIM-RAWAMANGUN,-6.194218,106.883905,"Jl. Sudirman No. 45, RT 01/RW 01",Jakarta Timur,-6.142947,106.864204,-6.172453,106.877983,2026-09-19,14:03:00,14:18:00,4.8,33x13x29,Standard,N/A,Gerimis,Macet Total,Motorcycle,In_Transit,2026-09-20 14:18:00,1440,-12,BREACHED,Pakaian
100024000963,Next Day,STR-BKS-001,Aditya Putra,HUB-SBY-GUBENG,-7.265412,112.752189,"Jl. Gatot Subroto Kav. 22, RT 07/RW 03",Surabaya,-7.195514,112.699174,-7.247309,112.736955,2026-09-19,18:49:00,19:49:00,7.6,33x27x28,Standard,N/A,Berawan,Lancar,Motorcycle,In_Transit,2026-09-20 19:49:00,1440,319,SAFE,Buku
100024000964,Same Day,STR-BKS-001,Aditya Putra,HUB-BDG-BATUNUNGGAL,-6.953812,107.627419,"Jl. Ir. H. Djuanda No. 120, RT 07/RW 08",Bandung,-6.91249,107.604576,-6.929842,107.612798,2026-09-20,19:50:00,20:20:00,5.8,33x26x18,Same_Day_Priority,N/A,Cerah,Lancar,Motorcycle,In_Transit,2026-09-21 04:20:00,480,830,SAFE,Kosmetik
100024000965,PHARMA,STR-JKT-008,Bayu Nugroho,HUB-JAKPUS-TANAHABANG,-6.187841,106.814327,"Jl. Basuki Rahmat No. 40, RT 09/RW 06",Jakarta Pusat,-6.124408,106.755874,-6.171764,106.800536,2026-09-20,02:05:00,02:20:00,1.53,15x13x20,BPOM_Pharma,22.2,Cerah,Sedang,Motorcycle,In_Transit,2026-09-21 02:20:00,1440,710,SAFE,Vaksin & Biologis
100024000966,Regular,STR-JKT-005,Eko Prasetyo,HUB-JAKPUS-TANAHABANG,-6.187841,106.814327,"Jl. Basuki Rahmat No. 40, RT 05/RW 05",Jakarta Pusat,-6.218958,106.801883,-6.202983,106.80902,2026-09-18,23:28:00,00:24:00,10.8,18x11x27,Standard,N/A,Gerimis,Lancar,Motorcycle,Assigned,2026-09-21 00:24:00,2880,594,SAFE,Elektronik
100024000967,Mini Cargo,STR-JKT-003,Rizky Pratama,HUB-BDG-BATUNUNGGAL,-6.953812,107.627419,"Jl. Juanda No. 34, RT 05/RW 01",Bandung,-6.896377,107.65384,-6.941251,107.632532,2026-09-18,14:28:00,14:57:00,21.1,52x35x48,Bulky_UMKM,N/A,Cerah,Sedang,Motorcycle,In_Transit,2026-09-20 14:57:00,2880,27,MEDIUM_RISK,Tekstil & Garmen
100024000968,Same Day,STR-JKT-003,Rizky Pratama,HUB-JAKPUS-TANAHABANG,-6.187841,106.814327,"Jl. Sudirman No. 45, RT 05/RW 02",Jakarta Pusat,-6.200219,106.766695,-6.198694,106.775882,2026-09-20,06:29:00,06:48:00,4.1,25x13x13,Same_Day_Priority,N/A,Hujan Deras,Sedang,Motorcycle,In_Transit,2026-09-20 14:48:00,480,18,MEDIUM_RISK,Gadget & Aksesoris
100024000969,Cargo,STR-JKT-004,Hendra Wijaya,HUB-TGR-BSD,-6.302143,106.652194,"Jl. M.H. Thamrin No. 12, RT 01/RW 08",Tangerang Selatan,-6.32371,106.5847,-6.313072,106.608312,2026-09-18,22:13:00,22:33:00,57.9,58x75x81,Heavy_Cargo,N/A,Cerah,Lancar,Van,In_Transit,2026-09-20 22:33:00,2880,483,SAFE,Furnitur
100024000970,Dokumen,STR-JKT-011,Doni Kurniawan,HUB-JAKTIM-RAWAMANGUN,-6.194218,106.883905,"Jl. Gatot Subroto Kav. 22, RT 06/RW 02",Jakarta Timur,-6.236147,106.940476,-6.214231,106.915638,2026-09-18,14:00:00,14:42:00,0.12,35x25x2,Secure_Document_Pouch,N/A,Banjir,Macet Total,Motorcycle,In_Transit,2026-09-20 14:42:00,2880,12,HIGH_RISK,Dokumen Penting
100024000971,Same Day,STR-JKT-001,Budi Santoso,HUB-JAKUT-SUNTER,-6.138472,106.865419,"Jl. TB Simatupang No. 30, RT 08/RW 07",Jakarta Utara,-6.164784,106.896976,-6.161464,106.88966,2026-09-21,04:05:00,04:43:00,1.2,17x20x17,Same_Day_Priority,N/A,Cerah,Padat,Motorcycle,In_Transit,2026-09-21 12:43:00,480,1333,SAFE,Pakaian
100024000972,Cargo,STR-JKT-006,Fajar Ramadhan,HUB-JAKPUS-TANAHABANG,-6.187841,106.814327,"Jl. Margonda Raya No. 150, RT 02/RW 08",Jakarta Pusat,-6.122876,106.787605,-6.141097,106.793605,2026-09-19,08:37:00,09:20:00,224.9,58x92x108,Heavy_Cargo,N/A,Cerah,Padat,Van,Delivered,2026-09-21 09:20:00,2880,1130,SAFE,Furnitur
100024000973,Next Day,STR-TGR-002,Surya Darma,HUB-BKS-HARAPANINDAH,-6.180215,106.984211,"Jl. TB Simatupang No. 30, RT 03/RW 05",Bekasi,-6.151712,106.968451,-6.167742,106.977375,2026-09-20,11:44:00,12:17:00,8.6,29x26x18,Standard,N/A,Gerimis,Padat,Van,In_Transit,2026-09-21 12:17:00,1440,1307,SAFE,Mainan Anak
100024000974,Mini Cargo,STR-JKT-005,Eko Prasetyo,HUB-JAKTIM-RAWAMANGUN,-6.194218,106.883905,"Jl. H.R. Rasuna Said No. 8, RT 09/RW 05",Jakarta Timur,-6.183273,106.903381,-6.192587,106.894606,2026-09-19,07:16:00,07:34:00,12.4,57x33x45,Bulky_UMKM,N/A,Hujan Deras,Macet Total,Motorcycle,In_Transit,2026-09-21 07:34:00,2880,1024,SAFE,Tekstil & Garmen
100024000975,Same Day,STR-JKT-012,Wahyu Hidayat,HUB-BKS-HARAPANINDAH,-6.180215,106.984211,"Jl. Panjang No. 14, RT 06/RW 03",Bekasi,-6.173539,107.046857,-6.179491,107.001045,2026-09-21,02:21:00,02:42:00,4.8,23x19x12,Same_Day_Priority,N/A,Berawan,Lancar,Motorcycle,In_Transit,2026-09-21 10:42:00,480,1212,SAFE,Pakaian
100024000976,Instant,STR-JKT-003,Rizky Pratama,HUB-JAKPUS-TANAHABANG,-6.187841,106.814327,"Jl. Margonda Raya No. 150, RT 04/RW 05",Jakarta Pusat,-6.181303,106.75557,-6.187694,106.801621,2026-09-20,11:14:00,11:54:00,3.7,26x18x18,Instant_Direct,N/A,Cerah,Padat,Motorcycle,In_Transit,2026-09-20 14:54:00,180,24,MEDIUM_RISK,Makanan Siap Saji
100024000977,Cargo,STR-JKT-009,Aris Munandar,HUB-TGR-BSD,-6.302143,106.652194,"Jl. Boulevard Barat Kelapa Gading, RT 05/RW 04",Tangerang Selatan,-6.253599,106.696512,-6.263029,106.687612,2026-09-18,23:42:00,00:36:00,252.2,57x85x101,Heavy_Cargo,N/A,Cerah,Sedang,Van,Assigned,2026-09-21 00:36:00,2880,606,SAFE,Elektronik Besar
100024000978,Next Day,STR-JKT-008,Bayu Nugroho,HUB-JAKSEL-TEBET,-6.225588,106.855324,"Jl. Asia Afrika No. 80, RT 07/RW 01",Jakarta Selatan,-6.180257,106.818884,-6.212992,106.84708,2026-09-19,21:06:00,21:59:00,1.5,29x27x28,Standard,N/A,Cerah,Macet Total,Motorcycle,Delivered,2026-09-20 21:59:00,1440,449,SAFE,Mainan Anak
100024000979,Regular,STR-BKS-001,Aditya Putra,HUB-JAKBAR-KEBONJERUK,-6.189512,106.769941,"Jl. H.R. Rasuna Said No. 8, RT 04/RW 02",Jakarta Barat,-6.14645,106.704482,-6.183868,106.762138,2026-09-18,07:22:00,08:01:00,11.5,32x23x11,Standard,N/A,Berawan,Sedang,Motorcycle,Delivered,2026-09-21 08:01:00,4320,1051,SAFE,Pakaian
100024000980,Regular,STR-JKT-004,Hendra Wijaya,HUB-TGR-BSD,-6.302143,106.652194,"Jl. H.R. Rasuna Said No. 8, RT 05/RW 08",Tangerang Selatan,-6.276419,106.668551,-6.287451,106.663293,2026-09-18,01:53:00,02:18:00,1.4,29x20x17,Standard,N/A,Gerimis,Padat,Van,Assigned,2026-09-21 02:18:00,4320,708,SAFE,Perlengkapan Rumah
100024000981,Regular,STR-TGR-002,Surya Darma,HUB-JAKTIM-RAWAMANGUN,-6.194218,106.883905,"Jl. TB Simatupang No. 30, RT 08/RW 01",Jakarta Timur,-6.186082,106.908544,-6.188095,106.89906,2026-09-19,06:39:00,07:03:00,0.7,37x26x13,Standard,N/A,Cerah,Lancar,Van,In_Transit,2026-09-21 07:03:00,2880,993,SAFE,Olahraga
100024000982,Regular,STR-JKT-004,Hendra Wijaya,HUB-SBY-GUBENG,-7.265412,112.752189,"Jl. H.R. Rasuna Said No. 8, RT 09/RW 04",Surabaya,-7.212336,112.76452,-7.222241,112.762508,2026-09-19,21:51:00,22:49:00,13.5,15x15x19,Standard,N/A,Cerah,Padat,Van,Assigned,2026-09-20 22:49:00,1440,499,SAFE,Olahraga
100024000983,Next Day,STR-JKT-004,Hendra Wijaya,HUB-TGR-BSD,-6.302143,106.652194,"Jl. Pemuda No. 71, RT 04/RW 03",Tangerang Selatan,-6.30697,106.718033,-6.304955,106.662062,2026-09-19,14:07:00,14:57:00,4.2,16x22x29,Standard,N/A,Hujan Deras,Lancar,Van,In_Transit,2026-09-20 14:57:00,1440,27,MEDIUM_RISK,Buku
100024000984,Next Day,STR-JKT-005,Eko Prasetyo,HUB-BKS-HARAPANINDAH,-6.180215,106.984211,"Jl. Margonda Raya No. 150, RT 02/RW 04",Bekasi,-6.156922,106.917,-6.16257,106.93559,2026-09-20,03:07:00,03:31:00,1.3,16x13x23,Standard,N/A,Berawan,Padat,Motorcycle,In_Transit,2026-09-21 03:31:00,1440,781,SAFE,Elektronik Kecil
100024000985,Regular,STR-JKT-005,Eko Prasetyo,HUB-JAKSEL-TEBET,-6.225588,106.855324,"Jl. Panjang No. 14, RT 03/RW 05",Jakarta Selatan,-6.265126,106.836281,-6.25589,106.840307,2026-09-19,18:40:00,18:55:00,4.5,24x26x12,Standard,N/A,Berawan,Padat,Motorcycle,In_Transit,2026-09-20 18:55:00,1440,265,SAFE,Elektronik
100024000986,Regular,STR-TGR-001,Rian Kusuma,HUB-BKS-HARAPANINDAH,-6.180215,106.984211,"Jl. TB Simatupang No. 30, RT 02/RW 06",Bekasi,-6.166119,107.02754,-6.17117,107.013772,2026-09-19,03:28:00,03:57:00,10.6,27x17x17,Standard,N/A,Cerah,Lancar,Motorcycle,In_Transit,2026-09-21 03:57:00,2880,807,SAFE,Olahraga
100024000987,Regular,STR-JKT-004,Hendra Wijaya,HUB-JAKSEL-TEBET,-6.225588,106.855324,"Jl. Panjang No. 14, RT 03/RW 08",Jakarta Selatan,-6.249969,106.90015,-6.245615,106.889667,2026-09-18,10:41:00,11:03:00,5.0,22x27x20,Standard,N/A,Berawan,Padat,Van,In_Transit,2026-09-21 11:03:00,4320,1233,SAFE,Perlengkapan Rumah
100024000988,Cargo,STR-JKT-004,Hendra Wijaya,HUB-DPK-MARGONDA,-6.372841,106.832714,"Jl. Raya Darmo No. 55, RT 08/RW 09",Depok,-6.315776,106.808846,-6.361942,106.826721,2026-09-17,13:58:00,14:37:00,228.0,88x69x70,Heavy_Cargo,N/A,Berawan,Padat,Van,In_Transit,2026-09-20 14:37:00,4320,7,HIGH_RISK,Furnitur
100024000989,Same Day,STR-JKT-005,Eko Prasetyo,HUB-JAKUT-SUNTER,-6.138472,106.865419,"Jl. Juanda No. 34, RT 08/RW 03",Jakarta Utara,-6.147554,106.898759,-6.144503,106.89308,2026-09-20,05:10:00,05:49:00,0.9,31x24x13,Same_Day_Priority,N/A,Gerimis,Lancar,Motorcycle,Incident_Reported,2026-09-20 13:49:00,480,-41,BREACHED,Snack & Makanan Kering
100024000990,Cargo,STR-TGR-002,Surya Darma,HUB-DPK-MARGONDA,-6.372841,106.832714,"Jl. H.R. Rasuna Said No. 8, RT 08/RW 06",Depok,-6.368423,106.852484,-6.37048,106.836228,2026-09-17,22:08:00,22:52:00,116.2,54x93x88,Heavy_Cargo,N/A,Cerah,Sedang,Van,In_Transit,2026-09-20 22:52:00,4320,502,SAFE,Otomotif & Mesin
100024000991,Same Day,STR-JKT-012,Wahyu Hidayat,HUB-JAKTIM-RAWAMANGUN,-6.194218,106.883905,"Jl. TB Simatupang No. 30, RT 08/RW 03",Jakarta Timur,-6.185451,106.860431,-6.188807,106.86789,2026-09-20,16:55:00,17:19:00,2.1,15x24x22,Same_Day_Priority,N/A,Hujan Deras,Lancar,Motorcycle,In_Transit,2026-09-21 01:19:00,480,649,SAFE,Kosmetik
100024000992,Regular,STR-JKT-002,Agus Prayitno,HUB-JAKPUS-TANAHABANG,-6.187841,106.814327,"Jl. TB Simatupang No. 30, RT 06/RW 03",Jakarta Pusat,-6.12581,106.773481,-6.152195,106.792373,2026-09-17,14:18:00,14:58:00,6.3,36x10x18,Standard,N/A,Berawan,Padat,Motorcycle,In_Transit,2026-09-20 14:58:00,4320,28,MEDIUM_RISK,Olahraga
100024000993,Regular,STR-JKT-013,Gilang Permana,HUB-JAKSEL-TEBET,-6.225588,106.855324,"Jl. Sudirman No. 45, RT 09/RW 03",Jakarta Selatan,-6.198439,106.894548,-6.208183,106.881634,2026-09-19,10:21:00,10:48:00,9.1,29x23x18,Standard,N/A,Cerah,Lancar,Van,In_Transit,2026-09-21 10:48:00,2880,1218,SAFE,Pakaian
100024000994,Dokumen,STR-JKT-005,Eko Prasetyo,HUB-BKS-HARAPANINDAH,-6.180215,106.984211,"Jl. Ahmad Yani No. 102, RT 06/RW 05",Bekasi,-6.187183,107.017355,-6.181409,107.000786,2026-09-18,13:59:00,14:47:00,1.26,35x25x2,Secure_Document_Pouch,N/A,Berawan,Padat,Motorcycle,In_Transit,2026-09-20 14:47:00,2880,17,MEDIUM_RISK,Dokumen Penting
100024000995,Mini Cargo,STR-JKT-003,Rizky Pratama,HUB-DPK-MARGONDA,-6.372841,106.832714,"Jl. M.H. Thamrin No. 12, RT 03/RW 03",Depok,-6.413433,106.819056,-6.402988,106.820898,2026-09-18,19:13:00,20:06:00,32.5,56x36x40,Bulky_UMKM,N/A,Cerah,Lancar,Motorcycle,In_Transit,2026-09-20 20:06:00,2880,336,SAFE,Sparepart Motor
100024000996,Next Day,STR-JKT-004,Hendra Wijaya,HUB-BKS-HARAPANINDAH,-6.180215,106.984211,"Jl. Pemuda No. 71, RT 05/RW 09",Bekasi,-6.227202,107.023332,-6.190149,106.993627,2026-09-20,09:32:00,09:58:00,8.4,33x10x16,Standard,N/A,Cerah,Lancar,Van,In_Transit,2026-09-21 09:58:00,1440,1168,SAFE,Mainan Anak
100024000997,PHARMA,STR-JKT-002,Agus Prayitno,HUB-BKS-HARAPANINDAH,-6.180215,106.984211,"Jl. Panjang No. 14, RT 03/RW 07",Bekasi,-6.110929,107.051964,-6.134195,107.035046,2026-09-20,05:26:00,05:43:00,3.99,15x13x11,BPOM_Pharma,23.3,Cerah,Sedang,Motorcycle,Delivered,2026-09-20 17:43:00,720,193,SAFE,Reagen Lab
100024000998,Dokumen,STR-JKT-014,Ilham Saputra,HUB-JAKSEL-TEBET,-6.225588,106.855324,"Jl. Panjang No. 14, RT 07/RW 04",Jakarta Selatan,-6.254819,106.813084,-6.231742,106.841627,2026-09-19,05:37:00,06:07:00,0.71,35x25x2,Secure_Document_Pouch,N/A,Cerah,Lancar,Motorcycle,Delivered,2026-09-21 06:07:00,2880,937,SAFE,Dokumen Penting
100024000999,Regular,STR-JKT-005,Eko Prasetyo,HUB-JAKPUS-TANAHABANG,-6.187841,106.814327,"Jl. Senopati No. 18, RT 06/RW 09",Jakarta Pusat,-6.123735,106.748879,-6.157801,106.78485,2026-09-20,11:16:00,11:41:00,7.1,20x25x15,Standard,N/A,Cerah,Sedang,Motorcycle,Delivered,2026-09-21 11:41:00,1440,1271,SAFE,Olahraga
100024001000,Regular,STR-JKT-006,Fajar Ramadhan,HUB-BKS-HARAPANINDAH,-6.180215,106.984211,"Jl. M.H. Thamrin No. 12, RT 03/RW 07",Bekasi,-6.219106,107.005521,-6.19254,106.993762,2026-09-19,06:03:00,06:31:00,7.0,20x27x30,Standard,N/A,Cerah,Lancar,Van,In_Transit,2026-09-21 06:31:00,2880,961,SAFE,Perlengkapan Rumah
100024001001,Same Day,STR-JKT-001,Budi Santoso,HUB-SBY-GUBENG,-7.265412,112.752189,"Jl. Sudirman No. 45, RT 07/RW 08",Surabaya,-7.283103,112.745559,-7.265918,112.750801,2026-09-20,20:45:00,21:10:00,4.0,18x28x15,Same_Day_Priority,N/A,Berawan,Lancar,Motorcycle,In_Transit,2026-09-21 05:10:00,480,880,SAFE,Pakaian
100024001002,Regular,STR-JKT-008,Bayu Nugroho,HUB-TGR-BSD,-6.302143,106.652194,"Jl. Panjang No. 14, RT 09/RW 01",Tangerang Selatan,-6.263415,106.714424,-6.273991,106.69715,2026-09-18,20:41:00,21:00:00,3.9,20x10x15,Standard,N/A,Gerimis,Lancar,Motorcycle,In_Transit,2026-09-20 21:00:00,2880,390,SAFE,Elektronik
100024001003,Mini Cargo,STR-TGR-001,Rian Kusuma,HUB-TGR-BSD,-6.302143,106.652194,"Jl. Ahmad Yani No. 102, RT 05/RW 06",Tangerang Selatan,-6.323976,106.718474,-6.304845,106.66576,2026-09-20,13:29:00,14:23:00,24.0,56x42x45,Bulky_UMKM,N/A,Gerimis,Lancar,Motorcycle,In_Transit,2026-09-21 14:23:00,1440,1433,SAFE,Bahan Makanan Kering UMKM
100024001004,Cargo,STR-JKT-009,Aris Munandar,HUB-JAKPUS-TANAHABANG,-6.187841,106.814327,"Jl. TB Simatupang No. 30, RT 01/RW 09",Jakarta Pusat,-6.13532,106.785563,-6.168393,106.805606,2026-09-19,13:56:00,14:21:00,74.4,100x57x146,Heavy_Cargo,N/A,Hujan Deras,Padat,Van,Incident_Reported,2026-09-20 14:21:00,1440,-9,BREACHED,Otomotif & Mesin
100024001005,Regular,STR-BKS-001,Aditya Putra,HUB-TGR-BSD,-6.302143,106.652194,"Jl. M.H. Thamrin No. 12, RT 02/RW 03",Tangerang Selatan,-6.266953,106.637189,-6.273835,106.641098,2026-09-19,14:21:00,15:00:00,4.8,26x18x15,Standard,N/A,Cerah,Lancar,Motorcycle,In_Transit,2026-09-20 15:00:00,1440,30,MEDIUM_RISK,Pakaian
100024001006,Cargo,STR-JKT-013,Gilang Permana,HUB-JAKUT-SUNTER,-6.138472,106.865419,"Jl. H.R. Rasuna Said No. 8, RT 03/RW 03",Jakarta Utara,-6.118744,106.874709,-6.124009,106.875592,2026-09-18,16:55:00,17:40:00,100.7,75x48x170,Heavy_Cargo,N/A,Berawan,Lancar,Van,In_Transit,2026-09-20 17:40:00,2880,190,SAFE,Grosir Bahan Industri
100024001007,Dokumen,STR-JKT-003,Rizky Pratama,HUB-BDG-BATUNUNGGAL,-6.953812,107.627419,"Jl. Sudirman No. 45, RT 07/RW 02",Bandung,-6.935674,107.613229,-6.943843,107.619336,2026-09-18,22:04:00,22:53:00,1.02,35x25x2,Secure_Document_Pouch,N/A,Cerah,Sedang,Motorcycle,Delivered,2026-09-20 22:53:00,2880,503,SAFE,Dokumen Penting
100024001008,Same Day,STR-JKT-002,Agus Prayitno,HUB-JAKTIM-RAWAMANGUN,-6.194218,106.883905,"Jl. Ahmad Yani No. 102, RT 06/RW 01",Jakarta Timur,-6.226351,106.840652,-6.217522,106.857214,2026-09-20,15:31:00,16:19:00,4.3,18x19x17,Same_Day_Priority,N/A,Cerah,Sedang,Motorcycle,Assigned,2026-09-21 00:19:00,480,589,SAFE,Pakaian
100024001009,Next Day,STR-JKT-011,Doni Kurniawan,HUB-SBY-GUBENG,-7.265412,112.752189,"Jl. Panjang No. 14, RT 03/RW 03",Surabaya,-7.270873,112.701741,-7.26517,112.727407,2026-09-20,07:20:00,08:12:00,6.5,36x20x27,Standard,N/A,Cerah,Sedang,Motorcycle,In_Transit,2026-09-21 08:12:00,1440,1062,SAFE,Pakaian
100024001010,PHARMA,STR-JKT-009,Aris Munandar,HUB-JAKSEL-TEBET,-6.225588,106.855324,"Jl. Raya Darmo No. 55, RT 04/RW 04",Jakarta Selatan,-6.253236,106.861306,-6.239681,106.859088,2026-09-19,20:04:00,20:53:00,3.21,26x19x10,BPOM_Pharma,18.1,Berawan,Macet Total,Van,In_Transit,2026-09-20 20:53:00,1440,383,SAFE,Obat Resep
100024001011,Frozen,STR-TGR-001,Rian Kusuma,HUB-JAKUT-SUNTER,-6.138472,106.865419,"Jl. Asia Afrika No. 80, RT 09/RW 04",Jakarta Utara,-6.200446,106.868186,-6.173669,106.866223,2026-09-21,00:46:00,01:33:00,5.5,35x19x27,Cold_Chain_-2_to_5C,-1.7,Cerah,Sedang,Motorcycle,In_Transit,2026-09-21 09:33:00,480,1143,SAFE,Daging & Seafood
100024001012,Next Day,STR-JKT-006,Fajar Ramadhan,HUB-SBY-GUBENG,-7.265412,112.752189,"Jl. Ahmad Yani No. 102, RT 06/RW 02",Surabaya,-7.226363,112.732927,-7.232125,112.737667,2026-09-20,03:50:00,04:27:00,8.8,15x13x27,Standard,N/A,Cerah,Lancar,Van,Assigned,2026-09-21 04:27:00,1440,837,SAFE,Sepatu
100024001013,Dokumen,STR-JKT-003,Rizky Pratama,HUB-BKS-HARAPANINDAH,-6.180215,106.984211,"Jl. Raya Darmo No. 55, RT 05/RW 03",Bekasi,-6.226695,107.03782,-6.198911,107.002973,2026-09-18,17:38:00,18:10:00,0.44,35x25x2,Secure_Document_Pouch,N/A,Gerimis,Lancar,Motorcycle,In_Transit,2026-09-20 18:10:00,2880,220,SAFE,Dokumen Penting
100024001014,Next Day,STR-JKT-013,Gilang Permana,HUB-JAKTIM-RAWAMANGUN,-6.194218,106.883905,"Jl. Juanda No. 34, RT 01/RW 03",Jakarta Timur,-6.181055,106.924234,-6.185734,106.906414,2026-09-19,14:38:00,15:05:00,8.4,16x28x21,Standard,N/A,Cerah,Padat,Van,In_Transit,2026-09-20 15:05:00,1440,35,SAFE,Buku
100024001015,Next Day,STR-JKT-006,Fajar Ramadhan,HUB-JAKUT-SUNTER,-6.138472,106.865419,"Jl. Gatot Subroto Kav. 22, RT 04/RW 04",Jakarta Utara,-6.11789,106.798046,-6.134599,106.845815,2026-09-19,21:27:00,21:56:00,3.3,29x12x12,Standard,N/A,Cerah,Lancar,Van,In_Transit,2026-09-20 21:56:00,1440,446,SAFE,Mainan Anak
100024001016,Regular,STR-JKT-002,Agus Prayitno,HUB-JAKSEL-TEBET,-6.225588,106.855324,"Jl. Ahmad Yani No. 102, RT 07/RW 05",Jakarta Selatan,-6.236806,106.788301,-6.231655,106.821412,2026-09-20,13:28:00,14:28:00,7.3,28x14x22,Standard,N/A,Berawan,Padat,Motorcycle,In_Transit,2026-09-21 14:28:00,1440,1438,SAFE,Perlengkapan Rumah
100024001017,PHARMA,STR-JKT-004,Hendra Wijaya,HUB-JAKSEL-TEBET,-6.225588,106.855324,"Jl. Juanda No. 34, RT 07/RW 03",Jakarta Selatan,-6.293526,106.830903,-6.259599,106.843287,2026-09-21,07:21:00,08:03:00,6.75,18x10x20,BPOM_Pharma,17.5,Cerah,Macet Total,Van,In_Transit,2026-09-21 14:03:00,360,1413,SAFE,Vaksin & Biologis
100024001018,PHARMA,STR-JKT-009,Aris Munandar,HUB-JAKBAR-KEBONJERUK,-6.189512,106.769941,"Jl. Juanda No. 34, RT 03/RW 08",Jakarta Barat,-6.205039,106.738584,-6.203025,106.748795,2026-09-20,21:26:00,22:20:00,7.63,16x16x13,BPOM_Pharma,20.4,Cerah,Sedang,Van,Delivered,2026-09-21 04:20:00,360,830,SAFE,Vaksin & Biologis
100024001019,Mini Cargo,STR-JKT-006,Fajar Ramadhan,HUB-BKS-HARAPANINDAH,-6.180215,106.984211,"Jl. Sudirman No. 45, RT 02/RW 08",Bekasi,-6.136976,106.980484,-6.150149,106.981715,2026-09-19,09:47:00,10:21:00,5.9,35x34x37,Bulky_UMKM,N/A,Cerah,Lancar,Van,In_Transit,2026-09-21 10:21:00,2880,1191,SAFE,Tekstil & Garmen
100024001020,Same Day,STR-TGR-001,Rian Kusuma,HUB-DPK-MARGONDA,-6.372841,106.832714,"Jl. BSD Raya Utama Blok A2, RT 05/RW 08",Depok,-6.41929,106.800328,-6.394726,106.816322,2026-09-20,06:37:00,07:27:00,2.9,22x22x14,Same_Day_Priority,N/A,Cerah,Padat,Motorcycle,In_Transit,2026-09-20 15:27:00,480,57,SAFE,Gadget & Aksesoris
100024001021,Same Day,STR-JKT-008,Bayu Nugroho,HUB-DPK-MARGONDA,-6.372841,106.832714,"Jl. Sudirman No. 45, RT 06/RW 04",Depok,-6.418627,106.834914,-6.404635,106.835091,2026-09-20,17:43:00,18:35:00,1.6,27x18x17,Same_Day_Priority,N/A,Berawan,Lancar,Motorcycle,In_Transit,2026-09-21 02:35:00,480,725,SAFE,Snack & Makanan Kering
100024001022,Mini Cargo,STR-JKT-011,Doni Kurniawan,HUB-JAKSEL-TEBET,-6.225588,106.855324,"Jl. Pemuda No. 71, RT 08/RW 07",Jakarta Selatan,-6.214171,106.816176,-6.22104,106.834392,2026-09-20,00:17:00,01:06:00,13.7,44x26x32,Bulky_UMKM,N/A,Cerah,Sedang,Motorcycle,Assigned,2026-09-21 01:06:00,1440,636,SAFE,Sparepart Motor
100024001023,Mini Cargo,STR-JKT-003,Rizky Pratama,HUB-TGR-BSD,-6.302143,106.652194,"Jl. BSD Raya Utama Blok A2, RT 04/RW 07",Tangerang Selatan,-6.249157,106.618091,-6.279032,106.63827,2026-09-19,16:58:00,17:22:00,21.9,56x41x43,Bulky_UMKM,N/A,Cerah,Lancar,Motorcycle,In_Transit,2026-09-20 17:22:00,1440,172,SAFE,Paket UMKM
100024001024,PHARMA,STR-JKT-009,Aris Munandar,HUB-JAKTIM-RAWAMANGUN,-6.194218,106.883905,"Jl. Juanda No. 34, RT 09/RW 07",Jakarta Timur,-6.183457,106.829305,-6.187902,106.843261,2026-09-20,01:08:00,02:00:00,0.57,16x13x13,BPOM_Pharma,17.4,Gerimis,Macet Total,Van,In_Transit,2026-09-20 14:00:00,720,-30,BREACHED,Reagen Lab
100024001025,Regular,STR-DPK-001,Indra Gunawan,HUB-BKS-HARAPANINDAH,-6.180215,106.984211,"Jl. H.R. Rasuna Said No. 8, RT 09/RW 03",Bekasi,-6.182588,106.975815,-6.179017,106.981538,2026-09-19,14:03:00,14:50:00,13.7,35x18x12,Standard,N/A,Cerah,Padat,Motorcycle,In_Transit,2026-09-20 14:50:00,1440,20,MEDIUM_RISK,Olahraga
100024001026,Instant,STR-TGR-001,Rian Kusuma,HUB-BKS-HARAPANINDAH,-6.180215,106.984211,"Jl. BSD Raya Utama Blok A2, RT 08/RW 04",Bekasi,-6.204141,106.984544,-6.188736,106.986296,2026-09-20,18:08:00,19:03:00,3.5,26x25x17,Instant_Direct,N/A,Cerah,Padat,Motorcycle,In_Transit,2026-09-20 22:03:00,180,453,SAFE,Makanan Siap Saji
100024001027,Regular,STR-TGR-002,Surya Darma,HUB-JAKUT-SUNTER,-6.138472,106.865419,"Jl. Ir. H. Djuanda No. 120, RT 07/RW 02",Jakarta Utara,-6.128532,106.814879,-6.136428,106.852239,2026-09-20,03:56:00,04:47:00,6.0,20x11x12,Standard,N/A,Berawan,Lancar,Van,Delivered,2026-09-21 04:47:00,1440,857,SAFE,Kecantikan
100024001028,Dokumen,STR-JKT-011,Doni Kurniawan,HUB-JAKSEL-TEBET,-6.225588,106.855324,"Jl. Basuki Rahmat No. 40, RT 02/RW 09",Jakarta Selatan,-6.229149,106.917415,-6.229505,106.891878,2026-09-19,07:21:00,07:49:00,1.45,35x25x2,Secure_Document_Pouch,N/A,Cerah,Lancar,Motorcycle,Assigned,2026-09-21 07:49:00,2880,1039,SAFE,Dokumen Penting
100024001029,Regular,STR-JKT-009,Aris Munandar,HUB-JAKBAR-KEBONJERUK,-6.189512,106.769941,"Jl. Basuki Rahmat No. 40, RT 05/RW 03",Jakarta Barat,-6.195456,106.82796,-6.190892,106.780873,2026-09-18,00:07:00,01:02:00,14.6,17x17x20,Standard,N/A,Cerah,Lancar,Van,In_Transit,2026-09-21 01:02:00,4320,632,SAFE,Perlengkapan Rumah
100024001030,Regular,STR-JKT-011,Doni Kurniawan,HUB-JAKUT-SUNTER,-6.138472,106.865419,"Jl. Basuki Rahmat No. 40, RT 03/RW 02",Jakarta Utara,-6.158241,106.8746,-6.155279,106.876047,2026-09-18,08:41:00,09:28:00,14.9,31x15x18,Standard,N/A,Cerah,Lancar,Motorcycle,Assigned,2026-09-21 09:28:00,4320,1138,SAFE,Elektronik
100024001031,Same Day,STR-JKT-012,Wahyu Hidayat,HUB-JAKPUS-TANAHABANG,-6.187841,106.814327,"Jl. Gatot Subroto Kav. 22, RT 08/RW 09",Jakarta Pusat,-6.1442,106.841959,-6.156219,106.835545,2026-09-20,06:03:00,06:39:00,4.6,35x18x17,Same_Day_Priority,N/A,Gerimis,Macet Total,Motorcycle,Incident_Reported,2026-09-20 14:39:00,480,9,HIGH_RISK,Pakaian
100024001032,Next Day,STR-JKT-004,Hendra Wijaya,HUB-JAKSEL-TEBET,-6.225588,106.855324,"Jl. TB Simatupang No. 30, RT 09/RW 02",Jakarta Selatan,-6.281174,106.876393,-6.24212,106.864736,2026-09-19,21:37:00,21:54:00,5.0,34x14x23,Standard,N/A,Gerimis,Sedang,Van,In_Transit,2026-09-20 21:54:00,1440,444,SAFE,Elektronik Kecil
100024001033,Regular,STR-JKT-006,Fajar Ramadhan,HUB-JAKSEL-TEBET,-6.225588,106.855324,"Jl. Gatot Subroto Kav. 22, RT 08/RW 03",Jakarta Selatan,-6.223743,106.860843,-6.222253,106.860917,2026-09-19,08:51:00,09:07:00,9.9,39x19x19,Standard,N/A,Cerah,Padat,Van,In_Transit,2026-09-21 09:07:00,2880,1117,SAFE,Olahraga
100024001034,Regular,STR-JKT-004,Hendra Wijaya,HUB-JAKTIM-RAWAMANGUN,-6.194218,106.883905,"Jl. Juanda No. 34, RT 05/RW 02",Jakarta Timur,-6.19193,106.906273,-6.189619,106.900488,2026-09-18,14:00:00,14:40:00,10.9,27x13x15,Standard,N/A,Cerah,Macet Total,Van,In_Transit,2026-09-20 14:40:00,2880,10,HIGH_RISK,Kecantikan
100024001035,Next Day,STR-TGR-001,Rian Kusuma,HUB-BDG-BATUNUNGGAL,-6.953812,107.627419,"Jl. Senopati No. 18, RT 07/RW 04",Bandung,-7.005126,107.559763,-6.984218,107.588489,2026-09-19,23:18:00,00:06:00,6.5,20x30x18,Standard,N/A,Cerah,Lancar,Motorcycle,In_Transit,2026-09-21 00:06:00,1440,576,SAFE,Elektronik Kecil
100024001036,Mini Cargo,STR-JKT-003,Rizky Pratama,HUB-JAKSEL-TEBET,-6.225588,106.855324,"Jl. TB Simatupang No. 30, RT 05/RW 03",Jakarta Selatan,-6.284217,106.786857,-6.263151,106.811865,2026-09-20,03:35:00,03:50:00,35.9,34x32x34,Bulky_UMKM,N/A,Cerah,Sedang,Motorcycle,In_Transit,2026-09-21 03:50:00,1440,800,SAFE,Bahan Makanan Kering UMKM
100024001037,PHARMA,STR-DPK-001,Indra Gunawan,HUB-SBY-GUBENG,-7.265412,112.752189,"Jl. Juanda No. 34, RT 01/RW 03",Surabaya,-7.272223,112.797398,-7.2735,112.788962,2026-09-20,18:07:00,19:06:00,2.83,26x15x13,BPOM_Pharma,17.3,Cerah,Lancar,Motorcycle,In_Transit,2026-09-21 01:06:00,360,636,SAFE,Reagen Lab
100024001038,Next Day,STR-DPK-001,Indra Gunawan,HUB-TGR-BSD,-6.302143,106.652194,"Jl. Panjang No. 14, RT 09/RW 09",Tangerang Selatan,-6.263099,106.621167,-6.297383,106.646587,2026-09-19,14:32:00,14:56:00,2.9,26x18x22,Standard,N/A,Gerimis,Sedang,Motorcycle,Assigned,2026-09-20 14:56:00,1440,26,MEDIUM_RISK,Buku
100024001039,Frozen,STR-TGR-002,Surya Darma,HUB-JAKPUS-TANAHABANG,-6.187841,106.814327,"Jl. Asia Afrika No. 80, RT 07/RW 05",Jakarta Pusat,-6.197937,106.797689,-6.194431,106.803184,2026-09-20,10:41:00,11:29:00,6.1,25x19x16,Cold_Chain_-2_to_5C,-0.6,Cerah,Lancar,Van,In_Transit,2026-09-20 19:29:00,480,299,SAFE,Buah & Sayuran Segar
100024001040,Regular,STR-JKT-005,Eko Prasetyo,HUB-BKS-HARAPANINDAH,-6.180215,106.984211,"Jl. Raya Darmo No. 55, RT 07/RW 03",Bekasi,-6.1713,106.932245,-6.177094,106.965253,2026-09-19,14:21:00,14:56:00,8.9,38x29x27,Standard,N/A,Cerah,Macet Total,Motorcycle,In_Transit,2026-09-20 14:56:00,1440,26,MEDIUM_RISK,Elektronik
100024001041,Dokumen,STR-JKT-008,Bayu Nugroho,HUB-BKS-HARAPANINDAH,-6.180215,106.984211,"Jl. Margonda Raya No. 150, RT 01/RW 05",Bekasi,-6.172378,106.97917,-6.175656,106.98094,2026-09-18,14:06:00,14:36:00,1.35,35x25x2,Secure_Document_Pouch,N/A,Gerimis,Lancar,Motorcycle,In_Transit,2026-09-20 14:36:00,2880,6,HIGH_RISK,Dokumen Penting
100024001042,Regular,STR-BKS-001,Aditya Putra,HUB-BDG-BATUNUNGGAL,-6.953812,107.627419,"Jl. Sudirman No. 45, RT 01/RW 01",Bandung,-6.919367,107.694066,-6.936262,107.66314,2026-09-18,00:02:00,00:58:00,14.0,19x29x12,Standard,N/A,Cerah,Sedang,Motorcycle,In_Transit,2026-09-21 00:58:00,4320,628,SAFE,Perlengkapan Rumah
100024001043,Mini Cargo,STR-TGR-002,Surya Darma,HUB-JAKUT-SUNTER,-6.138472,106.865419,"Jl. Raya Darmo No. 55, RT 08/RW 06",Jakarta Utara,-6.10612,106.874382,-6.130979,106.866354,2026-09-19,14:03:00,15:00:00,26.1,56x46x32,Bulky_UMKM,N/A,Cerah,Sedang,Van,Assigned,2026-09-20 15:00:00,1440,30,MEDIUM_RISK,Bahan Makanan Kering UMKM
100024001044,Regular,STR-JKT-004,Hendra Wijaya,HUB-JAKSEL-TEBET,-6.225588,106.855324,"Jl. Ahmad Yani No. 102, RT 04/RW 01",Jakarta Selatan,-6.249457,106.921071,-6.242678,106.893149,2026-09-20,06:46:00,07:37:00,9.4,23x27x29,Standard,N/A,Hujan Deras,Lancar,Van,Delivered,2026-09-21 07:37:00,1440,1027,SAFE,Kecantikan
100024001045,Mini Cargo,STR-JKT-001,Budi Santoso,HUB-BDG-BATUNUNGGAL,-6.953812,107.627419,"Jl. Ir. H. Djuanda No. 120, RT 03/RW 01",Bandung,-6.894842,107.694479,-6.940638,107.638292,2026-09-18,13:57:00,14:42:00,19.5,43x38x23,Bulky_UMKM,N/A,Gerimis,Padat,Motorcycle,In_Transit,2026-09-20 14:42:00,2880,12,HIGH_RISK,Sparepart Motor
100024001046,Cargo,STR-JKT-013,Gilang Permana,HUB-JAKUT-SUNTER,-6.138472,106.865419,"Jl. H.R. Rasuna Said No. 8, RT 03/RW 06",Jakarta Utara,-6.089532,106.796361,-6.120002,106.843021,2026-09-18,14:01:00,14:47:00,249.1,56x40x56,Heavy_Cargo,N/A,Berawan,Sedang,Van,In_Transit,2026-09-20 14:47:00,2880,17,MEDIUM_RISK,Grosir Bahan Industri
100024001047,Regular,STR-JKT-003,Rizky Pratama,HUB-DPK-MARGONDA,-6.372841,106.832714,"Jl. Senopati No. 18, RT 01/RW 03",Depok,-6.30416,106.81166,-6.354168,106.826682,2026-09-19,12:01:00,12:18:00,9.0,31x25x16,Standard,N/A,Berawan,Sedang,Motorcycle,In_Transit,2026-09-21 12:18:00,2880,1308,SAFE,Elektronik
100024001048,Dokumen,STR-JKT-005,Eko Prasetyo,HUB-JAKUT-SUNTER,-6.138472,106.865419,"Jl. Panjang No. 14, RT 08/RW 07",Jakarta Utara,-6.089222,106.83889,-6.103177,106.846371,2026-09-18,14:00:00,14:19:00,0.54,35x25x2,Secure_Document_Pouch,N/A,Gerimis,Sedang,Motorcycle,Incident_Reported,2026-09-20 14:19:00,2880,-11,BREACHED,Dokumen Penting
100024001049,PHARMA,STR-TGR-002,Surya Darma,HUB-DPK-MARGONDA,-6.372841,106.832714,"Jl. M.H. Thamrin No. 12, RT 09/RW 06",Depok,-6.384946,106.773384,-6.383644,106.792201,2026-09-20,02:26:00,02:43:00,5.16,17x14x15,BPOM_Pharma,16.7,Berawan,Padat,Van,In_Transit,2026-09-20 14:43:00,720,13,HIGH_RISK,Reagen Lab
100024001050,Regular,STR-JKT-004,Hendra Wijaya,HUB-TGR-BSD,-6.302143,106.652194,"Jl. H.R. Rasuna Said No. 8, RT 06/RW 08",Tangerang Selatan,-6.300899,106.630398,-6.304008,106.642035,2026-09-20,11:55:00,12:13:00,13.9,16x30x25,Standard,N/A,Cerah,Lancar,Van,In_Transit,2026-09-21 12:13:00,1440,1303,SAFE,Kecantikan
100024001051,Instant,STR-JKT-012,Wahyu Hidayat,HUB-JAKSEL-TEBET,-6.225588,106.855324,"Jl. Kebon Jeruk Raya No. 88, RT 09/RW 03",Jakarta Selatan,-6.195233,106.829975,-6.214173,106.848898,2026-09-20,10:50:00,11:45:00,3.9,11x17x16,Instant_Direct,N/A,Berawan,Sedang,Motorcycle,Assigned,2026-09-20 14:45:00,180,15,MEDIUM_RISK,Kebutuhan Pokok Cepat
100024001052,Cargo,STR-JKT-009,Aris Munandar,HUB-DPK-MARGONDA,-6.372841,106.832714,"Jl. Gatot Subroto Kav. 22, RT 07/RW 05",Depok,-6.368056,106.764457,-6.372866,106.804945,2026-09-20,10:41:00,11:34:00,127.2,76x48x75,Heavy_Cargo,N/A,Cerah,Lancar,Van,Delivered,2026-09-21 11:34:00,1440,1264,SAFE,Elektronik Besar
100024001053,Same Day,STR-DPK-001,Indra Gunawan,HUB-JAKSEL-TEBET,-6.225588,106.855324,"Jl. M.H. Thamrin No. 12, RT 09/RW 09",Jakarta Selatan,-6.225149,106.856336,-6.223894,106.855106,2026-09-20,08:03:00,08:32:00,5.2,34x29x12,Same_Day_Priority,N/A,Berawan,Lancar,Motorcycle,In_Transit,2026-09-20 16:32:00,480,122,SAFE,Snack & Makanan Kering
100024001054,Regular,STR-JKT-004,Hendra Wijaya,HUB-JAKTIM-RAWAMANGUN,-6.194218,106.883905,"Jl. Ir. H. Djuanda No. 120, RT 01/RW 06",Jakarta Timur,-6.150712,106.866905,-6.184538,106.880531,2026-09-17,13:59:00,14:57:00,9.0,27x11x19,Standard,N/A,Cerah,Sedang,Van,Assigned,2026-09-20 14:57:00,4320,27,MEDIUM_RISK,Kecantikan
100024001055,Regular,STR-JKT-005,Eko Prasetyo,HUB-TGR-BSD,-6.302143,106.652194,"Jl. Boulevard Barat Kelapa Gading, RT 05/RW 05",Tangerang Selatan,-6.340518,106.708892,-6.326259,106.690324,2026-09-18,16:22:00,17:01:00,13.8,21x12x24,Standard,N/A,Gerimis,Sedang,Motorcycle,Assigned,2026-09-20 17:01:00,2880,151,SAFE,Pakaian
100024001056,Mini Cargo,STR-TGR-001,Rian Kusuma,HUB-SBY-GUBENG,-7.265412,112.752189,"Jl. BSD Raya Utama Blok A2, RT 07/RW 03",Surabaya,-7.287958,112.716332,-7.270833,112.739891,2026-09-18,20:54:00,21:13:00,35.4,41x32x20,Bulky_UMKM,N/A,Cerah,Sedang,Motorcycle,Assigned,2026-09-20 21:13:00,2880,403,SAFE,Tekstil & Garmen
100024001057,Same Day,STR-JKT-012,Wahyu Hidayat,HUB-JAKTIM-RAWAMANGUN,-6.194218,106.883905,"Jl. Asia Afrika No. 80, RT 07/RW 01",Jakarta Timur,-6.211862,106.927719,-6.211034,106.920742,2026-09-20,08:03:00,08:51:00,2.1,15x21x11,Same_Day_Priority,N/A,Cerah,Lancar,Motorcycle,Delivered,2026-09-20 16:51:00,480,141,SAFE,Kosmetik
100024001058,Regular,STR-JKT-001,Budi Santoso,HUB-BKS-HARAPANINDAH,-6.180215,106.984211,"Jl. Raya Darmo No. 55, RT 01/RW 02",Bekasi,-6.212978,106.915333,-6.199905,106.949759,2026-09-18,16:40:00,17:05:00,2.4,19x10x29,Standard,N/A,Berawan,Lancar,Motorcycle,In_Transit,2026-09-20 17:05:00,2880,155,SAFE,Perlengkapan Rumah
100024001059,Cargo,STR-JKT-007,Dimas Setiawan,HUB-DPK-MARGONDA,-6.372841,106.832714,"Jl. Raya Darmo No. 55, RT 03/RW 07",Depok,-6.336864,106.842293,-6.350714,106.840963,2026-09-18,13:27:00,14:24:00,252.1,79x62x167,Heavy_Cargo,N/A,Hujan Deras,Padat,Cargo_Truck,In_Transit,2026-09-20 14:24:00,2880,-6,BREACHED,Grosir Bahan Industri
100024001060,Mini Cargo,STR-JKT-004,Hendra Wijaya,HUB-SBY-GUBENG,-7.265412,112.752189,"Jl. Pemuda No. 71, RT 06/RW 04",Surabaya,-7.202157,112.688327,-7.242927,112.730462,2026-09-19,18:46:00,19:19:00,28.6,49x37x31,Bulky_UMKM,N/A,Berawan,Sedang,Van,Delivered,2026-09-20 19:19:00,1440,289,SAFE,Bahan Makanan Kering UMKM
100024001061,Mini Cargo,STR-JKT-001,Budi Santoso,HUB-TGR-BSD,-6.302143,106.652194,"Jl. TB Simatupang No. 30, RT 02/RW 08",Tangerang Selatan,-6.316404,106.639054,-6.312354,106.643364,2026-09-19,16:18:00,16:52:00,12.4,55x38x23,Bulky_UMKM,N/A,Cerah,Lancar,Motorcycle,In_Transit,2026-09-20 16:52:00,1440,142,SAFE,Sparepart Motor
100024001062,Regular,STR-JKT-003,Rizky Pratama,HUB-JAKSEL-TEBET,-6.225588,106.855324,"Jl. Sudirman No. 45, RT 03/RW 04",Jakarta Selatan,-6.254101,106.906241,-6.233414,106.870989,2026-09-19,16:15:00,17:13:00,5.8,21x10x12,Standard,N/A,Cerah,Lancar,Motorcycle,Assigned,2026-09-20 17:13:00,1440,163,SAFE,Kecantikan
100024001063,Frozen,STR-JKT-009,Aris Munandar,HUB-BKS-HARAPANINDAH,-6.180215,106.984211,"Jl. M.H. Thamrin No. 12, RT 06/RW 03",Bekasi,-6.180628,106.927356,-6.181318,106.958478,2026-09-20,06:16:00,06:54:00,4.0,38x23x16,Cold_Chain_-2_to_5C,4.3,Cerah,Lancar,Van,In_Transit,2026-09-20 14:54:00,480,24,MEDIUM_RISK,Minuman Dingin
100024001064,Dokumen,STR-JKT-008,Bayu Nugroho,HUB-TGR-BSD,-6.302143,106.652194,"Jl. H.R. Rasuna Said No. 8, RT 02/RW 09",Tangerang Selatan,-6.274927,106.720446,-6.291827,106.686105,2026-09-19,08:33:00,09:13:00,1.29,35x25x2,Secure_Document_Pouch,N/A,Cerah,Macet Total,Motorcycle,In_Transit,2026-09-21 09:13:00,2880,1123,SAFE,Dokumen Penting
100024001065,Same Day,STR-JKT-003,Rizky Pratama,HUB-BKS-HARAPANINDAH,-6.180215,106.984211,"Jl. Panjang No. 14, RT 09/RW 08",Bekasi,-6.126291,106.991733,-6.165839,106.987009,2026-09-20,06:49:00,07:19:00,6.8,30x25x12,Same_Day_Priority,N/A,Cerah,Sedang,Motorcycle,Assigned,2026-09-20 15:19:00,480,49,SAFE,Snack & Makanan Kering
100024001066,Mini Cargo,STR-TGR-001,Rian Kusuma,HUB-JAKBAR-KEBONJERUK,-6.189512,106.769941,"Jl. Kemang Raya No. 5, RT 03/RW 08",Jakarta Barat,-6.180599,106.722893,-6.184815,106.741461,2026-09-18,14:19:00,14:49:00,14.2,31x30x47,Bulky_UMKM,N/A,Cerah,Macet Total,Motorcycle,In_Transit,2026-09-20 14:49:00,2880,19,MEDIUM_RISK,Tekstil & Garmen
100024001067,Mini Cargo,STR-JKT-009,Aris Munandar,HUB-DPK-MARGONDA,-6.372841,106.832714,"Jl. Kebon Jeruk Raya No. 88, RT 03/RW 04",Depok,-6.390192,106.883039,-6.384822,106.862893,2026-09-20,02:18:00,02:37:00,27.5,30x43x23,Bulky_UMKM,N/A,Berawan,Lancar,Van,In_Transit,2026-09-21 02:37:00,1440,727,SAFE,Bahan Makanan Kering UMKM
100024001068,Regular,STR-JKT-013,Gilang Permana,HUB-JAKTIM-RAWAMANGUN,-6.194218,106.883905,"Jl. Basuki Rahmat No. 40, RT 09/RW 03",Jakarta Timur,-6.191941,106.854972,-6.194756,106.876222,2026-09-18,15:05:00,15:23:00,13.0,25x18x20,Standard,N/A,Berawan,Sedang,Van,Delivered,2026-09-20 15:23:00,2880,53,SAFE,Elektronik
100024001069,Next Day,STR-TGR-002,Surya Darma,HUB-BKS-HARAPANINDAH,-6.180215,106.984211,"Jl. Sudirman No. 45, RT 01/RW 07",Bekasi,-6.17064,106.99952,-6.178007,106.985578,2026-09-19,22:45:00,23:28:00,9.9,38x14x14,Standard,N/A,Cerah,Lancar,Van,In_Transit,2026-09-20 23:28:00,1440,538,SAFE,Buku
100024001070,Regular,STR-JKT-002,Agus Prayitno,HUB-JAKBAR-KEBONJERUK,-6.189512,106.769941,"Jl. Pemuda No. 71, RT 08/RW 01",Jakarta Barat,-6.201529,106.801578,-6.199999,106.789576,2026-09-19,05:47:00,06:12:00,3.8,40x11x20,Standard,N/A,Cerah,Sedang,Motorcycle,In_Transit,2026-09-21 06:12:00,2880,942,SAFE,Olahraga
100024001071,Cargo,STR-JKT-015,Ahmad Fauzi,HUB-JAKTIM-RAWAMANGUN,-6.194218,106.883905,"Jl. Pemuda No. 71, RT 01/RW 03",Jakarta Timur,-6.175994,106.825779,-6.18013,106.843402,2026-09-18,23:34:00,00:18:00,158.6,98x63x114,Heavy_Cargo,N/A,Cerah,Sedang,Cargo_Truck,In_Transit,2026-09-21 00:18:00,2880,588,SAFE,Furnitur
100024001072,Same Day,STR-JKT-012,Wahyu Hidayat,HUB-JAKSEL-TEBET,-6.225588,106.855324,"Jl. BSD Raya Utama Blok A2, RT 04/RW 09",Jakarta Selatan,-6.177728,106.845482,-6.210995,106.851217,2026-09-20,18:24:00,19:15:00,6.2,23x23x12,Same_Day_Priority,N/A,Berawan,Sedang,Motorcycle,In_Transit,2026-09-21 03:15:00,480,765,SAFE,Snack & Makanan Kering
100024001073,Same Day,STR-TGR-001,Rian Kusuma,HUB-DPK-MARGONDA,-6.372841,106.832714,"Jl. Raya Darmo No. 55, RT 08/RW 09",Depok,-6.352445,106.791955,-6.364013,106.812209,2026-09-21,03:15:00,03:30:00,3.3,33x29x20,Same_Day_Priority,N/A,Berawan,Lancar,Motorcycle,Assigned,2026-09-21 11:30:00,480,1260,SAFE,Snack & Makanan Kering
100024001074,Instant,STR-TGR-001,Rian Kusuma,HUB-JAKPUS-TANAHABANG,-6.187841,106.814327,"Jl. Kebon Jeruk Raya No. 88, RT 05/RW 07",Jakarta Pusat,-6.237832,106.802699,-6.227088,106.803247,2026-09-20,11:04:00,11:33:00,4.1,12x13x15,Instant_Direct,N/A,Berawan,Padat,Motorcycle,In_Transit,2026-09-20 14:33:00,180,3,HIGH_RISK,Obat Darurat
100024001075,Regular,STR-JKT-006,Fajar Ramadhan,HUB-JAKBAR-KEBONJERUK,-6.189512,106.769941,"Jl. TB Simatupang No. 30, RT 04/RW 09",Jakarta Barat,-6.233969,106.763001,-6.216324,106.767553,2026-09-20,00:40:00,01:27:00,5.3,37x24x26,Standard,N/A,Gerimis,Lancar,Van,Assigned,2026-09-21 01:27:00,1440,657,SAFE,Kecantikan
100024001076,Next Day,STR-JKT-008,Bayu Nugroho,HUB-JAKTIM-RAWAMANGUN,-6.194218,106.883905,"Jl. Ir. H. Djuanda No. 120, RT 05/RW 02",Jakarta Timur,-6.235514,106.887525,-6.216298,106.884811,2026-09-19,16:06:00,16:46:00,7.1,23x28x30,Standard,N/A,Cerah,Lancar,Motorcycle,In_Transit,2026-09-20 16:46:00,1440,136,SAFE,Elektronik Kecil
100024001077,Cargo,STR-JKT-015,Ahmad Fauzi,HUB-SBY-GUBENG,-7.265412,112.752189,"Jl. Ahmad Yani No. 102, RT 09/RW 07",Surabaya,-7.251488,112.818334,-7.254535,112.808474,2026-09-18,11:38:00,12:21:00,91.3,93x74x80,Heavy_Cargo,N/A,Cerah,Sedang,Cargo_Truck,In_Transit,2026-09-21 12:21:00,4320,1311,SAFE,Elektronik Besar
100024001078,Same Day,STR-JKT-014,Ilham Saputra,HUB-JAKBAR-KEBONJERUK,-6.189512,106.769941,"Jl. BSD Raya Utama Blok A2, RT 03/RW 01",Jakarta Barat,-6.252415,106.775961,-6.226375,106.770765,2026-09-20,05:40:00,06:37:00,4.9,28x18x20,Same_Day_Priority,N/A,Gerimis,Padat,Motorcycle,Incident_Reported,2026-09-20 14:37:00,480,7,HIGH_RISK,Gadget & Aksesoris
100024001079,Frozen,STR-JKT-011,Doni Kurniawan,HUB-TGR-BSD,-6.302143,106.652194,"Jl. Senopati No. 18, RT 05/RW 08",Tangerang Selatan,-6.326254,106.688405,-6.321643,106.683093,2026-09-20,06:35:00,07:16:00,4.4,33x19x24,Cold_Chain_-2_to_5C,0.5,Cerah,Lancar,Motorcycle,In_Transit,2026-09-20 15:16:00,480,46,SAFE,Makanan Beku
100024001080,Same Day,STR-TGR-001,Rian Kusuma,HUB-JAKBAR-KEBONJERUK,-6.189512,106.769941,"Jl. Raya Darmo No. 55, RT 08/RW 05",Jakarta Barat,-6.237965,106.824789,-6.227442,106.812866,2026-09-20,05:12:00,05:57:00,7.0,15x26x17,Same_Day_Priority,N/A,Berawan,Padat,Motorcycle,Incident_Reported,2026-09-20 13:57:00,480,-33,BREACHED,Snack & Makanan Kering
100024001081,Dokumen,STR-JKT-011,Doni Kurniawan,HUB-DPK-MARGONDA,-6.372841,106.832714,"Jl. Panjang No. 14, RT 03/RW 04",Depok,-6.440058,106.797035,-6.38976,106.821307,2026-09-19,04:18:00,05:07:00,1.12,35x25x2,Secure_Document_Pouch,N/A,Cerah,Lancar,Motorcycle,In_Transit,2026-09-21 05:07:00,2880,877,SAFE,Dokumen Penting
100024001082,Next Day,STR-DPK-001,Indra Gunawan,HUB-JAKSEL-TEBET,-6.225588,106.855324,"Jl. Raya Darmo No. 55, RT 01/RW 07",Jakarta Selatan,-6.157951,106.894084,-6.204866,106.867295,2026-09-20,11:16:00,11:48:00,1.8,23x20x14,Standard,N/A,Cerah,Sedang,Motorcycle,In_Transit,2026-09-21 11:48:00,1440,1278,SAFE,Mainan Anak
100024001083,Same Day,STR-DPK-001,Indra Gunawan,HUB-SBY-GUBENG,-7.265412,112.752189,"Jl. BSD Raya Utama Blok A2, RT 08/RW 05",Surabaya,-7.29757,112.684035,-7.280136,112.725034,2026-09-20,06:42:00,07:34:00,6.7,33x18x10,Same_Day_Priority,N/A,Berawan,Sedang,Motorcycle,Assigned,2026-09-20 15:34:00,480,64,SAFE,Snack & Makanan Kering
100024001084,Cargo,STR-JKT-007,Dimas Setiawan,HUB-JAKSEL-TEBET,-6.225588,106.855324,"Jl. TB Simatupang No. 30, RT 01/RW 04",Jakarta Selatan,-6.275938,106.922887,-6.231876,106.864016,2026-09-19,02:42:00,03:09:00,124.7,67x79x157,Heavy_Cargo,N/A,Gerimis,Sedang,Cargo_Truck,Assigned,2026-09-21 03:09:00,2880,759,SAFE,Elektronik Besar
100024001085,Regular,STR-TGR-002,Surya Darma,HUB-JAKPUS-TANAHABANG,-6.187841,106.814327,"Jl. Juanda No. 34, RT 06/RW 06",Jakarta Pusat,-6.244349,106.848501,-6.222794,106.835556,2026-09-19,18:10:00,18:57:00,11.1,36x26x15,Standard,N/A,Berawan,Lancar,Van,In_Transit,2026-09-20 18:57:00,1440,267,SAFE,Elektronik
100024001086,Dokumen,STR-JKT-001,Budi Santoso,HUB-SBY-GUBENG,-7.265412,112.752189,"Jl. Panjang No. 14, RT 02/RW 07",Surabaya,-7.290612,112.771983,-7.283428,112.769101,2026-09-18,14:14:00,14:52:00,1.13,35x25x2,Secure_Document_Pouch,N/A,Cerah,Padat,Motorcycle,In_Transit,2026-09-20 14:52:00,2880,22,MEDIUM_RISK,Dokumen Penting
100024001087,Same Day,STR-BKS-001,Aditya Putra,HUB-SBY-GUBENG,-7.265412,112.752189,"Jl. Kemang Raya No. 5, RT 02/RW 08",Surabaya,-7.229468,112.705393,-7.24957,112.73398,2026-09-20,05:57:00,06:45:00,1.9,35x12x21,Same_Day_Priority,N/A,Cerah,Lancar,Motorcycle,Assigned,2026-09-20 14:45:00,480,15,MEDIUM_RISK,Pakaian
100024001088,Cargo,STR-JKT-015,Ahmad Fauzi,HUB-JAKBAR-KEBONJERUK,-6.189512,106.769941,"Jl. Boulevard Barat Kelapa Gading, RT 06/RW 05",Jakarta Barat,-6.193889,106.770032,-6.193192,106.769262,2026-09-20,08:52:00,09:48:00,267.7,65x48x108,Heavy_Cargo,N/A,Berawan,Lancar,Cargo_Truck,In_Transit,2026-09-21 09:48:00,1440,1158,SAFE,Furnitur
100024001089,Next Day,STR-BKS-001,Aditya Putra,HUB-BDG-BATUNUNGGAL,-6.953812,107.627419,"Jl. Raya Darmo No. 55, RT 01/RW 01",Bandung,-6.891394,107.561195,-6.939802,107.610291,2026-09-20,04:50:00,05:42:00,1.0,32x18x24,Standard,N/A,Cerah,Lancar,Motorcycle,In_Transit,2026-09-21 05:42:00,1440,912,SAFE,Buku
100024001090,Same Day,STR-BKS-001,Aditya Putra,HUB-DPK-MARGONDA,-6.372841,106.832714,"Jl. Ir. H. Djuanda No. 120, RT 09/RW 01",Depok,-6.38394,106.806668,-6.37593,106.828048,2026-09-20,13:37:00,14:15:00,0.9,30x29x11,Same_Day_Priority,N/A,Cerah,Lancar,Motorcycle,In_Transit,2026-09-20 22:15:00,480,465,SAFE,Snack & Makanan Kering
100024001091,Instant,STR-JKT-012,Wahyu Hidayat,HUB-BKS-HARAPANINDAH,-6.180215,106.984211,"Jl. Margonda Raya No. 150, RT 04/RW 09",Bekasi,-6.226744,107.029959,-6.195456,106.997872,2026-09-20,10:59:00,11:54:00,0.6,17x22x8,Instant_Direct,N/A,Banjir,Padat,Motorcycle,Incident_Reported,2026-09-20 13:54:00,120,-36,BREACHED,Minuman Segar
100024001092,Instant,STR-JKT-001,Budi Santoso,HUB-TGR-BSD,-6.302143,106.652194,"Jl. Ir. H. Djuanda No. 120, RT 09/RW 07",Tangerang Selatan,-6.268791,106.658799,-6.280695,106.659488,2026-09-20,16:04:00,16:26:00,3.3,25x10x17,Instant_Direct,N/A,Cerah,Lancar,Motorcycle,In_Transit,2026-09-20 18:26:00,120,236,SAFE,Kebutuhan Pokok Cepat
100024001093,Instant,STR-DPK-001,Indra Gunawan,HUB-JAKPUS-TANAHABANG,-6.187841,106.814327,"Jl. Kebon Jeruk Raya No. 88, RT 04/RW 05",Jakarta Pusat,-6.190494,106.76487,-6.189944,106.78834,2026-09-21,05:51:00,06:32:00,1.7,24x11x12,Instant_Direct,N/A,Berawan,Padat,Motorcycle,In_Transit,2026-09-21 08:32:00,120,1082,SAFE,Obat Darurat
100024001094,Next Day,STR-JKT-006,Fajar Ramadhan,HUB-SBY-GUBENG,-7.265412,112.752189,"Jl. Ahmad Yani No. 102, RT 06/RW 08",Surabaya,-7.277485,112.754788,-7.275037,112.756753,2026-09-19,13:40:00,14:16:00,8.5,36x16x13,Standard,N/A,Gerimis,Padat,Van,In_Transit,2026-09-20 14:16:00,1440,-14,BREACHED,Elektronik Kecil
100024001095,Regular,STR-JKT-008,Bayu Nugroho,HUB-TGR-BSD,-6.302143,106.652194,"Jl. Basuki Rahmat No. 40, RT 04/RW 09",Tangerang Selatan,-6.310546,106.708904,-6.304644,106.67504,2026-09-19,00:20:00,00:38:00,1.8,17x19x12,Standard,N/A,Cerah,Lancar,Motorcycle,In_Transit,2026-09-21 00:38:00,2880,608,SAFE,Perlengkapan Rumah
100024001096,Dokumen,STR-BKS-001,Aditya Putra,HUB-JAKTIM-RAWAMANGUN,-6.194218,106.883905,"Jl. Ir. H. Djuanda No. 120, RT 08/RW 02",Jakarta Timur,-6.133149,106.950794,-6.149041,106.929272,2026-09-19,04:13:00,04:30:00,0.2,35x25x2,Secure_Document_Pouch,N/A,Berawan,Sedang,Motorcycle,In_Transit,2026-09-21 04:30:00,2880,840,SAFE,Dokumen Penting
100024001097,Next Day,STR-JKT-012,Wahyu Hidayat,HUB-DPK-MARGONDA,-6.372841,106.832714,"Jl. Pemuda No. 71, RT 05/RW 06",Depok,-6.356334,106.837996,-6.362417,106.83757,2026-09-20,00:28:00,01:02:00,0.7,39x17x23,Standard,N/A,Cerah,Macet Total,Motorcycle,Assigned,2026-09-21 01:02:00,1440,632,SAFE,Buku
100024001098,Regular,STR-JKT-006,Fajar Ramadhan,HUB-JAKPUS-TANAHABANG,-6.187841,106.814327,"Jl. Kemang Raya No. 5, RT 02/RW 06",Jakarta Pusat,-6.126573,106.830169,-6.156524,106.82206,2026-09-20,07:18:00,08:05:00,9.1,37x14x24,Standard,N/A,Cerah,Sedang,Van,In_Transit,2026-09-21 08:05:00,1440,1055,SAFE,Elektronik
100024001099,Next Day,STR-JKT-014,Ilham Saputra,HUB-JAKPUS-TANAHABANG,-6.187841,106.814327,"Jl. Pemuda No. 71, RT 03/RW 04",Jakarta Pusat,-6.158347,106.763466,-6.167295,106.776362,2026-09-19,14:24:00,14:54:00,1.2,26x30x18,Standard,N/A,Cerah,Padat,Motorcycle,In_Transit,2026-09-20 14:54:00,1440,24,MEDIUM_RISK,Mainan Anak
100024001100,Cargo,STR-BKS-002,Bambang Sudrajat,HUB-JAKSEL-TEBET,-6.225588,106.855324,"Jl. Panjang No. 14, RT 07/RW 03",Jakarta Selatan,-6.163045,106.912777,-6.201309,106.878082,2026-09-19,01:58:00,02:52:00,113.0,55x98x130,Heavy_Cargo,N/A,Berawan,Sedang,Cargo_Truck,In_Transit,2026-09-21 02:52:00,2880,742,SAFE,Grosir Bahan Industri
100024001101,Regular,STR-JKT-012,Wahyu Hidayat,HUB-JAKSEL-TEBET,-6.225588,106.855324,"Jl. BSD Raya Utama Blok A2, RT 09/RW 02",Jakarta Selatan,-6.248454,106.918087,-6.245923,106.905158,2026-09-18,00:00:00,00:52:00,12.6,36x25x22,Standard,N/A,Gerimis,Lancar,Motorcycle,In_Transit,2026-09-21 00:52:00,4320,622,SAFE,Pakaian
100024001102,Next Day,STR-JKT-001,Budi Santoso,HUB-DPK-MARGONDA,-6.372841,106.832714,"Jl. TB Simatupang No. 30, RT 09/RW 07",Depok,-6.32932,106.803006,-6.346122,106.814816,2026-09-20,11:58:00,12:49:00,8.2,28x30x21,Standard,N/A,Hujan Deras,Macet Total,Motorcycle,Assigned,2026-09-21 12:49:00,1440,1339,SAFE,Pakaian
100024001103,Instant,STR-JKT-012,Wahyu Hidayat,HUB-JAKTIM-RAWAMANGUN,-6.194218,106.883905,"Jl. BSD Raya Utama Blok A2, RT 07/RW 07",Jakarta Timur,-6.247897,106.938602,-6.218172,106.905761,2026-09-20,15:21:00,15:44:00,4.6,18x15x6,Instant_Direct,N/A,Cerah,Macet Total,Motorcycle,In_Transit,2026-09-20 17:44:00,120,194,SAFE,Minuman Segar
100024001104,Frozen,STR-JKT-003,Rizky Pratama,HUB-JAKUT-SUNTER,-6.138472,106.865419,"Jl. Margonda Raya No. 150, RT 09/RW 04",Jakarta Utara,-6.122551,106.871609,-6.132346,106.868012,2026-09-20,23:12:00,23:44:00,6.0,34x17x25,Cold_Chain_-2_to_5C,2.2,Cerah,Sedang,Motorcycle,Assigned,2026-09-21 07:44:00,480,1034,SAFE,Daging & Seafood
100024001105,Regular,STR-JKT-002,Agus Prayitno,HUB-JAKUT-SUNTER,-6.138472,106.865419,"Jl. Pemuda No. 71, RT 07/RW 06",Jakarta Utara,-6.204706,106.818408,-6.157631,106.847671,2026-09-19,01:06:00,01:34:00,1.9,27x17x25,Standard,N/A,Cerah,Padat,Motorcycle,In_Transit,2026-09-21 01:34:00,2880,664,SAFE,Elektronik
100024001106,Instant,STR-JKT-002,Agus Prayitno,HUB-TGR-BSD,-6.302143,106.652194,"Jl. Senopati No. 18, RT 03/RW 08",Tangerang Selatan,-6.269234,106.672192,-6.275819,106.666839,2026-09-21,01:28:00,01:54:00,1.6,11x10x11,Instant_Direct,N/A,Gerimis,Lancar,Motorcycle,Assigned,2026-09-21 03:54:00,120,804,SAFE,Obat Darurat
100024001107,Same Day,STR-JKT-005,Eko Prasetyo,HUB-JAKBAR-KEBONJERUK,-6.189512,106.769941,"Jl. Pemuda No. 71, RT 05/RW 09",Jakarta Barat,-6.157507,106.836969,-6.164387,106.817647,2026-09-20,11:34:00,11:53:00,4.2,24x25x17,Same_Day_Priority,N/A,Cerah,Padat,Motorcycle,In_Transit,2026-09-20 19:53:00,480,323,SAFE,Kosmetik
100024001108,Same Day,STR-TGR-001,Rian Kusuma,HUB-BKS-HARAPANINDAH,-6.180215,106.984211,"Jl. Kemang Raya No. 5, RT 03/RW 06",Bekasi,-6.147845,107.011617,-6.166997,106.995974,2026-09-20,06:13:00,06:36:00,3.9,33x20x16,Same_Day_Priority,N/A,Hujan Deras,Padat,Motorcycle,Incident_Reported,2026-09-20 14:36:00,480,6,HIGH_RISK,Pakaian
100024001109,Regular,STR-DPK-001,Indra Gunawan,HUB-JAKSEL-TEBET,-6.225588,106.855324,"Jl. Asia Afrika No. 80, RT 04/RW 01",Jakarta Selatan,-6.213945,106.825282,-6.219345,106.841097,2026-09-20,03:15:00,03:50:00,14.5,17x19x16,Standard,N/A,Cerah,Lancar,Motorcycle,In_Transit,2026-09-21 03:50:00,1440,800,SAFE,Olahraga
100024001110,Regular,STR-JKT-013,Gilang Permana,HUB-JAKPUS-TANAHABANG,-6.187841,106.814327,"Jl. Raya Pajajaran No. 9, RT 09/RW 02",Jakarta Pusat,-6.197202,106.819207,-6.192741,106.817444,2026-09-18,17:28:00,18:24:00,6.5,19x20x24,Standard,N/A,Cerah,Sedang,Van,In_Transit,2026-09-20 18:24:00,2880,234,SAFE,Pakaian
100024001111,Mini Cargo,STR-JKT-006,Fajar Ramadhan,HUB-JAKTIM-RAWAMANGUN,-6.194218,106.883905,"Jl. Gatot Subroto Kav. 22, RT 06/RW 05",Jakarta Timur,-6.143297,106.928981,-6.164711,106.913234,2026-09-18,13:52:00,14:51:00,11.0,35x41x33,Bulky_UMKM,N/A,Cerah,Lancar,Van,In_Transit,2026-09-20 14:51:00,2880,21,MEDIUM_RISK,Bahan Makanan Kering UMKM
100024001112,Same Day,STR-BKS-001,Aditya Putra,HUB-JAKTIM-RAWAMANGUN,-6.194218,106.883905,"Jl. Margonda Raya No. 150, RT 08/RW 01",Jakarta Timur,-6.24067,106.917631,-6.202573,106.88839,2026-09-20,06:05:00,06:33:00,1.4,18x22x23,Same_Day_Priority,N/A,Berawan,Padat,Motorcycle,Incident_Reported,2026-09-20 14:33:00,480,3,HIGH_RISK,Kosmetik
100024001113,Next Day,STR-JKT-001,Budi Santoso,HUB-JAKTIM-RAWAMANGUN,-6.194218,106.883905,"Jl. Raya Darmo No. 55, RT 03/RW 03",Jakarta Timur,-6.245222,106.833033,-6.200255,106.873337,2026-09-19,16:19:00,16:41:00,1.4,36x29x11,Standard,N/A,Cerah,Lancar,Motorcycle,Assigned,2026-09-20 16:41:00,1440,131,SAFE,Pakaian
100024001114,Same Day,STR-JKT-011,Doni Kurniawan,HUB-JAKUT-SUNTER,-6.138472,106.865419,"Jl. Asia Afrika No. 80, RT 07/RW 02",Jakarta Utara,-6.179201,106.876042,-6.149218,106.867625,2026-09-20,12:01:00,12:29:00,5.9,28x19x20,Same_Day_Priority,N/A,Cerah,Sedang,Motorcycle,In_Transit,2026-09-20 20:29:00,480,359,SAFE,Kosmetik
100024001115,Next Day,STR-JKT-014,Ilham Saputra,HUB-JAKUT-SUNTER,-6.138472,106.865419,"Jl. Raya Darmo No. 55, RT 09/RW 07",Jakarta Utara,-6.10032,106.837132,-6.119167,106.850449,2026-09-19,23:18:00,00:13:00,2.9,39x24x30,Standard,N/A,Cerah,Lancar,Motorcycle,Delivered,2026-09-21 00:13:00,1440,583,SAFE,Buku
100024001116,Mini Cargo,STR-TGR-001,Rian Kusuma,HUB-JAKUT-SUNTER,-6.138472,106.865419,"Jl. Kebon Jeruk Raya No. 88, RT 06/RW 07",Jakarta Utara,-6.11581,106.87244,-6.127093,106.869376,2026-09-19,17:41:00,18:13:00,37.4,42x36x46,Bulky_UMKM,N/A,Cerah,Lancar,Motorcycle,In_Transit,2026-09-20 18:13:00,1440,223,SAFE,Bahan Makanan Kering UMKM
100024001117,PHARMA,STR-TGR-002,Surya Darma,HUB-JAKTIM-RAWAMANGUN,-6.194218,106.883905,"Jl. Margonda Raya No. 150, RT 05/RW 02",Jakarta Timur,-6.212456,106.848385,-6.207756,106.865171,2026-09-20,14:59:00,15:41:00,6.02,20x14x17,BPOM_Pharma,23.3,Cerah,Lancar,Van,Assigned,2026-09-21 03:41:00,720,791,SAFE,Vaksin & Biologis
100024001118,Dokumen,STR-JKT-012,Wahyu Hidayat,HUB-TGR-BSD,-6.302143,106.652194,"Jl. Raya Darmo No. 55, RT 09/RW 06",Tangerang Selatan,-6.34297,106.663472,-6.325414,106.657092,2026-09-18,19:28:00,20:20:00,0.79,35x25x2,Secure_Document_Pouch,N/A,Cerah,Padat,Motorcycle,In_Transit,2026-09-20 20:20:00,2880,350,SAFE,Dokumen Penting
100024001119,Regular,STR-JKT-013,Gilang Permana,HUB-DPK-MARGONDA,-6.372841,106.832714,"Jl. Kemang Raya No. 5, RT 09/RW 04",Depok,-6.43139,106.852448,-6.415823,106.847111,2026-09-18,21:59:00,22:20:00,7.7,28x17x28,Standard,N/A,Gerimis,Lancar,Van,In_Transit,2026-09-20 22:20:00,2880,470,SAFE,Pakaian
100024001120,Next Day,STR-JKT-004,Hendra Wijaya,HUB-JAKUT-SUNTER,-6.138472,106.865419,"Jl. Ir. H. Djuanda No. 120, RT 02/RW 07",Jakarta Utara,-6.129301,106.878052,-6.134928,106.871741,2026-09-19,13:36:00,14:35:00,4.2,40x26x30,Standard,N/A,Hujan Deras,Padat,Van,In_Transit,2026-09-20 14:35:00,1440,5,HIGH_RISK,Sepatu
100024001121,Regular,STR-JKT-001,Budi Santoso,HUB-JAKSEL-TEBET,-6.225588,106.855324,"Jl. Sudirman No. 45, RT 02/RW 05",Jakarta Selatan,-6.225994,106.814475,-6.228332,106.846603,2026-09-20,05:10:00,05:32:00,8.5,19x22x18,Standard,N/A,Berawan,Macet Total,Motorcycle,In_Transit,2026-09-21 05:32:00,1440,902,SAFE,Olahraga
100024001122,Regular,STR-TGR-001,Rian Kusuma,HUB-JAKUT-SUNTER,-6.138472,106.865419,"Jl. Senopati No. 18, RT 06/RW 05",Jakarta Utara,-6.15272,106.822923,-6.146573,106.835845,2026-09-20,09:56:00,10:49:00,12.7,24x21x22,Standard,N/A,Hujan Deras,Sedang,Motorcycle,In_Transit,2026-09-21 10:49:00,1440,1219,SAFE,Elektronik
100024001123,Regular,STR-TGR-002,Surya Darma,HUB-SBY-GUBENG,-7.265412,112.752189,"Jl. Raya Darmo No. 55, RT 05/RW 09",Surabaya,-7.214932,112.764597,-7.228995,112.761233,2026-09-19,16:54:00,17:48:00,10.6,27x19x28,Standard,N/A,Hujan Deras,Lancar,Van,In_Transit,2026-09-20 17:48:00,1440,198,SAFE,Kecantikan
100024001124,Frozen,STR-JKT-003,Rizky Pratama,HUB-JAKSEL-TEBET,-6.225588,106.855324,"Jl. M.H. Thamrin No. 12, RT 02/RW 07",Jakarta Selatan,-6.237951,106.909785,-6.230411,106.872641,2026-09-20,06:05:00,06:37:00,5.1,27x23x16,Cold_Chain_-2_to_5C,5.7,Hujan Deras,Padat,Motorcycle,In_Transit,2026-09-20 14:37:00,480,7,HIGH_RISK,Makanan Beku
100024001125,PHARMA,STR-DPK-001,Indra Gunawan,HUB-BKS-HARAPANINDAH,-6.180215,106.984211,"Jl. H.R. Rasuna Said No. 8, RT 05/RW 01",Bekasi,-6.133563,107.006162,-6.165405,106.990856,2026-09-20,20:53:00,21:42:00,0.81,17x16x17,BPOM_Pharma,15.3,Berawan,Lancar,Motorcycle,In_Transit,2026-09-21 09:42:00,720,1152,SAFE,Obat Resep
100024001126,Same Day,STR-JKT-012,Wahyu Hidayat,HUB-JAKUT-SUNTER,-6.138472,106.865419,"Jl. Pemuda No. 71, RT 03/RW 01",Jakarta Utara,-6.127504,106.894872,-6.134239,106.880654,2026-09-20,06:25:00,06:58:00,6.5,16x12x11,Same_Day_Priority,N/A,Gerimis,Padat,Motorcycle,In_Transit,2026-09-20 14:58:00,480,28,MEDIUM_RISK,Kosmetik
100024001127,Frozen,STR-JKT-013,Gilang Permana,HUB-JAKPUS-TANAHABANG,-6.187841,106.814327,"Jl. TB Simatupang No. 30, RT 01/RW 04",Jakarta Pusat,-6.221747,106.869672,-6.216293,106.857401,2026-09-20,08:58:00,09:37:00,11.8,23x30x18,Cold_Chain_-2_to_5C,4.0,Cerah,Sedang,Van,In_Transit,2026-09-20 17:37:00,480,187,SAFE,Daging & Seafood
100024001128,Same Day,STR-JKT-014,Ilham Saputra,HUB-DPK-MARGONDA,-6.372841,106.832714,"Jl. TB Simatupang No. 30, RT 02/RW 05",Depok,-6.428998,106.860979,-6.384688,106.836883,2026-09-20,07:18:00,07:38:00,4.8,15x15x12,Same_Day_Priority,N/A,Hujan Deras,Lancar,Motorcycle,In_Transit,2026-09-20 15:38:00,480,68,SAFE,Snack & Makanan Kering
100024001129,Mini Cargo,STR-TGR-002,Surya Darma,HUB-DPK-MARGONDA,-6.372841,106.832714,"Jl. Basuki Rahmat No. 40, RT 04/RW 07",Depok,-6.323689,106.804584,-6.360857,106.826986,2026-09-20,07:34:00,08:29:00,10.8,32x32x37,Bulky_UMKM,N/A,Cerah,Lancar,Van,In_Transit,2026-09-21 08:29:00,1440,1079,SAFE,Paket UMKM
100024001130,Instant,STR-JKT-011,Doni Kurniawan,HUB-JAKBAR-KEBONJERUK,-6.189512,106.769941,"Jl. TB Simatupang No. 30, RT 02/RW 06",Jakarta Barat,-6.167445,106.752994,-6.171123,106.756133,2026-09-20,13:24:00,13:43:00,1.2,11x23x18,Instant_Direct,N/A,Cerah,Lancar,Motorcycle,In_Transit,2026-09-20 16:43:00,180,133,SAFE,Minuman Segar
100024001131,Same Day,STR-JKT-014,Ilham Saputra,HUB-TGR-BSD,-6.302143,106.652194,"Jl. Gatot Subroto Kav. 22, RT 01/RW 03",Tangerang Selatan,-6.324944,106.721962,-6.307428,106.672668,2026-09-20,16:02:00,16:44:00,4.3,34x29x18,Same_Day_Priority,N/A,Cerah,Padat,Motorcycle,In_Transit,2026-09-21 00:44:00,480,614,SAFE,Snack & Makanan Kering
100024001132,Same Day,STR-JKT-011,Doni Kurniawan,HUB-SBY-GUBENG,-7.265412,112.752189,"Jl. Ahmad Yani No. 102, RT 07/RW 08",Surabaya,-7.197936,112.765893,-7.211763,112.761292,2026-09-21,04:48:00,05:43:00,5.6,24x14x15,Same_Day_Priority,N/A,Gerimis,Lancar,Motorcycle,Assigned,2026-09-21 13:43:00,480,1393,SAFE,Gadget & Aksesoris
100024001133,Next Day,STR-JKT-011,Doni Kurniawan,HUB-BKS-HARAPANINDAH,-6.180215,106.984211,"Jl. Sudirman No. 45, RT 08/RW 01",Bekasi,-6.193626,107.02067,-6.18642,106.997463,2026-09-19,16:58:00,17:54:00,1.6,22x10x22,Standard,N/A,Cerah,Macet Total,Motorcycle,Delivered,2026-09-20 17:54:00,1440,204,SAFE,Mainan Anak
100024001134,Same Day,STR-JKT-002,Agus Prayitno,HUB-JAKTIM-RAWAMANGUN,-6.194218,106.883905,"Jl. Sudirman No. 45, RT 01/RW 07",Jakarta Timur,-6.227723,106.924148,-6.209583,106.901979,2026-09-21,02:51:00,03:32:00,3.7,32x14x10,Same_Day_Priority,N/A,Cerah,Lancar,Motorcycle,In_Transit,2026-09-21 11:32:00,480,1262,SAFE,Gadget & Aksesoris
100024001135,Next Day,STR-JKT-013,Gilang Permana,HUB-JAKBAR-KEBONJERUK,-6.189512,106.769941,"Jl. TB Simatupang No. 30, RT 03/RW 03",Jakarta Barat,-6.242472,106.821766,-6.224069,106.7995,2026-09-19,23:54:00,00:46:00,8.7,31x16x21,Standard,N/A,Cerah,Lancar,Van,In_Transit,2026-09-21 00:46:00,1440,616,SAFE,Mainan Anak
100024001136,Regular,STR-JKT-013,Gilang Permana,HUB-JAKUT-SUNTER,-6.138472,106.865419,"Jl. Kebon Jeruk Raya No. 88, RT 06/RW 02",Jakarta Utara,-6.195554,106.8971,-6.169466,106.884278,2026-09-17,22:41:00,23:29:00,3.2,39x24x14,Standard,N/A,Cerah,Lancar,Van,In_Transit,2026-09-20 23:29:00,4320,539,SAFE,Elektronik
100024001137,PHARMA,STR-TGR-002,Surya Darma,HUB-JAKSEL-TEBET,-6.225588,106.855324,"Jl. Raya Pajajaran No. 9, RT 09/RW 01",Jakarta Selatan,-6.184772,106.846459,-6.214903,106.854254,2026-09-20,06:20:00,06:56:00,0.44,17x10x14,BPOM_Pharma,20.6,Cerah,Lancar,Van,In_Transit,2026-09-21 06:56:00,1440,986,SAFE,Alat Kesehatan
100024001138,Regular,STR-JKT-005,Eko Prasetyo,HUB-TGR-BSD,-6.302143,106.652194,"Jl. Panjang No. 14, RT 05/RW 08",Tangerang Selatan,-6.250121,106.599869,-6.265021,106.614005,2026-09-18,05:45:00,06:35:00,8.4,20x12x30,Standard,N/A,Cerah,Padat,Motorcycle,Delivered,2026-09-21 06:35:00,4320,965,SAFE,Olahraga
100024001139,Regular,STR-BKS-001,Aditya Putra,HUB-BKS-HARAPANINDAH,-6.180215,106.984211,"Jl. Sudirman No. 45, RT 04/RW 08",Bekasi,-6.219133,106.96242,-6.212431,106.967236,2026-09-19,18:26:00,19:01:00,4.0,22x22x29,Standard,N/A,Berawan,Lancar,Motorcycle,Assigned,2026-09-20 19:01:00,1440,271,SAFE,Olahraga
100024001140,Next Day,STR-TGR-002,Surya Darma,HUB-TGR-BSD,-6.302143,106.652194,"Jl. Ir. H. Djuanda No. 120, RT 05/RW 03",Tangerang Selatan,-6.244048,106.691989,-6.270503,106.676273,2026-09-19,14:18:00,15:06:00,5.9,16x19x21,Standard,N/A,Berawan,Sedang,Van,In_Transit,2026-09-20 15:06:00,1440,36,SAFE,Sepatu
100024001141,Next Day,STR-BKS-001,Aditya Putra,HUB-JAKSEL-TEBET,-6.225588,106.855324,"Jl. Juanda No. 34, RT 05/RW 06",Jakarta Selatan,-6.242771,106.887228,-6.233316,106.86723,2026-09-19,15:59:00,16:33:00,4.4,22x23x27,Standard,N/A,Cerah,Lancar,Motorcycle,In_Transit,2026-09-20 16:33:00,1440,123,SAFE,Pakaian
100024001142,Next Day,STR-JKT-006,Fajar Ramadhan,HUB-JAKTIM-RAWAMANGUN,-6.194218,106.883905,"Jl. Basuki Rahmat No. 40, RT 03/RW 07",Jakarta Timur,-6.214138,106.902808,-6.206179,106.894853,2026-09-20,00:24:00,01:22:00,3.6,40x10x27,Standard,N/A,Cerah,Padat,Van,In_Transit,2026-09-21 01:22:00,1440,652,SAFE,Elektronik Kecil
100024001143,Cargo,STR-JKT-006,Fajar Ramadhan,HUB-JAKUT-SUNTER,-6.138472,106.865419,"Jl. TB Simatupang No. 30, RT 05/RW 02",Jakarta Utara,-6.184097,106.837626,-6.148277,106.858637,2026-09-18,02:29:00,02:45:00,123.6,71x60x108,Heavy_Cargo,N/A,Cerah,Padat,Van,In_Transit,2026-09-21 02:45:00,4320,735,SAFE,Otomotif & Mesin
100024001144,Mini Cargo,STR-JKT-006,Fajar Ramadhan,HUB-SBY-GUBENG,-7.265412,112.752189,"Jl. Kemang Raya No. 5, RT 04/RW 03",Surabaya,-7.222153,112.684281,-7.251305,112.726178,2026-09-19,02:08:00,02:37:00,35.7,57x27x30,Bulky_UMKM,N/A,Berawan,Lancar,Van,In_Transit,2026-09-21 02:37:00,2880,727,SAFE,Tekstil & Garmen
100024001145,Regular,STR-JKT-001,Budi Santoso,HUB-JAKTIM-RAWAMANGUN,-6.194218,106.883905,"Jl. Juanda No. 34, RT 03/RW 02",Jakarta Timur,-6.179504,106.868828,-6.18155,106.872695,2026-09-19,19:49:00,20:26:00,4.7,28x24x27,Standard,N/A,Berawan,Padat,Motorcycle,In_Transit,2026-09-20 20:26:00,1440,356,SAFE,Elektronik
100024001146,Instant,STR-TGR-001,Rian Kusuma,HUB-BKS-HARAPANINDAH,-6.180215,106.984211,"Jl. TB Simatupang No. 30, RT 06/RW 01",Bekasi,-6.196672,106.943599,-6.190567,106.953092,2026-09-20,16:56:00,17:13:00,0.4,27x21x5,Instant_Direct,N/A,Berawan,Sedang,Motorcycle,In_Transit,2026-09-20 19:13:00,120,283,SAFE,Minuman Segar
100024001147,Dokumen,STR-BKS-001,Aditya Putra,HUB-JAKSEL-TEBET,-6.225588,106.855324,"Jl. Basuki Rahmat No. 40, RT 08/RW 02",Jakarta Selatan,-6.280714,106.818834,-6.244012,106.841984,2026-09-18,14:27:00,15:09:00,1.01,35x25x2,Secure_Document_Pouch,N/A,Cerah,Lancar,Motorcycle,In_Transit,2026-09-20 15:09:00,2880,39,SAFE,Dokumen Penting
100024001148,Regular,STR-JKT-005,Eko Prasetyo,HUB-TGR-BSD,-6.302143,106.652194,"Jl. Boulevard Barat Kelapa Gading, RT 06/RW 05",Tangerang Selatan,-6.319423,106.682706,-6.308178,106.662852,2026-09-17,13:44:00,14:13:00,3.6,24x21x16,Standard,N/A,Hujan Deras,Padat,Motorcycle,In_Transit,2026-09-20 14:13:00,4320,-17,BREACHED,Elektronik
100024001149,Same Day,STR-JKT-011,Doni Kurniawan,HUB-DPK-MARGONDA,-6.372841,106.832714,"Jl. Juanda No. 34, RT 05/RW 04",Depok,-6.377675,106.872172,-6.377457,106.859117,2026-09-20,10:21:00,11:07:00,1.8,34x13x12,Same_Day_Priority,N/A,Berawan,Padat,Motorcycle,In_Transit,2026-09-20 19:07:00,480,277,SAFE,Gadget & Aksesoris
100024001150,Same Day,STR-DPK-001,Indra Gunawan,HUB-BKS-HARAPANINDAH,-6.180215,106.984211,"Jl. Gatot Subroto Kav. 22, RT 03/RW 01",Bekasi,-6.202618,106.962455,-6.193019,106.972472,2026-09-20,11:38:00,12:32:00,2.6,32x11x23,Same_Day_Priority,N/A,Berawan,Padat,Motorcycle,In_Transit,2026-09-20 20:32:00,480,362,SAFE,Pakaian
100024001151,Regular,STR-DPK-001,Indra Gunawan,HUB-JAKBAR-KEBONJERUK,-6.189512,106.769941,"Jl. BSD Raya Utama Blok A2, RT 08/RW 07",Jakarta Barat,-6.164988,106.754652,-6.174007,106.760598,2026-09-19,14:13:00,14:52:00,2.1,26x28x14,Standard,N/A,Cerah,Lancar,Motorcycle,Assigned,2026-09-20 14:52:00,1440,22,MEDIUM_RISK,Pakaian
100024001152,Next Day,STR-JKT-013,Gilang Permana,HUB-JAKUT-SUNTER,-6.138472,106.865419,"Jl. TB Simatupang No. 30, RT 05/RW 04",Jakarta Utara,-6.117875,106.846888,-6.132213,106.857276,2026-09-19,12:47:00,13:46:00,7.8,22x28x27,Standard,N/A,Banjir,Sedang,Van,In_Transit,2026-09-20 13:46:00,1440,-44,BREACHED,Mainan Anak
100024001153,Regular,STR-JKT-011,Doni Kurniawan,HUB-JAKBAR-KEBONJERUK,-6.189512,106.769941,"Jl. BSD Raya Utama Blok A2, RT 07/RW 04",Jakarta Barat,-6.230507,106.736292,-6.204597,106.756791,2026-09-18,14:03:00,14:39:00,1.8,36x27x16,Standard,N/A,Hujan Deras,Padat,Motorcycle,In_Transit,2026-09-20 14:39:00,2880,9,HIGH_RISK,Kecantikan
100024001154,PHARMA,STR-JKT-009,Aris Munandar,HUB-TGR-BSD,-6.302143,106.652194,"Jl. Sudirman No. 45, RT 07/RW 06",Tangerang Selatan,-6.246771,106.710903,-6.290866,106.668405,2026-09-20,02:23:00,02:58:00,7.4,22x15x11,BPOM_Pharma,19.4,Cerah,Lancar,Van,Assigned,2026-09-20 14:58:00,720,28,MEDIUM_RISK,Obat Resep
100024001155,Regular,STR-JKT-006,Fajar Ramadhan,HUB-JAKPUS-TANAHABANG,-6.187841,106.814327,"Jl. Basuki Rahmat No. 40, RT 08/RW 07",Jakarta Pusat,-6.18938,106.861146,-6.189912,106.844903,2026-09-20,05:52:00,06:08:00,2.7,40x28x19,Standard,N/A,Cerah,Sedang,Van,In_Transit,2026-09-21 06:08:00,1440,938,SAFE,Perlengkapan Rumah
100024001156,Instant,STR-JKT-014,Ilham Saputra,HUB-TGR-BSD,-6.302143,106.652194,"Jl. Ir. H. Djuanda No. 120, RT 06/RW 02",Tangerang Selatan,-6.371329,106.640053,-6.318393,106.648233,2026-09-20,11:52:00,12:46:00,4.4,25x15x12,Instant_Direct,N/A,Gerimis,Sedang,Motorcycle,In_Transit,2026-09-20 14:46:00,120,16,MEDIUM_RISK,Obat Darurat
100024001157,Cargo,STR-BKS-002,Bambang Sudrajat,HUB-JAKUT-SUNTER,-6.138472,106.865419,"Jl. Margonda Raya No. 150, RT 06/RW 01",Jakarta Utara,-6.112598,106.83312,-6.134297,106.855105,2026-09-18,14:14:00,14:51:00,281.2,94x99x159,Heavy_Cargo,N/A,Cerah,Sedang,Cargo_Truck,Assigned,2026-09-20 14:51:00,2880,21,MEDIUM_RISK,Elektronik Besar
100024001158,Dokumen,STR-DPK-001,Indra Gunawan,HUB-DPK-MARGONDA,-6.372841,106.832714,"Jl. M.H. Thamrin No. 12, RT 08/RW 01",Depok,-6.322725,106.781886,-6.361128,106.822144,2026-09-18,14:25:00,14:49:00,1.28,35x25x2,Secure_Document_Pouch,N/A,Cerah,Sedang,Motorcycle,In_Transit,2026-09-20 14:49:00,2880,19,MEDIUM_RISK,Dokumen Penting
100024001159,Regular,STR-JKT-009,Aris Munandar,HUB-JAKTIM-RAWAMANGUN,-6.194218,106.883905,"Jl. BSD Raya Utama Blok A2, RT 08/RW 07",Jakarta Timur,-6.16714,106.94361,-6.178294,106.919447,2026-09-20,05:54:00,06:16:00,10.2,40x26x23,Standard,N/A,Cerah,Lancar,Van,In_Transit,2026-09-21 06:16:00,1440,946,SAFE,Elektronik
100024001160,Regular,STR-JKT-008,Bayu Nugroho,HUB-JAKTIM-RAWAMANGUN,-6.194218,106.883905,"Jl. Pemuda No. 71, RT 09/RW 05",Jakarta Timur,-6.260429,106.946786,-6.204092,106.89655,2026-09-17,13:45:00,14:36:00,3.3,39x16x23,Standard,N/A,Hujan Deras,Macet Total,Motorcycle,In_Transit,2026-09-20 14:36:00,4320,6,HIGH_RISK,Kecantikan
100024001161,Frozen,STR-JKT-009,Aris Munandar,HUB-BDG-BATUNUNGGAL,-6.953812,107.627419,"Jl. Gatot Subroto Kav. 22, RT 04/RW 07",Bandung,-7.000518,107.694243,-6.979048,107.664057,2026-09-20,05:34:00,06:06:00,10.7,39x19x15,Cold_Chain_-2_to_5C,4.0,Hujan Deras,Sedang,Van,In_Transit,2026-09-20 14:06:00,480,-24,BREACHED,Makanan Hewan
100024001162,Mini Cargo,STR-JKT-003,Rizky Pratama,HUB-JAKBAR-KEBONJERUK,-6.189512,106.769941,"Jl. Raya Darmo No. 55, RT 04/RW 06",Jakarta Barat,-6.13812,106.720321,-6.157859,106.738468,2026-09-18,13:49:00,14:26:00,8.1,40x34x32,Bulky_UMKM,N/A,Banjir,Macet Total,Motorcycle,Incident_Reported,2026-09-20 14:26:00,2880,-4,BREACHED,Paket UMKM
100024001163,Next Day,STR-JKT-003,Rizky Pratama,HUB-JAKSEL-TEBET,-6.225588,106.855324,"Jl. M.H. Thamrin No. 12, RT 05/RW 05",Jakarta Selatan,-6.219863,106.792154,-6.219513,106.80423,2026-09-19,16:12:00,17:10:00,3.8,27x26x20,Standard,N/A,Cerah,Lancar,Motorcycle,In_Transit,2026-09-20 17:10:00,1440,160,SAFE,Pakaian
100024001164,Same Day,STR-JKT-012,Wahyu Hidayat,HUB-BDG-BATUNUNGGAL,-6.953812,107.627419,"Jl. Ahmad Yani No. 102, RT 06/RW 09",Bandung,-6.935009,107.571843,-6.945909,107.597907,2026-09-20,05:25:00,05:47:00,3.9,25x22x19,Same_Day_Priority,N/A,Hujan Deras,Lancar,Motorcycle,In_Transit,2026-09-20 13:47:00,480,-43,BREACHED,Gadget & Aksesoris
100024001165,Mini Cargo,STR-JKT-004,Hendra Wijaya,HUB-BDG-BATUNUNGGAL,-6.953812,107.627419,"Jl. H.R. Rasuna Said No. 8, RT 07/RW 09",Bandung,-6.987095,107.570188,-6.983182,107.584023,2026-09-19,12:19:00,13:07:00,19.1,33x36x36,Bulky_UMKM,N/A,Berawan,Sedang,Van,Delivered,2026-09-21 13:07:00,2880,1357,SAFE,Sparepart Motor
100024001166,Regular,STR-JKT-013,Gilang Permana,HUB-SBY-GUBENG,-7.265412,112.752189,"Jl. Asia Afrika No. 80, RT 04/RW 04",Surabaya,-7.255432,112.797913,-7.262085,112.772797,2026-09-19,14:16:00,14:47:00,13.0,25x27x16,Standard,N/A,Cerah,Lancar,Van,In_Transit,2026-09-20 14:47:00,1440,17,MEDIUM_RISK,Perlengkapan Rumah
100024001167,Next Day,STR-JKT-004,Hendra Wijaya,HUB-SBY-GUBENG,-7.265412,112.752189,"Jl. Kebon Jeruk Raya No. 88, RT 04/RW 09",Surabaya,-7.286723,112.72799,-7.278862,112.735088,2026-09-19,14:33:00,14:50:00,4.9,39x25x20,Standard,N/A,Cerah,Sedang,Van,In_Transit,2026-09-20 14:50:00,1440,20,MEDIUM_RISK,Mainan Anak
100024001168,Same Day,STR-JKT-014,Ilham Saputra,HUB-JAKUT-SUNTER,-6.138472,106.865419,"Jl. Kemang Raya No. 5, RT 01/RW 03",Jakarta Utara,-6.078408,106.855305,-6.106862,106.857495,2026-09-20,18:08:00,18:43:00,1.7,27x23x17,Same_Day_Priority,N/A,Cerah,Padat,Motorcycle,In_Transit,2026-09-21 02:43:00,480,733,SAFE,Snack & Makanan Kering
100024001169,Same Day,STR-BKS-001,Aditya Putra,HUB-JAKSEL-TEBET,-6.225588,106.855324,"Jl. Kebon Jeruk Raya No. 88, RT 01/RW 09",Jakarta Selatan,-6.272543,106.802933,-6.246992,106.828032,2026-09-20,12:45:00,13:35:00,6.5,19x10x24,Same_Day_Priority,N/A,Gerimis,Lancar,Motorcycle,Assigned,2026-09-20 21:35:00,480,425,SAFE,Kosmetik
100024001170,Mini Cargo,STR-JKT-008,Bayu Nugroho,HUB-DPK-MARGONDA,-6.372841,106.832714,"Jl. Asia Afrika No. 80, RT 05/RW 03",Depok,-6.331771,106.828394,-6.337535,106.82698,2026-09-20,07:05:00,07:29:00,4.5,49x26x20,Bulky_UMKM,N/A,Berawan,Padat,Motorcycle,In_Transit,2026-09-21 07:29:00,1440,1019,SAFE,Sparepart Motor
100024001171,Mini Cargo,STR-TGR-002,Surya Darma,HUB-JAKUT-SUNTER,-6.138472,106.865419,"Jl. M.H. Thamrin No. 12, RT 06/RW 08",Jakarta Utara,-6.188758,106.836747,-6.157933,106.856359,2026-09-20,13:02:00,13:41:00,35.8,51x43x38,Bulky_UMKM,N/A,Cerah,Sedang,Van,In_Transit,2026-09-21 13:41:00,1440,1391,SAFE,Sparepart Motor
100024001172,Instant,STR-JKT-011,Doni Kurniawan,HUB-TGR-BSD,-6.302143,106.652194,"Jl. BSD Raya Utama Blok A2, RT 09/RW 04",Tangerang Selatan,-6.26408,106.638563,-6.285528,106.646449,2026-09-20,12:09:00,12:53:00,0.9,19x14x17,Instant_Direct,N/A,Cerah,Sedang,Motorcycle,In_Transit,2026-09-20 14:53:00,120,23,MEDIUM_RISK,Obat Darurat
100024001173,Frozen,STR-JKT-003,Rizky Pratama,HUB-JAKTIM-RAWAMANGUN,-6.194218,106.883905,"Jl. Sudirman No. 45, RT 08/RW 01",Jakarta Timur,-6.246412,106.826259,-6.206271,106.875098,2026-09-20,16:11:00,16:47:00,9.3,30x30x18,Cold_Chain_-2_to_5C,3.9,Cerah,Lancar,Motorcycle,In_Transit,2026-09-21 00:47:00,480,617,SAFE,Makanan Beku
100024001174,Dokumen,STR-JKT-014,Ilham Saputra,HUB-JAKSEL-TEBET,-6.225588,106.855324,"Jl. M.H. Thamrin No. 12, RT 03/RW 07",Jakarta Selatan,-6.285894,106.884561,-6.273515,106.875508,2026-09-19,09:43:00,10:36:00,1.37,35x25x2,Secure_Document_Pouch,N/A,Berawan,Sedang,Motorcycle,In_Transit,2026-09-21 10:36:00,2880,1206,SAFE,Dokumen Penting
100024001175,Next Day,STR-JKT-011,Doni Kurniawan,HUB-JAKPUS-TANAHABANG,-6.187841,106.814327,"Jl. Gatot Subroto Kav. 22, RT 03/RW 02",Jakarta Pusat,-6.226949,106.78479,-6.209164,106.799502,2026-09-20,04:17:00,04:50:00,4.2,37x26x23,Standard,N/A,Cerah,Lancar,Motorcycle,In_Transit,2026-09-21 04:50:00,1440,860,SAFE,Buku
100024001176,Regular,STR-JKT-011,Doni Kurniawan,HUB-JAKTIM-RAWAMANGUN,-6.194218,106.883905,"Jl. Margonda Raya No. 150, RT 07/RW 06",Jakarta Timur,-6.261006,106.842979,-6.245597,106.851924,2026-09-18,14:34:00,14:49:00,12.9,33x15x25,Standard,N/A,Cerah,Sedang,Motorcycle,In_Transit,2026-09-20 14:49:00,2880,19,MEDIUM_RISK,Elektronik
100024001177,Regular,STR-JKT-005,Eko Prasetyo,HUB-JAKTIM-RAWAMANGUN,-6.194218,106.883905,"Jl. Sudirman No. 45, RT 06/RW 02",Jakarta Timur,-6.261307,106.868662,-6.207787,106.882567,2026-09-18,09:52:00,10:10:00,7.6,18x22x30,Standard,N/A,Berawan,Lancar,Motorcycle,Assigned,2026-09-21 10:10:00,4320,1180,SAFE,Elektronik
100024001178,Dokumen,STR-JKT-001,Budi Santoso,HUB-JAKPUS-TANAHABANG,-6.187841,106.814327,"Jl. Basuki Rahmat No. 40, RT 04/RW 01",Jakarta Pusat,-6.119472,106.789165,-6.156514,106.801443,2026-09-18,13:39:00,14:32:00,0.84,35x25x2,Secure_Document_Pouch,N/A,Cerah,Lancar,Motorcycle,In_Transit,2026-09-20 14:32:00,2880,2,HIGH_RISK,Dokumen Penting
100024001179,Regular,STR-JKT-003,Rizky Pratama,HUB-DPK-MARGONDA,-6.372841,106.832714,"Jl. M.H. Thamrin No. 12, RT 03/RW 09",Depok,-6.369895,106.864511,-6.371871,106.857446,2026-09-17,22:28:00,22:57:00,5.2,34x15x29,Standard,N/A,Cerah,Macet Total,Motorcycle,In_Transit,2026-09-20 22:57:00,4320,507,SAFE,Pakaian
100024001180,Same Day,STR-DPK-001,Indra Gunawan,HUB-JAKPUS-TANAHABANG,-6.187841,106.814327,"Jl. Ir. H. Djuanda No. 120, RT 01/RW 09",Jakarta Pusat,-6.169171,106.802729,-6.182262,106.811232,2026-09-20,08:54:00,09:53:00,3.3,17x21x19,Same_Day_Priority,N/A,Cerah,Lancar,Motorcycle,Delivered,2026-09-20 17:53:00,480,203,SAFE,Gadget & Aksesoris
100024001181,Cargo,STR-JKT-004,Hendra Wijaya,HUB-JAKSEL-TEBET,-6.225588,106.855324,"Jl. Gatot Subroto Kav. 22, RT 01/RW 06",Jakarta Selatan,-6.173534,106.912914,-6.206792,106.875022,2026-09-17,21:36:00,22:19:00,251.9,77x71x169,Heavy_Cargo,N/A,Berawan,Sedang,Van,In_Transit,2026-09-20 22:19:00,4320,469,SAFE,Furnitur
100024001182,Same Day,STR-JKT-002,Agus Prayitno,HUB-JAKTIM-RAWAMANGUN,-6.194218,106.883905,"Jl. Basuki Rahmat No. 40, RT 04/RW 08",Jakarta Timur,-6.250965,106.895739,-6.208837,106.887717,2026-09-20,18:27:00,19:14:00,3.1,30x23x25,Same_Day_Priority,N/A,Berawan,Sedang,Motorcycle,In_Transit,2026-09-21 03:14:00,480,764,SAFE,Pakaian
100024001183,Same Day,STR-DPK-001,Indra Gunawan,HUB-JAKTIM-RAWAMANGUN,-6.194218,106.883905,"Jl. Ir. H. Djuanda No. 120, RT 09/RW 06",Jakarta Timur,-6.17207,106.889882,-6.176585,106.887228,2026-09-20,05:44:00,06:26:00,1.5,27x15x15,Same_Day_Priority,N/A,Gerimis,Macet Total,Motorcycle,In_Transit,2026-09-20 14:26:00,480,-4,BREACHED,Kosmetik
100024001184,Next Day,STR-JKT-009,Aris Munandar,HUB-BDG-BATUNUNGGAL,-6.953812,107.627419,"Jl. BSD Raya Utama Blok A2, RT 06/RW 03",Bandung,-7.022245,107.655312,-6.972543,107.632919,2026-09-19,14:10:00,14:45:00,8.2,33x27x13,Standard,N/A,Cerah,Sedang,Van,In_Transit,2026-09-20 14:45:00,1440,15,MEDIUM_RISK,Sepatu
100024001185,Next Day,STR-JKT-003,Rizky Pratama,HUB-DPK-MARGONDA,-6.372841,106.832714,"Jl. Ir. H. Djuanda No. 120, RT 04/RW 09",Depok,-6.42152,106.807894,-6.400723,106.817288,2026-09-20,08:35:00,09:14:00,9.2,24x13x24,Standard,N/A,Cerah,Lancar,Motorcycle,In_Transit,2026-09-21 09:14:00,1440,1124,SAFE,Pakaian
100024001186,Next Day,STR-JKT-012,Wahyu Hidayat,HUB-JAKPUS-TANAHABANG,-6.187841,106.814327,"Jl. BSD Raya Utama Blok A2, RT 06/RW 02",Jakarta Pusat,-6.177809,106.877803,-6.182616,106.832206,2026-09-20,05:51:00,06:08:00,5.5,16x11x30,Standard,N/A,Cerah,Lancar,Motorcycle,In_Transit,2026-09-21 06:08:00,1440,938,SAFE,Elektronik Kecil
100024001187,Instant,STR-JKT-003,Rizky Pratama,HUB-JAKUT-SUNTER,-6.138472,106.865419,"Jl. Raya Pajajaran No. 9, RT 06/RW 08",Jakarta Utara,-6.170704,106.89398,-6.144702,106.873688,2026-09-21,08:32:00,09:27:00,3.0,10x13x8,Instant_Direct,N/A,Cerah,Lancar,Motorcycle,In_Transit,2026-09-21 12:27:00,180,1317,SAFE,Minuman Segar
100024001188,Instant,STR-BKS-001,Aditya Putra,HUB-BKS-HARAPANINDAH,-6.180215,106.984211,"Jl. BSD Raya Utama Blok A2, RT 06/RW 03",Bekasi,-6.133229,106.919269,-6.163685,106.964772,2026-09-20,18:21:00,18:36:00,1.2,13x10x17,Instant_Direct,N/A,Cerah,Lancar,Motorcycle,Assigned,2026-09-20 20:36:00,120,366,SAFE,Minuman Segar
100024001189,Next Day,STR-JKT-012,Wahyu Hidayat,HUB-JAKPUS-TANAHABANG,-6.187841,106.814327,"Jl. Margonda Raya No. 150, RT 03/RW 05",Jakarta Pusat,-6.255067,106.763381,-6.212202,106.796662,2026-09-20,09:44:00,10:40:00,9.9,37x20x25,Standard,N/A,Cerah,Lancar,Motorcycle,Assigned,2026-09-21 10:40:00,1440,1210,SAFE,Pakaian
100024001190,Same Day,STR-JKT-011,Doni Kurniawan,HUB-SBY-GUBENG,-7.265412,112.752189,"Jl. BSD Raya Utama Blok A2, RT 09/RW 08",Surabaya,-7.283965,112.73931,-7.278309,112.740551,2026-09-20,18:30:00,19:26:00,1.9,25x12x18,Same_Day_Priority,N/A,Berawan,Lancar,Motorcycle,In_Transit,2026-09-21 03:26:00,480,776,SAFE,Gadget & Aksesoris
100024001191,Next Day,STR-JKT-014,Ilham Saputra,HUB-BDG-BATUNUNGGAL,-6.953812,107.627419,"Jl. Panjang No. 14, RT 09/RW 04",Bandung,-6.93104,107.616056,-6.935527,107.619335,2026-09-20,09:29:00,10:15:00,6.7,28x30x15,Standard,N/A,Berawan,Lancar,Motorcycle,In_Transit,2026-09-21 10:15:00,1440,1185,SAFE,Buku
100024001192,Frozen,STR-JKT-004,Hendra Wijaya,HUB-JAKUT-SUNTER,-6.138472,106.865419,"Jl. Boulevard Barat Kelapa Gading, RT 09/RW 08",Jakarta Utara,-6.13601,106.829066,-6.137074,106.858985,2026-09-20,05:35:00,06:17:00,9.4,40x28x21,Cold_Chain_-2_to_5C,7.5,Banjir,Sedang,Van,Incident_Reported,2026-09-20 14:17:00,480,-13,BREACHED,Buah & Sayuran Segar
100024001193,Dokumen,STR-JKT-001,Budi Santoso,HUB-BDG-BATUNUNGGAL,-6.953812,107.627419,"Jl. Boulevard Barat Kelapa Gading, RT 01/RW 03",Bandung,-7.019378,107.560748,-6.998045,107.585425,2026-09-19,04:19:00,04:46:00,0.17,35x25x2,Secure_Document_Pouch,N/A,Cerah,Sedang,Motorcycle,In_Transit,2026-09-21 04:46:00,2880,856,SAFE,Dokumen Penting
100024001194,PHARMA,STR-JKT-002,Agus Prayitno,HUB-SBY-GUBENG,-7.265412,112.752189,"Jl. Raya Pajajaran No. 9, RT 03/RW 06",Surabaya,-7.229224,112.761589,-7.242648,112.760673,2026-09-20,14:30:00,14:52:00,2.28,15x11x16,BPOM_Pharma,18.0,Berawan,Macet Total,Motorcycle,In_Transit,2026-09-21 02:52:00,720,742,SAFE,Obat Resep
100024001195,Dokumen,STR-DPK-001,Indra Gunawan,HUB-JAKSEL-TEBET,-6.225588,106.855324,"Jl. Kemang Raya No. 5, RT 06/RW 04",Jakarta Selatan,-6.253602,106.833414,-6.239936,106.839512,2026-09-18,18:52:00,19:50:00,1.06,35x25x2,Secure_Document_Pouch,N/A,Gerimis,Sedang,Motorcycle,In_Transit,2026-09-20 19:50:00,2880,320,SAFE,Dokumen Penting
100024001196,Regular,STR-JKT-006,Fajar Ramadhan,HUB-DPK-MARGONDA,-6.372841,106.832714,"Jl. H.R. Rasuna Said No. 8, RT 02/RW 03",Depok,-6.355979,106.879255,-6.368937,106.851795,2026-09-17,14:14:00,14:56:00,6.2,20x24x18,Standard,N/A,Berawan,Lancar,Van,Assigned,2026-09-20 14:56:00,4320,26,MEDIUM_RISK,Elektronik
100024001197,Same Day,STR-JKT-002,Agus Prayitno,HUB-JAKTIM-RAWAMANGUN,-6.194218,106.883905,"Jl. Asia Afrika No. 80, RT 04/RW 09",Jakarta Timur,-6.151361,106.862057,-6.166891,106.870022,2026-09-20,18:26:00,19:01:00,2.2,28x11x12,Same_Day_Priority,N/A,Cerah,Lancar,Motorcycle,In_Transit,2026-09-21 03:01:00,480,751,SAFE,Kosmetik
100024001198,Next Day,STR-JKT-008,Bayu Nugroho,HUB-JAKUT-SUNTER,-6.138472,106.865419,"Jl. M.H. Thamrin No. 12, RT 07/RW 03",Jakarta Utara,-6.160309,106.845466,-6.154981,106.851592,2026-09-20,09:18:00,09:38:00,2.9,23x22x13,Standard,N/A,Berawan,Lancar,Motorcycle,In_Transit,2026-09-21 09:38:00,1440,1148,SAFE,Sepatu
100024001199,Mini Cargo,STR-BKS-001,Aditya Putra,HUB-TGR-BSD,-6.302143,106.652194,"Jl. Panjang No. 14, RT 02/RW 03",Tangerang Selatan,-6.237278,106.682874,-6.256309,106.674738,2026-09-18,15:12:00,16:03:00,17.6,30x43x39,Bulky_UMKM,N/A,Cerah,Sedang,Motorcycle,In_Transit,2026-09-20 16:03:00,2880,93,SAFE,Paket UMKM
100024001200,Instant,STR-BKS-001,Aditya Putra,HUB-BKS-HARAPANINDAH,-6.180215,106.984211,"Jl. Gatot Subroto Kav. 22, RT 07/RW 08",Bekasi,-6.216545,107.024825,-6.190927,106.995997,2026-09-20,22:12:00,22:41:00,4.1,27x14x9,Instant_Direct,N/A,Cerah,Sedang,Motorcycle,In_Transit,2026-09-21 01:41:00,180,671,SAFE,Kebutuhan Pokok Cepat
100024001201,Regular,STR-JKT-012,Wahyu Hidayat,HUB-JAKTIM-RAWAMANGUN,-6.194218,106.883905,"Jl. Ir. H. Djuanda No. 120, RT 09/RW 01",Jakarta Timur,-6.1309,106.844049,-6.148109,106.856305,2026-09-20,02:09:00,02:49:00,9.9,16x14x21,Standard,N/A,Gerimis,Lancar,Motorcycle,In_Transit,2026-09-21 02:49:00,1440,739,SAFE,Olahraga
100024001202,Regular,STR-JKT-013,Gilang Permana,HUB-JAKTIM-RAWAMANGUN,-6.194218,106.883905,"Jl. Boulevard Barat Kelapa Gading, RT 06/RW 08",Jakarta Timur,-6.186801,106.923866,-6.193394,106.894339,2026-09-19,21:03:00,21:23:00,4.6,15x19x30,Standard,N/A,Berawan,Lancar,Van,In_Transit,2026-09-20 21:23:00,1440,413,SAFE,Perlengkapan Rumah
100024001203,Dokumen,STR-JKT-012,Wahyu Hidayat,HUB-JAKUT-SUNTER,-6.138472,106.865419,"Jl. M.H. Thamrin No. 12, RT 03/RW 08",Jakarta Utara,-6.17365,106.91903,-6.15043,106.884948,2026-09-19,13:21:00,14:13:00,0.31,35x25x2,Secure_Document_Pouch,N/A,Berawan,Lancar,Motorcycle,In_Transit,2026-09-21 14:13:00,2880,1423,SAFE,Dokumen Penting
100024001204,Dokumen,STR-JKT-001,Budi Santoso,HUB-DPK-MARGONDA,-6.372841,106.832714,"Jl. Juanda No. 34, RT 04/RW 03",Depok,-6.358147,106.81729,-6.363552,106.81934,2026-09-19,04:54:00,05:40:00,1.12,35x25x2,Secure_Document_Pouch,N/A,Cerah,Sedang,Motorcycle,In_Transit,2026-09-21 05:40:00,2880,910,SAFE,Dokumen Penting
100024001205,Instant,STR-JKT-003,Rizky Pratama,HUB-JAKTIM-RAWAMANGUN,-6.194218,106.883905,"Jl. Juanda No. 34, RT 04/RW 08",Jakarta Timur,-6.250505,106.890897,-6.215907,106.888618,2026-09-21,03:59:00,04:36:00,2.9,24x25x5,Instant_Direct,N/A,Cerah,Lancar,Motorcycle,Assigned,2026-09-21 07:36:00,180,1026,SAFE,Kebutuhan Pokok Cepat
100024001206,Cargo,STR-BKS-002,Bambang Sudrajat,HUB-JAKBAR-KEBONJERUK,-6.189512,106.769941,"Jl. Senopati No. 18, RT 01/RW 03",Jakarta Barat,-6.20727,106.727451,-6.19643,106.753066,2026-09-18,03:23:00,03:57:00,163.6,89x42x163,Heavy_Cargo,N/A,Berawan,Sedang,Cargo_Truck,In_Transit,2026-09-21 03:57:00,4320,807,SAFE,Furnitur
100024001207,PHARMA,STR-JKT-009,Aris Munandar,HUB-JAKTIM-RAWAMANGUN,-6.194218,106.883905,"Jl. M.H. Thamrin No. 12, RT 05/RW 01",Jakarta Timur,-6.180996,106.884325,-6.188666,106.882527,2026-09-20,09:17:00,10:06:00,5.87,24x20x11,BPOM_Pharma,17.2,Cerah,Sedang,Van,In_Transit,2026-09-20 22:06:00,720,456,SAFE,Obat Resep
100024001208,Regular,STR-JKT-006,Fajar Ramadhan,HUB-JAKPUS-TANAHABANG,-6.187841,106.814327,"Jl. Ahmad Yani No. 102, RT 02/RW 04",Jakarta Pusat,-6.141626,106.837431,-6.169037,106.82724,2026-09-19,14:19:00,14:57:00,2.5,18x17x27,Standard,N/A,Cerah,Sedang,Van,In_Transit,2026-09-20 14:57:00,1440,27,MEDIUM_RISK,Olahraga
100024001209,Regular,STR-JKT-003,Rizky Pratama,HUB-BDG-BATUNUNGGAL,-6.953812,107.627419,"Jl. H.R. Rasuna Said No. 8, RT 07/RW 04",Bandung,-6.92018,107.653339,-6.945446,107.632021,2026-09-17,15:08:00,15:23:00,9.8,37x25x17,Standard,N/A,Cerah,Sedang,Motorcycle,In_Transit,2026-09-20 15:23:00,4320,53,SAFE,Kecantikan
100024001210,Next Day,STR-TGR-002,Surya Darma,HUB-JAKUT-SUNTER,-6.138472,106.865419,"Jl. Gatot Subroto Kav. 22, RT 05/RW 02",Jakarta Utara,-6.11775,106.855396,-6.135436,106.861745,2026-09-20,06:22:00,07:15:00,2.8,32x21x10,Standard,N/A,Gerimis,Sedang,Van,In_Transit,2026-09-21 07:15:00,1440,1005,SAFE,Mainan Anak
100024001211,Regular,STR-TGR-001,Rian Kusuma,HUB-DPK-MARGONDA,-6.372841,106.832714,"Jl. Gatot Subroto Kav. 22, RT 05/RW 05",Depok,-6.441942,106.814698,-6.417905,106.820872,2026-09-19,02:47:00,03:29:00,5.4,27x13x29,Standard,N/A,Cerah,Sedang,Motorcycle,In_Transit,2026-09-21 03:29:00,2880,779,SAFE,Elektronik
100024001212,Regular,STR-TGR-001,Rian Kusuma,HUB-DPK-MARGONDA,-6.372841,106.832714,"Jl. TB Simatupang No. 30, RT 07/RW 04",Depok,-6.34003,106.876237,-6.351061,106.860209,2026-09-19,04:07:00,04:45:00,13.9,29x27x17,Standard,N/A,Cerah,Sedang,Motorcycle,In_Transit,2026-09-21 04:45:00,2880,855,SAFE,Pakaian
100024001213,Next Day,STR-JKT-012,Wahyu Hidayat,HUB-JAKPUS-TANAHABANG,-6.187841,106.814327,"Jl. Senopati No. 18, RT 03/RW 04",Jakarta Pusat,-6.181615,106.863617,-6.186106,106.841163,2026-09-20,00:14:00,00:56:00,3.3,27x22x15,Standard,N/A,Berawan,Macet Total,Motorcycle,In_Transit,2026-09-21 00:56:00,1440,626,SAFE,Buku
100024001214,Regular,STR-TGR-001,Rian Kusuma,HUB-JAKUT-SUNTER,-6.138472,106.865419,"Jl. Pemuda No. 71, RT 03/RW 02",Jakarta Utara,-6.075272,106.810882,-6.093859,106.824067,2026-09-19,00:25:00,01:10:00,14.9,38x23x16,Standard,N/A,Cerah,Lancar,Motorcycle,In_Transit,2026-09-21 01:10:00,2880,640,SAFE,Kecantikan
100024001215,Same Day,STR-JKT-005,Eko Prasetyo,HUB-TGR-BSD,-6.302143,106.652194,"Jl. Sudirman No. 45, RT 04/RW 07",Tangerang Selatan,-6.319348,106.718968,-6.309328,106.680221,2026-09-20,14:29:00,14:58:00,3.7,34x30x17,Same_Day_Priority,N/A,Cerah,Lancar,Motorcycle,In_Transit,2026-09-20 22:58:00,480,508,SAFE,Gadget & Aksesoris
100024001216,Regular,STR-JKT-011,Doni Kurniawan,HUB-TGR-BSD,-6.302143,106.652194,"Jl. Basuki Rahmat No. 40, RT 02/RW 03",Tangerang Selatan,-6.291412,106.607551,-6.291705,106.616986,2026-09-17,16:42:00,17:03:00,1.2,23x11x22,Standard,N/A,Cerah,Sedang,Motorcycle,In_Transit,2026-09-20 17:03:00,4320,153,SAFE,Elektronik
100024001217,Next Day,STR-JKT-011,Doni Kurniawan,HUB-JAKTIM-RAWAMANGUN,-6.194218,106.883905,"Jl. H.R. Rasuna Said No. 8, RT 08/RW 07",Jakarta Timur,-6.192319,106.853212,-6.195613,106.87416,2026-09-20,06:45:00,07:28:00,8.4,30x19x28,Standard,N/A,Cerah,Lancar,Motorcycle,In_Transit,2026-09-21 07:28:00,1440,1018,SAFE,Mainan Anak
100024001218,Regular,STR-JKT-004,Hendra Wijaya,HUB-JAKTIM-RAWAMANGUN,-6.194218,106.883905,"Jl. Margonda Raya No. 150, RT 06/RW 07",Jakarta Timur,-6.134038,106.83278,-6.166873,106.858966,2026-09-19,17:24:00,18:19:00,14.9,15x23x12,Standard,N/A,Berawan,Sedang,Van,Assigned,2026-09-20 18:19:00,1440,229,SAFE,Kecantikan
100024001219,Mini Cargo,STR-TGR-002,Surya Darma,HUB-TGR-BSD,-6.302143,106.652194,"Jl. Basuki Rahmat No. 40, RT 08/RW 06",Tangerang Selatan,-6.315249,106.61625,-6.31502,106.619379,2026-09-20,05:37:00,06:23:00,8.0,49x34x39,Bulky_UMKM,N/A,Berawan,Sedang,Van,Delivered,2026-09-21 06:23:00,1440,953,SAFE,Sparepart Motor
100024001220,Next Day,STR-JKT-008,Bayu Nugroho,HUB-JAKBAR-KEBONJERUK,-6.189512,106.769941,"Jl. Raya Darmo No. 55, RT 01/RW 07",Jakarta Barat,-6.179158,106.82477,-6.183011,106.798876,2026-09-19,20:00:00,20:46:00,6.6,15x25x12,Standard,N/A,Berawan,Lancar,Motorcycle,In_Transit,2026-09-20 20:46:00,1440,376,SAFE,Buku
100024001221,Cargo,STR-JKT-004,Hendra Wijaya,HUB-JAKTIM-RAWAMANGUN,-6.194218,106.883905,"Jl. Kebon Jeruk Raya No. 88, RT 02/RW 08",Jakarta Timur,-6.248129,106.844957,-6.241259,106.85377,2026-09-19,08:06:00,09:04:00,119.5,88x93x57,Heavy_Cargo,N/A,Cerah,Sedang,Van,In_Transit,2026-09-21 09:04:00,2880,1114,SAFE,Furnitur
100024001222,Same Day,STR-DPK-001,Indra Gunawan,HUB-JAKUT-SUNTER,-6.138472,106.865419,"Jl. Kebon Jeruk Raya No. 88, RT 09/RW 02",Jakarta Utara,-6.156452,106.904132,-6.148456,106.884398,2026-09-20,06:21:00,06:53:00,1.5,25x20x13,Same_Day_Priority,N/A,Hujan Deras,Lancar,Motorcycle,In_Transit,2026-09-20 14:53:00,480,23,MEDIUM_RISK,Gadget & Aksesoris
100024001223,Instant,STR-JKT-005,Eko Prasetyo,HUB-JAKTIM-RAWAMANGUN,-6.194218,106.883905,"Jl. Panjang No. 14, RT 08/RW 07",Jakarta Timur,-6.219044,106.937187,-6.197668,106.897276,2026-09-20,15:05:00,15:42:00,2.1,11x13x17,Instant_Direct,N/A,Berawan,Macet Total,Motorcycle,In_Transit,2026-09-20 18:42:00,180,252,SAFE,Minuman Segar
100024001224,Mini Cargo,STR-JKT-002,Agus Prayitno,HUB-BDG-BATUNUNGGAL,-6.953812,107.627419,"Jl. Kebon Jeruk Raya No. 88, RT 01/RW 08",Bandung,-6.988576,107.590145,-6.968361,107.610953,2026-09-19,08:00:00,08:52:00,26.3,43x47x41,Bulky_UMKM,N/A,Berawan,Lancar,Motorcycle,In_Transit,2026-09-21 08:52:00,2880,1102,SAFE,Bahan Makanan Kering UMKM
100024001225,Regular,STR-JKT-003,Rizky Pratama,HUB-JAKUT-SUNTER,-6.138472,106.865419,"Jl. H.R. Rasuna Said No. 8, RT 08/RW 08",Jakarta Utara,-6.080419,106.799914,-6.089058,106.812613,2026-09-19,20:36:00,21:30:00,6.5,31x12x12,Standard,N/A,Cerah,Padat,Motorcycle,In_Transit,2026-09-20 21:30:00,1440,420,SAFE,Elektronik
100024001226,PHARMA,STR-JKT-008,Bayu Nugroho,HUB-DPK-MARGONDA,-6.372841,106.832714,"Jl. Sudirman No. 45, RT 03/RW 05",Depok,-6.438811,106.859651,-6.387384,106.840276,2026-09-20,07:52:00,08:34:00,1.07,22x10x16,BPOM_Pharma,16.7,Hujan Deras,Padat,Motorcycle,In_Transit,2026-09-20 14:34:00,360,4,HIGH_RISK,Obat Resep
100024001227,PHARMA,STR-JKT-004,Hendra Wijaya,HUB-JAKBAR-KEBONJERUK,-6.189512,106.769941,"Jl. Ir. H. Djuanda No. 120, RT 05/RW 03",Jakarta Barat,-6.134694,106.713924,-6.152199,106.728535,2026-09-21,00:54:00,01:53:00,6.93,26x10x19,BPOM_Pharma,19.0,Cerah,Sedang,Van,Delivered,2026-09-21 13:53:00,720,1403,SAFE,Vaksin & Biologis
100024001228,Regular,STR-JKT-003,Rizky Pratama,HUB-BDG-BATUNUNGGAL,-6.953812,107.627419,"Jl. Raya Darmo No. 55, RT 05/RW 02",Bandung,-6.9642,107.566537,-6.954878,107.601,2026-09-18,02:41:00,03:04:00,13.5,29x11x20,Standard,N/A,Cerah,Sedang,Motorcycle,In_Transit,2026-09-21 03:04:00,4320,754,SAFE,Perlengkapan Rumah
100024001229,Same Day,STR-JKT-003,Rizky Pratama,HUB-JAKBAR-KEBONJERUK,-6.189512,106.769941,"Jl. Gatot Subroto Kav. 22, RT 02/RW 01",Jakarta Barat,-6.163699,106.787243,-6.174503,106.778009,2026-09-20,17:26:00,17:56:00,5.4,33x15x11,Same_Day_Priority,N/A,Cerah,Sedang,Motorcycle,In_Transit,2026-09-21 01:56:00,480,686,SAFE,Kosmetik
100024001230,Dokumen,STR-JKT-002,Agus Prayitno,HUB-BKS-HARAPANINDAH,-6.180215,106.984211,"Jl. Boulevard Barat Kelapa Gading, RT 04/RW 04",Bekasi,-6.168583,107.045327,-6.176983,107.0095,2026-09-18,17:27:00,18:16:00,0.98,35x25x2,Secure_Document_Pouch,N/A,Berawan,Lancar,Motorcycle,Assigned,2026-09-20 18:16:00,2880,226,SAFE,Dokumen Penting
100024001231,Regular,STR-JKT-011,Doni Kurniawan,HUB-JAKSEL-TEBET,-6.225588,106.855324,"Jl. TB Simatupang No. 30, RT 05/RW 01",Jakarta Selatan,-6.17858,106.896351,-6.193924,106.88266,2026-09-18,13:35:00,14:04:00,6.3,21x19x26,Standard,N/A,Cerah,Sedang,Motorcycle,Delivered,2026-09-21 14:04:00,4320,1414,SAFE,Olahraga
100024001232,Same Day,STR-JKT-005,Eko Prasetyo,HUB-DPK-MARGONDA,-6.372841,106.832714,"Jl. Panjang No. 14, RT 01/RW 09",Depok,-6.390911,106.894184,-6.385594,106.876087,2026-09-20,18:50:00,19:26:00,5.2,20x22x14,Same_Day_Priority,N/A,Berawan,Lancar,Motorcycle,In_Transit,2026-09-21 03:26:00,480,776,SAFE,Snack & Makanan Kering
100024001233,Same Day,STR-JKT-005,Eko Prasetyo,HUB-TGR-BSD,-6.302143,106.652194,"Jl. Ir. H. Djuanda No. 120, RT 09/RW 06",Tangerang Selatan,-6.257176,106.585233,-6.270287,106.603302,2026-09-20,22:59:00,23:27:00,4.2,34x23x19,Same_Day_Priority,N/A,Berawan,Padat,Motorcycle,In_Transit,2026-09-21 07:27:00,480,1017,SAFE,Snack & Makanan Kering
100024001234,Regular,STR-JKT-011,Doni Kurniawan,HUB-DPK-MARGONDA,-6.372841,106.832714,"Jl. Sudirman No. 45, RT 01/RW 06",Depok,-6.386161,106.768986,-6.377293,106.802866,2026-09-18,09:13:00,09:52:00,14.8,38x29x30,Standard,N/A,Cerah,Sedang,Motorcycle,In_Transit,2026-09-21 09:52:00,4320,1162,SAFE,Kecantikan
100024001235,Next Day,STR-JKT-003,Rizky Pratama,HUB-DPK-MARGONDA,-6.372841,106.832714,"Jl. Juanda No. 34, RT 01/RW 07",Depok,-6.360375,106.848295,-6.371619,106.839072,2026-09-19,16:59:00,17:59:00,1.3,39x16x26,Standard,N/A,Berawan,Sedang,Motorcycle,Delivered,2026-09-20 17:59:00,1440,209,SAFE,Elektronik Kecil
100024001236,Next Day,STR-TGR-001,Rian Kusuma,HUB-TGR-BSD,-6.302143,106.652194,"Jl. Ahmad Yani No. 102, RT 02/RW 09",Tangerang Selatan,-6.317237,106.698292,-6.307465,106.669624,2026-09-20,05:02:00,05:30:00,5.2,24x18x28,Standard,N/A,Gerimis,Sedang,Motorcycle,In_Transit,2026-09-21 05:30:00,1440,900,SAFE,Sepatu
100024001237,Regular,STR-JKT-009,Aris Munandar,HUB-TGR-BSD,-6.302143,106.652194,"Jl. Panjang No. 14, RT 06/RW 01",Tangerang Selatan,-6.286646,106.671747,-6.294998,106.658192,2026-09-20,04:12:00,05:02:00,7.4,24x11x14,Standard,N/A,Cerah,Sedang,Van,In_Transit,2026-09-21 05:02:00,1440,872,SAFE,Perlengkapan Rumah
100024001238,Next Day,STR-DPK-001,Indra Gunawan,HUB-BDG-BATUNUNGGAL,-6.953812,107.627419,"Jl. TB Simatupang No. 30, RT 06/RW 01",Bandung,-6.941516,107.68335,-6.947322,107.669944,2026-09-20,14:03:00,14:22:00,4.6,20x22x19,Standard,N/A,Gerimis,Sedang,Motorcycle,In_Transit,2026-09-21 14:22:00,1440,1432,SAFE,Mainan Anak
100024001239,Cargo,STR-JKT-006,Fajar Ramadhan,HUB-JAKPUS-TANAHABANG,-6.187841,106.814327,"Jl. M.H. Thamrin No. 12, RT 07/RW 04",Jakarta Pusat,-6.185419,106.78458,-6.185571,106.806931,2026-09-19,02:13:00,03:03:00,50.2,55x94x147,Heavy_Cargo,N/A,Cerah,Sedang,Van,In_Transit,2026-09-21 03:03:00,2880,753,SAFE,Furnitur
100024001240,Instant,STR-JKT-014,Ilham Saputra,HUB-JAKBAR-KEBONJERUK,-6.189512,106.769941,"Jl. Asia Afrika No. 80, RT 06/RW 03",Jakarta Barat,-6.124155,106.785396,-6.16862,106.77537,2026-09-21,05:29:00,05:47:00,0.4,16x22x15,Instant_Direct,N/A,Cerah,Sedang,Motorcycle,Delivered,2026-09-21 07:47:00,120,1037,SAFE,Kebutuhan Pokok Cepat
100024001241,Cargo,STR-JKT-009,Aris Munandar,HUB-JAKPUS-TANAHABANG,-6.187841,106.814327,"Jl. Basuki Rahmat No. 40, RT 07/RW 04",Jakarta Pusat,-6.222319,106.839527,-6.197541,106.821252,2026-09-17,14:29:00,14:47:00,134.0,93x66x61,Heavy_Cargo,N/A,Berawan,Lancar,Van,In_Transit,2026-09-20 14:47:00,4320,17,MEDIUM_RISK,Grosir Bahan Industri
100024001242,Regular,STR-JKT-002,Agus Prayitno,HUB-JAKBAR-KEBONJERUK,-6.189512,106.769941,"Jl. Senopati No. 18, RT 07/RW 03",Jakarta Barat,-6.135485,106.742144,-6.148876,106.75123,2026-09-19,03:42:00,04:28:00,7.8,32x29x25,Standard,N/A,Cerah,Lancar,Motorcycle,Delivered,2026-09-21 04:28:00,2880,838,SAFE,Kecantikan
100024001243,Mini Cargo,STR-JKT-001,Budi Santoso,HUB-SBY-GUBENG,-7.265412,112.752189,"Jl. Ahmad Yani No. 102, RT 03/RW 06",Surabaya,-7.297246,112.722349,-7.276811,112.742726,2026-09-19,05:37:00,06:18:00,36.7,55x32x35,Bulky_UMKM,N/A,Berawan,Sedang,Motorcycle,In_Transit,2026-09-21 06:18:00,2880,948,SAFE,Sparepart Motor
100024001244,Same Day,STR-JKT-005,Eko Prasetyo,HUB-JAKUT-SUNTER,-6.138472,106.865419,"Jl. Pemuda No. 71, RT 08/RW 06",Jakarta Utara,-6.086375,106.798573,-6.099528,106.813971,2026-09-20,05:51:00,06:47:00,4.7,21x11x11,Same_Day_Priority,N/A,Cerah,Sedang,Motorcycle,In_Transit,2026-09-20 14:47:00,480,17,MEDIUM_RISK,Pakaian
100024001245,Next Day,STR-TGR-002,Surya Darma,HUB-JAKUT-SUNTER,-6.138472,106.865419,"Jl. Kebon Jeruk Raya No. 88, RT 05/RW 05",Jakarta Utara,-6.105086,106.906902,-6.125614,106.882499,2026-09-20,08:19:00,09:00:00,4.0,25x15x16,Standard,N/A,Hujan Deras,Padat,Van,In_Transit,2026-09-21 09:00:00,1440,1110,SAFE,Sepatu
100024001246,Regular,STR-JKT-014,Ilham Saputra,HUB-JAKSEL-TEBET,-6.225588,106.855324,"Jl. Gatot Subroto Kav. 22, RT 02/RW 01",Jakarta Selatan,-6.17495,106.790479,-6.199327,106.82485,2026-09-18,00:44:00,01:35:00,12.4,17x12x29,Standard,N/A,Berawan,Sedang,Motorcycle,In_Transit,2026-09-21 01:35:00,4320,665,SAFE,Olahraga
100024001247,Same Day,STR-JKT-012,Wahyu Hidayat,HUB-TGR-BSD,-6.302143,106.652194,"Jl. Juanda No. 34, RT 05/RW 07",Tangerang Selatan,-6.233036,106.594341,-6.284532,106.639408,2026-09-20,16:46:00,17:43:00,6.5,31x30x23,Same_Day_Priority,N/A,Berawan,Sedang,Motorcycle,In_Transit,2026-09-21 01:43:00,480,673,SAFE,Gadget & Aksesoris
100024001248,Dokumen,STR-BKS-001,Aditya Putra,HUB-SBY-GUBENG,-7.265412,112.752189,"Jl. TB Simatupang No. 30, RT 01/RW 06",Surabaya,-7.277787,112.776159,-7.272702,112.770475,2026-09-19,02:52:00,03:40:00,0.62,35x25x2,Secure_Document_Pouch,N/A,Cerah,Macet Total,Motorcycle,In_Transit,2026-09-21 03:40:00,2880,790,SAFE,Dokumen Penting
100024001249,Regular,STR-JKT-009,Aris Munandar,HUB-JAKTIM-RAWAMANGUN,-6.194218,106.883905,"Jl. Raya Pajajaran No. 9, RT 07/RW 05",Jakarta Timur,-6.166024,106.910737,-6.191835,106.889224,2026-09-19,01:33:00,01:51:00,9.5,28x15x14,Standard,N/A,Cerah,Sedang,Van,In_Transit,2026-09-21 01:51:00,2880,681,SAFE,Pakaian
100024001250,Regular,STR-JKT-012,Wahyu Hidayat,HUB-JAKBAR-KEBONJERUK,-6.189512,106.769941,"Jl. Kemang Raya No. 5, RT 09/RW 02",Jakarta Barat,-6.185041,106.752595,-6.189031,106.765801,2026-09-18,14:22:00,14:55:00,12.5,15x16x20,Standard,N/A,Cerah,Sedang,Motorcycle,In_Transit,2026-09-20 14:55:00,2880,25,MEDIUM_RISK,Olahraga
100024001251,PHARMA,STR-JKT-002,Agus Prayitno,HUB-JAKTIM-RAWAMANGUN,-6.194218,106.883905,"Jl. Gatot Subroto Kav. 22, RT 09/RW 07",Jakarta Timur,-6.135933,106.845535,-6.164019,106.866628,2026-09-20,19:15:00,20:02:00,8.25,26x11x18,BPOM_Pharma,15.1,Cerah,Lancar,Motorcycle,In_Transit,2026-09-21 08:02:00,720,1052,SAFE,Obat Resep
100024001252,Same Day,STR-JKT-011,Doni Kurniawan,HUB-BKS-HARAPANINDAH,-6.180215,106.984211,"Jl. Asia Afrika No. 80, RT 09/RW 06",Bekasi,-6.142073,106.989043,-6.174137,106.985933,2026-09-20,10:43:00,11:08:00,6.2,34x11x19,Same_Day_Priority,N/A,Cerah,Sedang,Motorcycle,Delivered,2026-09-20 19:08:00,480,278,SAFE,Pakaian
100024001253,Next Day,STR-JKT-009,Aris Munandar,HUB-BKS-HARAPANINDAH,-6.180215,106.984211,"Jl. Juanda No. 34, RT 06/RW 03",Bekasi,-6.203974,107.027282,-6.194903,107.013646,2026-09-19,13:51:00,14:51:00,3.5,39x28x12,Standard,N/A,Gerimis,Lancar,Van,In_Transit,2026-09-20 14:51:00,1440,21,MEDIUM_RISK,Mainan Anak
100024001254,Dokumen,STR-BKS-001,Aditya Putra,HUB-JAKPUS-TANAHABANG,-6.187841,106.814327,"Jl. Basuki Rahmat No. 40, RT 03/RW 05",Jakarta Pusat,-6.123369,106.753431,-6.167206,106.792741,2026-09-18,18:05:00,18:35:00,0.75,35x25x2,Secure_Document_Pouch,N/A,Berawan,Padat,Motorcycle,Delivered,2026-09-20 18:35:00,2880,245,SAFE,Dokumen Penting
100024001255,Mini Cargo,STR-JKT-009,Aris Munandar,HUB-SBY-GUBENG,-7.265412,112.752189,"Jl. Kemang Raya No. 5, RT 05/RW 02",Surabaya,-7.232441,112.696414,-7.260119,112.741184,2026-09-20,00:52:00,01:10:00,7.3,58x45x31,Bulky_UMKM,N/A,Berawan,Lancar,Van,Delivered,2026-09-21 01:10:00,1440,640,SAFE,Bahan Makanan Kering UMKM
100024001256,Same Day,STR-JKT-011,Doni Kurniawan,HUB-JAKSEL-TEBET,-6.225588,106.855324,"Jl. H.R. Rasuna Said No. 8, RT 01/RW 07",Jakarta Selatan,-6.269015,106.898509,-6.241427,106.870972,2026-09-21,01:15:00,01:49:00,3.5,28x17x19,Same_Day_Priority,N/A,Cerah,Sedang,Motorcycle,In_Transit,2026-09-21 09:49:00,480,1159,SAFE,Snack & Makanan Kering
100024001257,Next Day,STR-JKT-004,Hendra Wijaya,HUB-JAKTIM-RAWAMANGUN,-6.194218,106.883905,"Jl. Panjang No. 14, RT 06/RW 03",Jakarta Timur,-6.180549,106.827664,-6.187594,106.86189,2026-09-19,13:05:00,14:04:00,0.7,18x22x30,Standard,N/A,Hujan Deras,Macet Total,Van,In_Transit,2026-09-20 14:04:00,1440,-26,BREACHED,Buku
100024001258,Regular,STR-DPK-001,Indra Gunawan,HUB-BDG-BATUNUNGGAL,-6.953812,107.627419,"Jl. Ir. H. Djuanda No. 120, RT 03/RW 07",Bandung,-6.934709,107.579824,-6.945802,107.60969,2026-09-17,18:31:00,19:22:00,5.5,35x22x15,Standard,N/A,Cerah,Lancar,Motorcycle,Assigned,2026-09-20 19:22:00,4320,292,SAFE,Kecantikan
100024001259,Frozen,STR-TGR-001,Rian Kusuma,HUB-JAKSEL-TEBET,-6.225588,106.855324,"Jl. Sudirman No. 45, RT 01/RW 06",Jakarta Selatan,-6.221517,106.873724,-6.221764,106.86573,2026-09-20,11:24:00,11:49:00,4.5,24x19x29,Cold_Chain_-2_to_5C,2.6,Berawan,Sedang,Motorcycle,In_Transit,2026-09-20 19:49:00,480,319,SAFE,Makanan Beku
100024001260,Regular,STR-JKT-013,Gilang Permana,HUB-DPK-MARGONDA,-6.372841,106.832714,"Jl. Kemang Raya No. 5, RT 09/RW 08",Depok,-6.315039,106.80014,-6.35047,106.817857,2026-09-17,19:45:00,20:01:00,3.0,37x11x20,Standard,N/A,Berawan,Lancar,Van,Assigned,2026-09-20 20:01:00,4320,331,SAFE,Olahraga
100024001261,Regular,STR-JKT-011,Doni Kurniawan,HUB-BDG-BATUNUNGGAL,-6.953812,107.627419,"Jl. Senopati No. 18, RT 05/RW 01",Bandung,-6.967891,107.670261,-6.956042,107.633203,2026-09-20,02:19:00,03:19:00,6.9,40x22x29,Standard,N/A,Berawan,Padat,Motorcycle,In_Transit,2026-09-21 03:19:00,1440,769,SAFE,Perlengkapan Rumah
100024001262,Same Day,STR-JKT-012,Wahyu Hidayat,HUB-JAKBAR-KEBONJERUK,-6.189512,106.769941,"Jl. Panjang No. 14, RT 04/RW 01",Jakarta Barat,-6.170673,106.836028,-6.179996,106.806243,2026-09-20,05:59:00,06:38:00,5.7,22x26x25,Same_Day_Priority,N/A,Berawan,Macet Total,Motorcycle,In_Transit,2026-09-20 14:38:00,480,8,HIGH_RISK,Gadget & Aksesoris
100024001263,Dokumen,STR-TGR-001,Rian Kusuma,HUB-SBY-GUBENG,-7.265412,112.752189,"Jl. TB Simatupang No. 30, RT 03/RW 01",Surabaya,-7.24813,112.715461,-7.259374,112.738698,2026-09-18,17:53:00,18:25:00,0.64,35x25x2,Secure_Document_Pouch,N/A,Berawan,Padat,Motorcycle,In_Transit,2026-09-20 18:25:00,2880,235,SAFE,Dokumen Penting
100024001264,Instant,STR-JKT-011,Doni Kurniawan,HUB-DPK-MARGONDA,-6.372841,106.832714,"Jl. Kemang Raya No. 5, RT 06/RW 02",Depok,-6.316484,106.773864,-6.344516,106.800153,2026-09-20,20:58:00,21:50:00,3.7,27x15x14,Instant_Direct,N/A,Gerimis,Sedang,Motorcycle,Assigned,2026-09-20 23:50:00,120,560,SAFE,Obat Darurat
100024001265,Regular,STR-JKT-013,Gilang Permana,HUB-DPK-MARGONDA,-6.372841,106.832714,"Jl. Ir. H. Djuanda No. 120, RT 04/RW 06",Depok,-6.329598,106.865065,-6.338985,106.858882,2026-09-18,04:31:00,05:02:00,11.0,19x22x25,Standard,N/A,Cerah,Sedang,Van,Assigned,2026-09-21 05:02:00,4320,872,SAFE,Pakaian
100024001266,Cargo,STR-JKT-007,Dimas Setiawan,HUB-BKS-HARAPANINDAH,-6.180215,106.984211,"Jl. TB Simatupang No. 30, RT 03/RW 06",Bekasi,-6.136158,106.988232,-6.147845,106.985972,2026-09-20,12:53:00,13:41:00,171.1,60x85x118,Heavy_Cargo,N/A,Cerah,Lancar,Cargo_Truck,In_Transit,2026-09-21 13:41:00,1440,1391,SAFE,Elektronik Besar
100024001267,Regular,STR-JKT-011,Doni Kurniawan,HUB-JAKPUS-TANAHABANG,-6.187841,106.814327,"Jl. Margonda Raya No. 150, RT 08/RW 07",Jakarta Pusat,-6.251998,106.870086,-6.220996,106.844127,2026-09-18,07:41:00,08:13:00,5.1,32x17x25,Standard,N/A,Cerah,Padat,Motorcycle,In_Transit,2026-09-21 08:13:00,4320,1063,SAFE,Perlengkapan Rumah
100024001268,Mini Cargo,STR-DPK-001,Indra Gunawan,HUB-DPK-MARGONDA,-6.372841,106.832714,"Jl. Ahmad Yani No. 102, RT 06/RW 06",Depok,-6.39598,106.773823,-6.383897,106.811772,2026-09-19,19:31:00,20:29:00,13.7,52x39x50,Bulky_UMKM,N/A,Gerimis,Sedang,Motorcycle,In_Transit,2026-09-20 20:29:00,1440,359,SAFE,Bahan Makanan Kering UMKM
100024001269,Instant,STR-JKT-011,Doni Kurniawan,HUB-BDG-BATUNUNGGAL,-6.953812,107.627419,"Jl. H.R. Rasuna Said No. 8, RT 02/RW 08",Bandung,-6.969804,107.681644,-6.967034,107.669737,2026-09-20,23:36:00,00:30:00,4.0,12x21x18,Instant_Direct,N/A,Cerah,Sedang,Motorcycle,In_Transit,2026-09-21 02:30:00,120,720,SAFE,Obat Darurat
100024001270,Next Day,STR-JKT-002,Agus Prayitno,HUB-BKS-HARAPANINDAH,-6.180215,106.984211,"Jl. Boulevard Barat Kelapa Gading, RT 09/RW 03",Bekasi,-6.216953,107.015379,-6.211919,107.011549,2026-09-19,13:37:00,14:33:00,1.3,38x20x28,Standard,N/A,Gerimis,Sedang,Motorcycle,In_Transit,2026-09-20 14:33:00,1440,3,HIGH_RISK,Buku
100024001271,Regular,STR-JKT-011,Doni Kurniawan,HUB-JAKUT-SUNTER,-6.138472,106.865419,"Jl. Basuki Rahmat No. 40, RT 03/RW 08",Jakarta Utara,-6.18823,106.868825,-6.170632,106.86603,2026-09-20,09:26:00,09:58:00,6.7,37x11x12,Standard,N/A,Cerah,Sedang,Motorcycle,In_Transit,2026-09-21 09:58:00,1440,1168,SAFE,Olahraga
100024001272,Regular,STR-JKT-011,Doni Kurniawan,HUB-JAKUT-SUNTER,-6.138472,106.865419,"Jl. Kebon Jeruk Raya No. 88, RT 06/RW 09",Jakarta Utara,-6.130975,106.805498,-6.130641,106.820228,2026-09-20,07:00:00,07:40:00,4.3,15x21x17,Standard,N/A,Cerah,Lancar,Motorcycle,In_Transit,2026-09-21 07:40:00,1440,1030,SAFE,Olahraga
100024001273,PHARMA,STR-JKT-008,Bayu Nugroho,HUB-DPK-MARGONDA,-6.372841,106.832714,"Jl. Raya Pajajaran No. 9, RT 03/RW 01",Depok,-6.32303,106.893109,-6.337197,106.877842,2026-09-20,09:26:00,10:07:00,5.42,17x11x19,BPOM_Pharma,21.4,Cerah,Sedang,Motorcycle,In_Transit,2026-09-20 22:07:00,720,457,SAFE,Obat Resep
100024001274,Instant,STR-JKT-011,Doni Kurniawan,HUB-JAKTIM-RAWAMANGUN,-6.194218,106.883905,"Jl. Boulevard Barat Kelapa Gading, RT 06/RW 04",Jakarta Timur,-6.151795,106.864925,-6.183704,106.882769,2026-09-20,12:14:00,12:45:00,2.8,12x15x17,Instant_Direct,N/A,Berawan,Sedang,Motorcycle,In_Transit,2026-09-20 15:45:00,180,75,SAFE,Minuman Segar
100024001275,Instant,STR-BKS-001,Aditya Putra,HUB-BKS-HARAPANINDAH,-6.180215,106.984211,"Jl. Basuki Rahmat No. 40, RT 01/RW 08",Bekasi,-6.183338,106.985891,-6.181942,106.984477,2026-09-20,14:15:00,14:53:00,4.7,29x12x19,Instant_Direct,N/A,Berawan,Padat,Motorcycle,In_Transit,2026-09-20 17:53:00,180,203,SAFE,Kebutuhan Pokok Cepat
100024001276,Next Day,STR-JKT-009,Aris Munandar,HUB-JAKUT-SUNTER,-6.138472,106.865419,"Jl. H.R. Rasuna Said No. 8, RT 07/RW 05",Jakarta Utara,-6.166621,106.906504,-6.156605,106.887189,2026-09-19,20:37:00,21:09:00,5.4,35x20x28,Standard,N/A,Cerah,Sedang,Van,In_Transit,2026-09-20 21:09:00,1440,399,SAFE,Buku
100024001277,Next Day,STR-DPK-001,Indra Gunawan,HUB-BKS-HARAPANINDAH,-6.180215,106.984211,"Jl. Basuki Rahmat No. 40, RT 05/RW 04",Bekasi,-6.140997,106.99574,-6.176212,106.985193,2026-09-20,01:05:00,01:31:00,6.7,18x20x23,Standard,N/A,Cerah,Sedang,Motorcycle,Delivered,2026-09-21 01:31:00,1440,661,SAFE,Mainan Anak
100024001278,Dokumen,STR-JKT-001,Budi Santoso,HUB-SBY-GUBENG,-7.265412,112.752189,"Jl. Kebon Jeruk Raya No. 88, RT 05/RW 02",Surabaya,-7.298224,112.767938,-7.291029,112.767126,2026-09-19,03:00:00,03:22:00,1.03,35x25x2,Secure_Document_Pouch,N/A,Berawan,Sedang,Motorcycle,In_Transit,2026-09-21 03:22:00,2880,772,SAFE,Dokumen Penting
100024001279,Same Day,STR-TGR-001,Rian Kusuma,HUB-JAKUT-SUNTER,-6.138472,106.865419,"Jl. Gatot Subroto Kav. 22, RT 05/RW 09",Jakarta Utara,-6.143744,106.915652,-6.141404,106.898483,2026-09-20,12:27:00,12:59:00,2.7,23x13x17,Same_Day_Priority,N/A,Cerah,Lancar,Motorcycle,In_Transit,2026-09-20 20:59:00,480,389,SAFE,Snack & Makanan Kering
100024001280,Dokumen,STR-JKT-011,Doni Kurniawan,HUB-DPK-MARGONDA,-6.372841,106.832714,"Jl. Basuki Rahmat No. 40, RT 06/RW 03",Depok,-6.399578,106.817805,-6.382113,106.826852,2026-09-18,13:51:00,14:49:00,0.87,35x25x2,Secure_Document_Pouch,N/A,Cerah,Macet Total,Motorcycle,In_Transit,2026-09-20 14:49:00,2880,19,MEDIUM_RISK,Dokumen Penting
100024001281,Cargo,STR-JKT-009,Aris Munandar,HUB-TGR-BSD,-6.302143,106.652194,"Jl. Margonda Raya No. 150, RT 07/RW 01",Tangerang Selatan,-6.304105,106.665887,-6.304408,106.662241,2026-09-18,14:38:00,14:53:00,143.5,65x53x144,Heavy_Cargo,N/A,Berawan,Lancar,Van,In_Transit,2026-09-20 14:53:00,2880,23,MEDIUM_RISK,Otomotif & Mesin
100024001282,Next Day,STR-JKT-013,Gilang Permana,HUB-JAKUT-SUNTER,-6.138472,106.865419,"Jl. Raya Pajajaran No. 9, RT 08/RW 04",Jakarta Utara,-6.152409,106.878425,-6.149281,106.87383,2026-09-19,18:41:00,19:19:00,9.9,31x16x25,Standard,N/A,Berawan,Sedang,Van,Assigned,2026-09-20 19:19:00,1440,289,SAFE,Elektronik Kecil
100024001283,Same Day,STR-JKT-014,Ilham Saputra,HUB-JAKBAR-KEBONJERUK,-6.189512,106.769941,"Jl. Boulevard Barat Kelapa Gading, RT 01/RW 01",Jakarta Barat,-6.194905,106.726676,-6.195829,106.735943,2026-09-20,21:13:00,22:02:00,4.2,35x18x11,Same_Day_Priority,N/A,Berawan,Padat,Motorcycle,In_Transit,2026-09-21 06:02:00,480,932,SAFE,Gadget & Aksesoris
100024001284,Instant,STR-JKT-005,Eko Prasetyo,HUB-BDG-BATUNUNGGAL,-6.953812,107.627419,"Jl. Boulevard Barat Kelapa Gading, RT 04/RW 09",Bandung,-6.980048,107.652606,-6.963833,107.635871,2026-09-21,07:05:00,08:03:00,1.9,16x23x20,Instant_Direct,N/A,Cerah,Lancar,Motorcycle,Assigned,2026-09-21 11:03:00,180,1233,SAFE,Minuman Segar
100024001285,Dokumen,STR-BKS-001,Aditya Putra,HUB-SBY-GUBENG,-7.265412,112.752189,"Jl. Panjang No. 14, RT 02/RW 04",Surabaya,-7.278359,112.750656,-7.273676,112.751701,2026-09-18,14:24:00,14:56:00,0.11,35x25x2,Secure_Document_Pouch,N/A,Berawan,Sedang,Motorcycle,In_Transit,2026-09-20 14:56:00,2880,26,MEDIUM_RISK,Dokumen Penting
100024001286,Instant,STR-JKT-002,Agus Prayitno,HUB-JAKUT-SUNTER,-6.138472,106.865419,"Jl. Kebon Jeruk Raya No. 88, RT 06/RW 08",Jakarta Utara,-6.185376,106.884354,-6.179178,106.880621,2026-09-21,07:43:00,08:27:00,4.8,18x10x11,Instant_Direct,N/A,Cerah,Sedang,Motorcycle,In_Transit,2026-09-21 10:27:00,120,1197,SAFE,Makanan Siap Saji
100024001287,Regular,STR-TGR-002,Surya Darma,HUB-TGR-BSD,-6.302143,106.652194,"Jl. Sudirman No. 45, RT 09/RW 03",Tangerang Selatan,-6.263758,106.643367,-6.284702,106.647955,2026-09-18,02:27:00,02:46:00,3.8,38x25x28,Standard,N/A,Cerah,Macet Total,Van,In_Transit,2026-09-21 02:46:00,4320,736,SAFE,Perlengkapan Rumah
100024001288,Next Day,STR-TGR-001,Rian Kusuma,HUB-BDG-BATUNUNGGAL,-6.953812,107.627419,"Jl. Kemang Raya No. 5, RT 03/RW 02",Bandung,-6.969164,107.688875,-6.955368,107.642131,2026-09-20,12:40:00,13:31:00,1.3,18x28x25,Standard,N/A,Cerah,Padat,Motorcycle,Assigned,2026-09-21 13:31:00,1440,1381,SAFE,Mainan Anak
100024001289,Regular,STR-JKT-013,Gilang Permana,HUB-TGR-BSD,-6.302143,106.652194,"Jl. Panjang No. 14, RT 05/RW 07",Tangerang Selatan,-6.258741,106.703315,-6.282104,106.672883,2026-09-17,21:35:00,22:24:00,4.4,17x13x26,Standard,N/A,Cerah,Sedang,Van,In_Transit,2026-09-20 22:24:00,4320,474,SAFE,Pakaian
100024001290,Cargo,STR-JKT-015,Ahmad Fauzi,HUB-TGR-BSD,-6.302143,106.652194,"Jl. Ahmad Yani No. 102, RT 03/RW 01",Tangerang Selatan,-6.360197,106.635681,-6.329077,106.641624,2026-09-18,14:28:00,14:48:00,168.1,99x46x118,Heavy_Cargo,N/A,Berawan,Lancar,Cargo_Truck,In_Transit,2026-09-20 14:48:00,2880,18,MEDIUM_RISK,Otomotif & Mesin
100024001291,Dokumen,STR-JKT-012,Wahyu Hidayat,HUB-JAKTIM-RAWAMANGUN,-6.194218,106.883905,"Jl. Panjang No. 14, RT 01/RW 02",Jakarta Timur,-6.260312,106.824335,-6.236291,106.845828,2026-09-18,14:24:00,14:39:00,0.12,35x25x2,Secure_Document_Pouch,N/A,Berawan,Sedang,Motorcycle,In_Transit,2026-09-20 14:39:00,2880,9,HIGH_RISK,Dokumen Penting
100024001292,Mini Cargo,STR-JKT-005,Eko Prasetyo,HUB-BKS-HARAPANINDAH,-6.180215,106.984211,"Jl. Margonda Raya No. 150, RT 08/RW 07",Bekasi,-6.121396,106.979831,-6.150115,106.979137,2026-09-18,13:41:00,14:40:00,29.3,41x25x35,Bulky_UMKM,N/A,Berawan,Padat,Motorcycle,Incident_Reported,2026-09-20 14:40:00,2880,10,HIGH_RISK,Sparepart Motor
100024001293,Instant,STR-JKT-005,Eko Prasetyo,HUB-JAKTIM-RAWAMANGUN,-6.194218,106.883905,"Jl. BSD Raya Utama Blok A2, RT 09/RW 01",Jakarta Timur,-6.130033,106.883763,-6.182439,106.885953,2026-09-20,15:04:00,15:35:00,0.4,15x22x14,Instant_Direct,N/A,Cerah,Padat,Motorcycle,In_Transit,2026-09-20 18:35:00,180,245,SAFE,Obat Darurat
100024001294,Next Day,STR-DPK-001,Indra Gunawan,HUB-JAKBAR-KEBONJERUK,-6.189512,106.769941,"Jl. Kebon Jeruk Raya No. 88, RT 01/RW 07",Jakarta Barat,-6.177077,106.711605,-6.186017,106.760788,2026-09-19,22:40:00,23:37:00,6.6,22x19x14,Standard,N/A,Berawan,Sedang,Motorcycle,Delivered,2026-09-20 23:37:00,1440,547,SAFE,Elektronik Kecil
100024001295,Dokumen,STR-JKT-001,Budi Santoso,HUB-SBY-GUBENG,-7.265412,112.752189,"Jl. Raya Darmo No. 55, RT 02/RW 04",Surabaya,-7.272324,112.68962,-7.267697,112.717856,2026-09-19,09:14:00,09:40:00,0.75,35x25x2,Secure_Document_Pouch,N/A,Cerah,Lancar,Motorcycle,In_Transit,2026-09-21 09:40:00,2880,1150,SAFE,Dokumen Penting
100024001296,Same Day,STR-JKT-001,Budi Santoso,HUB-JAKPUS-TANAHABANG,-6.187841,106.814327,"Jl. Ahmad Yani No. 102, RT 03/RW 07",Jakarta Pusat,-6.248463,106.779183,-6.233811,106.788568,2026-09-20,11:05:00,11:52:00,4.1,31x24x21,Same_Day_Priority,N/A,Cerah,Lancar,Motorcycle,In_Transit,2026-09-20 19:52:00,480,322,SAFE,Snack & Makanan Kering
100024001297,Mini Cargo,STR-JKT-013,Gilang Permana,HUB-SBY-GUBENG,-7.265412,112.752189,"Jl. Pemuda No. 71, RT 04/RW 02",Surabaya,-7.302945,112.790367,-7.282327,112.767773,2026-09-18,13:17:00,14:08:00,33.0,45x34x30,Bulky_UMKM,N/A,Gerimis,Macet Total,Van,In_Transit,2026-09-20 14:08:00,2880,-22,BREACHED,Bahan Makanan Kering UMKM
100024001298,Dokumen,STR-DPK-001,Indra Gunawan,HUB-TGR-BSD,-6.302143,106.652194,"Jl. Gatot Subroto Kav. 22, RT 03/RW 09",Tangerang Selatan,-6.355047,106.704845,-6.33845,106.689603,2026-09-18,14:02:00,14:47:00,0.92,35x25x2,Secure_Document_Pouch,N/A,Berawan,Lancar,Motorcycle,In_Transit,2026-09-20 14:47:00,2880,17,MEDIUM_RISK,Dokumen Penting
100024001299,Regular,STR-JKT-002,Agus Prayitno,HUB-JAKPUS-TANAHABANG,-6.187841,106.814327,"Jl. Gatot Subroto Kav. 22, RT 08/RW 01",Jakarta Pusat,-6.210399,106.850498,-6.203145,106.837592,2026-09-17,14:17:00,14:56:00,13.4,24x12x14,Standard,N/A,Cerah,Sedang,Motorcycle,In_Transit,2026-09-20 14:56:00,4320,26,MEDIUM_RISK,Perlengkapan Rumah
100024001300,Regular,STR-TGR-001,Rian Kusuma,HUB-BKS-HARAPANINDAH,-6.180215,106.984211,"Jl. Kemang Raya No. 5, RT 04/RW 08",Bekasi,-6.214743,107.027492,-6.202994,107.014295,2026-09-18,23:23:00,23:55:00,7.0,36x23x11,Standard,N/A,Cerah,Sedang,Motorcycle,In_Transit,2026-09-20 23:55:00,2880,565,SAFE,Pakaian
100024001301,Same Day,STR-JKT-014,Ilham Saputra,HUB-SBY-GUBENG,-7.265412,112.752189,"Jl. Raya Pajajaran No. 9, RT 04/RW 01",Surabaya,-7.223547,112.745896,-7.23847,112.750504,2026-09-20,06:35:00,06:50:00,2.7,30x18x20,Same_Day_Priority,N/A,Cerah,Sedang,Motorcycle,In_Transit,2026-09-20 14:50:00,480,20,MEDIUM_RISK,Pakaian
100024001302,Same Day,STR-JKT-008,Bayu Nugroho,HUB-BDG-BATUNUNGGAL,-6.953812,107.627419,"Jl. Kemang Raya No. 5, RT 02/RW 09",Bandung,-6.903582,107.63955,-6.918734,107.636543,2026-09-20,05:52:00,06:37:00,1.6,16x24x21,Same_Day_Priority,N/A,Gerimis,Macet Total,Motorcycle,In_Transit,2026-09-20 14:37:00,480,7,HIGH_RISK,Snack & Makanan Kering
100024001303,Regular,STR-BKS-001,Aditya Putra,HUB-JAKBAR-KEBONJERUK,-6.189512,106.769941,"Jl. Boulevard Barat Kelapa Gading, RT 05/RW 06",Jakarta Barat,-6.252341,106.833412,-6.224922,106.807346,2026-09-18,06:13:00,06:49:00,2.5,27x28x16,Standard,N/A,Cerah,Sedang,Motorcycle,In_Transit,2026-09-21 06:49:00,4320,979,SAFE,Perlengkapan Rumah
100024001304,Frozen,STR-JKT-013,Gilang Permana,HUB-JAKSEL-TEBET,-6.225588,106.855324,"Jl. Asia Afrika No. 80, RT 06/RW 07",Jakarta Selatan,-6.189438,106.86652,-6.206211,106.862887,2026-09-20,05:22:00,06:12:00,2.6,40x28x17,Cold_Chain_-2_to_5C,4.1,Gerimis,Padat,Van,In_Transit,2026-09-20 14:12:00,480,-18,BREACHED,Daging & Seafood
100024001305,Instant,STR-JKT-014,Ilham Saputra,HUB-DPK-MARGONDA,-6.372841,106.832714,"Jl. Kemang Raya No. 5, RT 07/RW 03",Depok,-6.3192,106.887366,-6.349062,106.854953,2026-09-21,04:40:00,05:02:00,0.5,12x11x19,Instant_Direct,N/A,Cerah,Lancar,Motorcycle,In_Transit,2026-09-21 08:02:00,180,1052,SAFE,Minuman Segar
100024001306,Instant,STR-JKT-001,Budi Santoso,HUB-JAKTIM-RAWAMANGUN,-6.194218,106.883905,"Jl. Senopati No. 18, RT 05/RW 04",Jakarta Timur,-6.237978,106.924921,-6.210444,106.902658,2026-09-20,11:35:00,11:51:00,4.0,16x17x13,Instant_Direct,N/A,Berawan,Sedang,Motorcycle,In_Transit,2026-09-20 14:51:00,180,21,MEDIUM_RISK,Obat Darurat
100024001307,Mini Cargo,STR-TGR-001,Rian Kusuma,HUB-JAKSEL-TEBET,-6.225588,106.855324,"Jl. Kebon Jeruk Raya No. 88, RT 01/RW 07",Jakarta Selatan,-6.178755,106.918595,-6.203267,106.880101,2026-09-20,12:38:00,13:25:00,15.3,34x44x29,Bulky_UMKM,N/A,Cerah,Lancar,Motorcycle,In_Transit,2026-09-21 13:25:00,1440,1375,SAFE,Paket UMKM
100024001308,Next Day,STR-JKT-001,Budi Santoso,HUB-JAKSEL-TEBET,-6.225588,106.855324,"Jl. Ir. H. Djuanda No. 120, RT 06/RW 05",Jakarta Selatan,-6.290967,106.83888,-6.279901,106.84435,2026-09-20,01:54:00,02:42:00,2.9,26x21x19,Standard,N/A,Cerah,Lancar,Motorcycle,Assigned,2026-09-21 02:42:00,1440,732,SAFE,Sepatu
100024001309,Same Day,STR-JKT-001,Budi Santoso,HUB-DPK-MARGONDA,-6.372841,106.832714,"Jl. Raya Pajajaran No. 9, RT 09/RW 07",Depok,-6.385413,106.901784,-6.384078,106.891807,2026-09-21,04:28:00,04:50:00,4.9,16x17x14,Same_Day_Priority,N/A,Hujan Deras,Sedang,Motorcycle,In_Transit,2026-09-21 12:50:00,480,1340,SAFE,Kosmetik
100024001310,Regular,STR-DPK-001,Indra Gunawan,HUB-DPK-MARGONDA,-6.372841,106.832714,"Jl. BSD Raya Utama Blok A2, RT 07/RW 04",Depok,-6.438055,106.888621,-6.409689,106.864376,2026-09-19,10:19:00,10:46:00,8.6,39x25x15,Standard,N/A,Berawan,Sedang,Motorcycle,Assigned,2026-09-21 10:46:00,2880,1216,SAFE,Olahraga
100024001311,Dokumen,STR-JKT-003,Rizky Pratama,HUB-JAKUT-SUNTER,-6.138472,106.865419,"Jl. H.R. Rasuna Said No. 8, RT 08/RW 07",Jakarta Utara,-6.096271,106.908198,-6.113598,106.886868,2026-09-18,18:13:00,19:00:00,0.86,35x25x2,Secure_Document_Pouch,N/A,Cerah,Lancar,Motorcycle,In_Transit,2026-09-20 19:00:00,2880,270,SAFE,Dokumen Penting
100024001312,Regular,STR-DPK-001,Indra Gunawan,HUB-TGR-BSD,-6.302143,106.652194,"Jl. TB Simatupang No. 30, RT 01/RW 03",Tangerang Selatan,-6.361142,106.58798,-6.333887,106.619979,2026-09-19,12:40:00,13:28:00,5.6,26x18x12,Standard,N/A,Berawan,Lancar,Motorcycle,In_Transit,2026-09-21 13:28:00,2880,1378,SAFE,Kecantikan
100024001313,Regular,STR-JKT-002,Agus Prayitno,HUB-JAKBAR-KEBONJERUK,-6.189512,106.769941,"Jl. Sudirman No. 45, RT 02/RW 06",Jakarta Barat,-6.251734,106.824267,-6.21873,106.79332,2026-09-17,14:23:00,14:59:00,3.7,38x22x11,Standard,N/A,Cerah,Lancar,Motorcycle,In_Transit,2026-09-20 14:59:00,4320,29,MEDIUM_RISK,Kecantikan
100024001314,Next Day,STR-JKT-003,Rizky Pratama,HUB-JAKPUS-TANAHABANG,-6.187841,106.814327,"Jl. Kebon Jeruk Raya No. 88, RT 09/RW 04",Jakarta Pusat,-6.229608,106.824528,-6.202282,106.816367,2026-09-20,12:35:00,13:04:00,8.7,25x24x29,Standard,N/A,Cerah,Lancar,Motorcycle,In_Transit,2026-09-21 13:04:00,1440,1354,SAFE,Sepatu
100024001315,Next Day,STR-DPK-001,Indra Gunawan,HUB-JAKUT-SUNTER,-6.138472,106.865419,"Jl. Sudirman No. 45, RT 02/RW 06",Jakarta Utara,-6.104658,106.869832,-6.123963,106.868432,2026-09-19,13:32:00,13:51:00,6.9,15x29x14,Standard,N/A,Hujan Deras,Padat,Motorcycle,In_Transit,2026-09-20 13:51:00,1440,-39,BREACHED,Elektronik Kecil
100024001316,Regular,STR-DPK-001,Indra Gunawan,HUB-BDG-BATUNUNGGAL,-6.953812,107.627419,"Jl. Raya Darmo No. 55, RT 08/RW 01",Bandung,-7.002149,107.658754,-6.974571,107.641089,2026-09-19,09:54:00,10:43:00,8.9,31x15x28,Standard,N/A,Berawan,Lancar,Motorcycle,Delivered,2026-09-21 10:43:00,2880,1213,SAFE,Pakaian
100024001317,Instant,STR-JKT-014,Ilham Saputra,HUB-TGR-BSD,-6.302143,106.652194,"Jl. Juanda No. 34, RT 02/RW 05",Tangerang Selatan,-6.244115,106.695672,-6.288244,106.662881,2026-09-20,12:14:00,12:44:00,1.7,13x19x10,Instant_Direct,N/A,Gerimis,Sedang,Motorcycle,In_Transit,2026-09-20 15:44:00,180,74,SAFE,Obat Darurat
100024001318,Regular,STR-JKT-006,Fajar Ramadhan,HUB-JAKTIM-RAWAMANGUN,-6.194218,106.883905,"Jl. Pemuda No. 71, RT 08/RW 08",Jakarta Timur,-6.215802,106.825067,-6.213015,106.834374,2026-09-19,14:03:00,14:58:00,13.3,23x19x16,Standard,N/A,Berawan,Sedang,Van,Assigned,2026-09-20 14:58:00,1440,28,MEDIUM_RISK,Perlengkapan Rumah
100024001319,Mini Cargo,STR-JKT-002,Agus Prayitno,HUB-SBY-GUBENG,-7.265412,112.752189,"Jl. Raya Pajajaran No. 9, RT 02/RW 06",Surabaya,-7.209869,112.754834,-7.247827,112.752149,2026-09-19,00:45:00,01:34:00,32.5,49x43x21,Bulky_UMKM,N/A,Cerah,Sedang,Motorcycle,In_Transit,2026-09-21 01:34:00,2880,664,SAFE,Tekstil & Garmen
100024001320,Instant,STR-JKT-014,Ilham Saputra,HUB-JAKTIM-RAWAMANGUN,-6.194218,106.883905,"Jl. M.H. Thamrin No. 12, RT 05/RW 01",Jakarta Timur,-6.223196,106.895271,-6.209756,106.886125,2026-09-21,03:00:00,03:23:00,2.2,19x15x17,Instant_Direct,N/A,Berawan,Sedang,Motorcycle,In_Transit,2026-09-21 05:23:00,120,893,SAFE,Kebutuhan Pokok Cepat
100024001321,Instant,STR-JKT-002,Agus Prayitno,HUB-JAKSEL-TEBET,-6.225588,106.855324,"Jl. Panjang No. 14, RT 01/RW 02",Jakarta Selatan,-6.264673,106.894789,-6.237196,106.86513,2026-09-20,17:37:00,18:08:00,3.8,15x15x17,Instant_Direct,N/A,Cerah,Lancar,Motorcycle,In_Transit,2026-09-20 20:08:00,120,338,SAFE,Obat Darurat
100024001322,Mini Cargo,STR-BKS-001,Aditya Putra,HUB-BKS-HARAPANINDAH,-6.180215,106.984211,"Jl. TB Simatupang No. 30, RT 04/RW 04",Bekasi,-6.170194,107.024525,-6.171743,107.015188,2026-09-19,11:01:00,11:55:00,31.3,35x30x38,Bulky_UMKM,N/A,Cerah,Sedang,Motorcycle,In_Transit,2026-09-21 11:55:00,2880,1285,SAFE,Tekstil & Garmen
100024001323,Same Day,STR-JKT-005,Eko Prasetyo,HUB-DPK-MARGONDA,-6.372841,106.832714,"Jl. Sudirman No. 45, RT 03/RW 03",Depok,-6.332589,106.874329,-6.365363,106.843535,2026-09-20,11:46:00,12:39:00,3.1,15x11x16,Same_Day_Priority,N/A,Berawan,Sedang,Motorcycle,In_Transit,2026-09-20 20:39:00,480,369,SAFE,Kosmetik
100024001324,Next Day,STR-JKT-013,Gilang Permana,HUB-JAKSEL-TEBET,-6.225588,106.855324,"Jl. Pemuda No. 71, RT 03/RW 08",Jakarta Selatan,-6.235063,106.903264,-6.227518,106.877029,2026-09-19,23:13:00,23:35:00,3.0,16x19x15,Standard,N/A,Berawan,Sedang,Van,In_Transit,2026-09-20 23:35:00,1440,545,SAFE,Sepatu
100024001325,Next Day,STR-JKT-001,Budi Santoso,HUB-JAKTIM-RAWAMANGUN,-6.194218,106.883905,"Jl. Panjang No. 14, RT 04/RW 04",Jakarta Timur,-6.162841,106.918895,-6.173717,106.906331,2026-09-19,22:32:00,22:58:00,3.1,21x28x15,Standard,N/A,Berawan,Lancar,Motorcycle,In_Transit,2026-09-20 22:58:00,1440,508,SAFE,Elektronik Kecil
100024001326,Next Day,STR-JKT-008,Bayu Nugroho,HUB-JAKPUS-TANAHABANG,-6.187841,106.814327,"Jl. Kebon Jeruk Raya No. 88, RT 04/RW 01",Jakarta Pusat,-6.211029,106.772065,-6.202791,106.781107,2026-09-19,22:35:00,23:01:00,1.0,22x23x19,Standard,N/A,Cerah,Lancar,Motorcycle,In_Transit,2026-09-20 23:01:00,1440,511,SAFE,Pakaian
100024001327,Cargo,STR-JKT-007,Dimas Setiawan,HUB-JAKUT-SUNTER,-6.138472,106.865419,"Jl. M.H. Thamrin No. 12, RT 04/RW 04",Jakarta Utara,-6.205443,106.875227,-6.164778,106.869212,2026-09-19,01:08:00,02:08:00,104.6,58x60x62,Heavy_Cargo,N/A,Gerimis,Lancar,Cargo_Truck,In_Transit,2026-09-21 02:08:00,2880,698,SAFE,Elektronik Besar
100024001328,Frozen,STR-JKT-003,Rizky Pratama,HUB-TGR-BSD,-6.302143,106.652194,"Jl. M.H. Thamrin No. 12, RT 05/RW 03",Tangerang Selatan,-6.297338,106.652006,-6.295982,106.650661,2026-09-20,06:31:00,06:54:00,1.4,39x20x26,Cold_Chain_-2_to_5C,3.6,Gerimis,Lancar,Motorcycle,In_Transit,2026-09-20 14:54:00,480,24,MEDIUM_RISK,Buah & Sayuran Segar
100024001329,Next Day,STR-JKT-011,Doni Kurniawan,HUB-JAKSEL-TEBET,-6.225588,106.855324,"Jl. Boulevard Barat Kelapa Gading, RT 01/RW 06",Jakarta Selatan,-6.163795,106.893221,-6.215512,106.861505,2026-09-19,22:06:00,22:42:00,9.4,17x29x25,Standard,N/A,Berawan,Lancar,Motorcycle,In_Transit,2026-09-20 22:42:00,1440,492,SAFE,Pakaian
100024001330,Mini Cargo,STR-TGR-002,Surya Darma,HUB-TGR-BSD,-6.302143,106.652194,"Jl. Senopati No. 18, RT 09/RW 03",Tangerang Selatan,-6.322031,106.715109,-6.31822,106.702795,2026-09-19,04:03:00,05:03:00,8.5,43x29x47,Bulky_UMKM,N/A,Cerah,Padat,Van,In_Transit,2026-09-21 05:03:00,2880,873,SAFE,Paket UMKM
100024001331,Same Day,STR-DPK-001,Indra Gunawan,HUB-JAKSEL-TEBET,-6.225588,106.855324,"Jl. TB Simatupang No. 30, RT 01/RW 06",Jakarta Selatan,-6.173228,106.785433,-6.204321,106.820768,2026-09-21,05:01:00,05:35:00,4.7,34x24x24,Same_Day_Priority,N/A,Cerah,Padat,Motorcycle,In_Transit,2026-09-21 13:35:00,480,1385,SAFE,Pakaian
100024001332,Regular,STR-JKT-008,Bayu Nugroho,HUB-BKS-HARAPANINDAH,-6.180215,106.984211,"Jl. M.H. Thamrin No. 12, RT 02/RW 05",Bekasi,-6.246858,107.044869,-6.19058,106.992322,2026-09-18,04:59:00,05:20:00,9.1,30x26x26,Standard,N/A,Berawan,Padat,Motorcycle,In_Transit,2026-09-21 05:20:00,4320,890,SAFE,Olahraga
100024001333,Regular,STR-JKT-003,Rizky Pratama,HUB-JAKUT-SUNTER,-6.138472,106.865419,"Jl. Asia Afrika No. 80, RT 02/RW 07",Jakarta Utara,-6.096577,106.920835,-6.113621,106.897654,2026-09-20,06:36:00,07:13:00,8.1,36x21x23,Standard,N/A,Berawan,Sedang,Motorcycle,In_Transit,2026-09-21 07:13:00,1440,1003,SAFE,Olahraga
100024001334,Dokumen,STR-JKT-001,Budi Santoso,HUB-BKS-HARAPANINDAH,-6.180215,106.984211,"Jl. Senopati No. 18, RT 09/RW 01",Bekasi,-6.203445,106.970247,-6.191202,106.975955,2026-09-18,13:04:00,13:54:00,1.11,35x25x2,Secure_Document_Pouch,N/A,Hujan Deras,Sedang,Motorcycle,In_Transit,2026-09-20 13:54:00,2880,-36,BREACHED,Dokumen Penting
100024001335,Dokumen,STR-JKT-012,Wahyu Hidayat,HUB-JAKUT-SUNTER,-6.138472,106.865419,"Jl. Juanda No. 34, RT 09/RW 04",Jakarta Utara,-6.145832,106.883937,-6.142826,106.872831,2026-09-18,15:15:00,16:03:00,0.95,35x25x2,Secure_Document_Pouch,N/A,Hujan Deras,Lancar,Motorcycle,Assigned,2026-09-20 16:03:00,2880,93,SAFE,Dokumen Penting
100024001336,Instant,STR-JKT-012,Wahyu Hidayat,HUB-SBY-GUBENG,-7.265412,112.752189,"Jl. Margonda Raya No. 150, RT 08/RW 02",Surabaya,-7.28344,112.772005,-7.273787,112.760262,2026-09-21,04:39:00,05:29:00,2.0,26x23x19,Instant_Direct,N/A,Cerah,Lancar,Motorcycle,In_Transit,2026-09-21 07:29:00,120,1019,SAFE,Obat Darurat
100024001337,Next Day,STR-JKT-002,Agus Prayitno,HUB-JAKBAR-KEBONJERUK,-6.189512,106.769941,"Jl. Boulevard Barat Kelapa Gading, RT 07/RW 04",Jakarta Barat,-6.247752,106.742546,-6.216717,106.75821,2026-09-19,23:10:00,23:34:00,9.2,35x24x16,Standard,N/A,Gerimis,Lancar,Motorcycle,In_Transit,2026-09-20 23:34:00,1440,544,SAFE,Mainan Anak
100024001338,Regular,STR-DPK-001,Indra Gunawan,HUB-TGR-BSD,-6.302143,106.652194,"Jl. Raya Pajajaran No. 9, RT 08/RW 08",Tangerang Selatan,-6.298047,106.716779,-6.298749,106.679539,2026-09-18,15:21:00,15:42:00,10.4,30x13x28,Standard,N/A,Berawan,Lancar,Motorcycle,In_Transit,2026-09-20 15:42:00,2880,72,SAFE,Elektronik
100024001339,Next Day,STR-JKT-002,Agus Prayitno,HUB-JAKTIM-RAWAMANGUN,-6.194218,106.883905,"Jl. Pemuda No. 71, RT 06/RW 06",Jakarta Timur,-6.262452,106.828394,-6.219651,106.868097,2026-09-19,12:58:00,13:48:00,5.3,38x11x28,Standard,N/A,Banjir,Sedang,Motorcycle,Incident_Reported,2026-09-20 13:48:00,1440,-42,BREACHED,Mainan Anak
100024001340,Next Day,STR-JKT-002,Agus Prayitno,HUB-DPK-MARGONDA,-6.372841,106.832714,"Jl. H.R. Rasuna Said No. 8, RT 07/RW 04",Depok,-6.386636,106.826869,-6.380066,106.828567,2026-09-19,13:28:00,14:03:00,0.8,33x12x19,Standard,N/A,Berawan,Sedang,Motorcycle,In_Transit,2026-09-20 14:03:00,1440,-27,BREACHED,Sepatu
100024001341,Same Day,STR-BKS-001,Aditya Putra,HUB-JAKPUS-TANAHABANG,-6.187841,106.814327,"Jl. Raya Darmo No. 55, RT 07/RW 06",Jakarta Pusat,-6.119813,106.813168,-6.132604,106.812989,2026-09-20,20:46:00,21:11:00,3.7,21x21x13,Same_Day_Priority,N/A,Berawan,Lancar,Motorcycle,In_Transit,2026-09-21 05:11:00,480,881,SAFE,Gadget & Aksesoris
100024001342,Regular,STR-JKT-004,Hendra Wijaya,HUB-TGR-BSD,-6.302143,106.652194,"Jl. Pemuda No. 71, RT 01/RW 06",Tangerang Selatan,-6.283686,106.58999,-6.298732,106.633416,2026-09-18,06:46:00,07:03:00,3.0,17x21x26,Standard,N/A,Cerah,Padat,Van,Assigned,2026-09-21 07:03:00,4320,993,SAFE,Olahraga
100024001343,Regular,STR-JKT-008,Bayu Nugroho,HUB-BDG-BATUNUNGGAL,-6.953812,107.627419,"Jl. Gatot Subroto Kav. 22, RT 07/RW 07",Bandung,-6.904694,107.580659,-6.914509,107.58926,2026-09-19,08:49:00,09:35:00,8.8,30x26x27,Standard,N/A,Berawan,Padat,Motorcycle,In_Transit,2026-09-21 09:35:00,2880,1145,SAFE,Perlengkapan Rumah
100024001344,Regular,STR-JKT-011,Doni Kurniawan,HUB-BDG-BATUNUNGGAL,-6.953812,107.627419,"Jl. Ahmad Yani No. 102, RT 09/RW 05",Bandung,-6.970386,107.584537,-6.959417,107.617844,2026-09-18,19:56:00,20:23:00,10.5,19x18x27,Standard,N/A,Cerah,Lancar,Motorcycle,Assigned,2026-09-20 20:23:00,2880,353,SAFE,Olahraga
100024001345,Regular,STR-JKT-004,Hendra Wijaya,HUB-DPK-MARGONDA,-6.372841,106.832714,"Jl. H.R. Rasuna Said No. 8, RT 09/RW 01",Depok,-6.409982,106.773467,-6.389595,106.806049,2026-09-18,03:12:00,04:03:00,13.8,40x13x29,Standard,N/A,Berawan,Sedang,Van,In_Transit,2026-09-21 04:03:00,4320,813,SAFE,Elektronik
100024001346,Same Day,STR-JKT-003,Rizky Pratama,HUB-JAKSEL-TEBET,-6.225588,106.855324,"Jl. H.R. Rasuna Said No. 8, RT 02/RW 03",Jakarta Selatan,-6.258671,106.915619,-6.246558,106.898032,2026-09-20,19:40:00,19:59:00,6.3,30x23x16,Same_Day_Priority,N/A,Hujan Deras,Sedang,Motorcycle,Delivered,2026-09-21 03:59:00,480,809,SAFE,Snack & Makanan Kering
100024001347,Regular,STR-JKT-009,Aris Munandar,HUB-JAKBAR-KEBONJERUK,-6.189512,106.769941,"Jl. Ir. H. Djuanda No. 120, RT 02/RW 05",Jakarta Barat,-6.220185,106.727662,-6.197989,106.764198,2026-09-17,13:51:00,14:06:00,2.6,35x13x24,Standard,N/A,Banjir,Padat,Van,In_Transit,2026-09-20 14:06:00,4320,-24,BREACHED,Olahraga
100024001348,Next Day,STR-JKT-001,Budi Santoso,HUB-BDG-BATUNUNGGAL,-6.953812,107.627419,"Jl. BSD Raya Utama Blok A2, RT 08/RW 02",Bandung,-6.97325,107.55761,-6.965108,107.58239,2026-09-20,07:40:00,08:15:00,2.4,23x21x22,Standard,N/A,Cerah,Lancar,Motorcycle,In_Transit,2026-09-21 08:15:00,1440,1065,SAFE,Elektronik Kecil
100024001349,Frozen,STR-JKT-013,Gilang Permana,HUB-JAKTIM-RAWAMANGUN,-6.194218,106.883905,"Jl. Panjang No. 14, RT 01/RW 04",Jakarta Timur,-6.200137,106.9065,-6.19845,106.892094,2026-09-20,06:29:00,06:59:00,7.6,36x29x15,Cold_Chain_-2_to_5C,4.1,Cerah,Sedang,Van,In_Transit,2026-09-20 14:59:00,480,29,MEDIUM_RISK,Makanan Hewan
100024001350,Dokumen,STR-JKT-014,Ilham Saputra,HUB-BKS-HARAPANINDAH,-6.180215,106.984211,"Jl. Pemuda No. 71, RT 02/RW 01",Bekasi,-6.145524,107.054054,-6.16988,107.009594,2026-09-18,15:20:00,15:39:00,0.59,35x25x2,Secure_Document_Pouch,N/A,Cerah,Lancar,Motorcycle,Assigned,2026-09-20 15:39:00,2880,69,SAFE,Dokumen Penting
100024001351,Next Day,STR-JKT-013,Gilang Permana,HUB-TGR-BSD,-6.302143,106.652194,"Jl. Sudirman No. 45, RT 09/RW 07",Tangerang Selatan,-6.303696,106.714907,-6.301526,106.669417,2026-09-20,00:51:00,01:09:00,2.6,16x22x19,Standard,N/A,Cerah,Lancar,Van,In_Transit,2026-09-21 01:09:00,1440,639,SAFE,Pakaian
100024001352,Same Day,STR-DPK-001,Indra Gunawan,HUB-BDG-BATUNUNGGAL,-6.953812,107.627419,"Jl. Raya Darmo No. 55, RT 09/RW 05",Bandung,-6.967811,107.641342,-6.965233,107.638866,2026-09-20,23:59:00,00:43:00,2.1,18x10x11,Same_Day_Priority,N/A,Cerah,Lancar,Motorcycle,In_Transit,2026-09-21 08:43:00,480,1093,SAFE,Gadget & Aksesoris
100024001353,Regular,STR-JKT-003,Rizky Pratama,HUB-DPK-MARGONDA,-6.372841,106.832714,"Jl. Pemuda No. 71, RT 04/RW 04",Depok,-6.309885,106.869845,-6.353735,106.844497,2026-09-18,15:26:00,16:20:00,6.8,33x23x11,Standard,N/A,Cerah,Lancar,Motorcycle,In_Transit,2026-09-20 16:20:00,2880,110,SAFE,Pakaian
100024001354,PHARMA,STR-DPK-001,Indra Gunawan,HUB-JAKUT-SUNTER,-6.138472,106.865419,"Jl. Margonda Raya No. 150, RT 08/RW 05",Jakarta Utara,-6.168346,106.807477,-6.164134,106.81941,2026-09-20,08:07:00,08:52:00,4.93,28x15x15,BPOM_Pharma,17.1,Berawan,Sedang,Motorcycle,In_Transit,2026-09-20 14:52:00,360,22,MEDIUM_RISK,Obat Resep
100024001355,Regular,STR-JKT-004,Hendra Wijaya,HUB-JAKPUS-TANAHABANG,-6.187841,106.814327,"Jl. Pemuda No. 71, RT 03/RW 07",Jakarta Pusat,-6.156076,106.794754,-6.160653,106.800509,2026-09-20,02:36:00,02:57:00,14.4,34x25x30,Standard,N/A,Cerah,Lancar,Van,Delivered,2026-09-21 02:57:00,1440,747,SAFE,Kecantikan
100024001356,Regular,STR-JKT-009,Aris Munandar,HUB-SBY-GUBENG,-7.265412,112.752189,"Jl. TB Simatupang No. 30, RT 04/RW 09",Surabaya,-7.213745,112.789058,-7.234616,112.775682,2026-09-19,08:05:00,09:02:00,12.6,19x25x22,Standard,N/A,Cerah,Lancar,Van,In_Transit,2026-09-21 09:02:00,2880,1112,SAFE,Olahraga
100024001357,Dokumen,STR-JKT-014,Ilham Saputra,HUB-JAKPUS-TANAHABANG,-6.187841,106.814327,"Jl. BSD Raya Utama Blok A2, RT 08/RW 01",Jakarta Pusat,-6.219554,106.772433,-6.193768,106.8069,2026-09-19,02:58:00,03:33:00,1.32,35x25x2,Secure_Document_Pouch,N/A,Cerah,Sedang,Motorcycle,In_Transit,2026-09-21 03:33:00,2880,783,SAFE,Dokumen Penting
100024001358,Regular,STR-BKS-001,Aditya Putra,HUB-JAKBAR-KEBONJERUK,-6.189512,106.769941,"Jl. Kemang Raya No. 5, RT 06/RW 05",Jakarta Barat,-6.205111,106.747401,-6.194277,106.7607,2026-09-19,03:59:00,04:45:00,0.5,24x30x30,Standard,N/A,Cerah,Sedang,Motorcycle,In_Transit,2026-09-21 04:45:00,2880,855,SAFE,Perlengkapan Rumah
100024001359,Mini Cargo,STR-JKT-005,Eko Prasetyo,HUB-SBY-GUBENG,-7.265412,112.752189,"Jl. Ir. H. Djuanda No. 120, RT 07/RW 07",Surabaya,-7.234983,112.717264,-7.256856,112.746608,2026-09-20,10:05:00,10:59:00,24.7,57x45x21,Bulky_UMKM,N/A,Hujan Deras,Lancar,Motorcycle,Delivered,2026-09-21 10:59:00,1440,1229,SAFE,Bahan Makanan Kering UMKM
100024001360,Same Day,STR-JKT-005,Eko Prasetyo,HUB-JAKSEL-TEBET,-6.225588,106.855324,"Jl. M.H. Thamrin No. 12, RT 02/RW 06",Jakarta Selatan,-6.294596,106.878677,-6.272022,106.869306,2026-09-20,20:55:00,21:15:00,4.2,23x29x12,Same_Day_Priority,N/A,Cerah,Sedang,Motorcycle,Assigned,2026-09-21 05:15:00,480,885,SAFE,Kosmetik
100024001361,Regular,STR-JKT-008,Bayu Nugroho,HUB-BDG-BATUNUNGGAL,-6.953812,107.627419,"Jl. BSD Raya Utama Blok A2, RT 01/RW 09",Bandung,-6.952133,107.64914,-6.951211,107.634611,2026-09-19,06:26:00,07:24:00,1.4,23x18x26,Standard,N/A,Cerah,Sedang,Motorcycle,Delivered,2026-09-21 07:24:00,2880,1014,SAFE,Pakaian
100024001362,Frozen,STR-JKT-004,Hendra Wijaya,HUB-JAKPUS-TANAHABANG,-6.187841,106.814327,"Jl. Margonda Raya No. 150, RT 02/RW 03",Jakarta Pusat,-6.169903,106.802104,-6.174659,106.803686,2026-09-20,06:00:00,06:33:00,10.6,20x28x21,Cold_Chain_-2_to_5C,4.4,Hujan Deras,Padat,Van,In_Transit,2026-09-20 14:33:00,480,3,HIGH_RISK,Makanan Beku
100024001363,Same Day,STR-JKT-002,Agus Prayitno,HUB-JAKPUS-TANAHABANG,-6.187841,106.814327,"Jl. Margonda Raya No. 150, RT 04/RW 07",Jakarta Pusat,-6.141855,106.766103,-6.166046,106.794278,2026-09-20,17:23:00,17:53:00,3.2,29x23x18,Same_Day_Priority,N/A,Gerimis,Sedang,Motorcycle,In_Transit,2026-09-21 01:53:00,480,683,SAFE,Pakaian
100024001364,Cargo,STR-JKT-009,Aris Munandar,HUB-JAKBAR-KEBONJERUK,-6.189512,106.769941,"Jl. Ir. H. Djuanda No. 120, RT 03/RW 07",Jakarta Barat,-6.15969,106.802725,-6.168425,106.787812,2026-09-19,18:07:00,18:33:00,155.7,66x78x158,Heavy_Cargo,N/A,Cerah,Padat,Van,In_Transit,2026-09-20 18:33:00,1440,243,SAFE,Otomotif & Mesin
100024001365,PHARMA,STR-JKT-004,Hendra Wijaya,HUB-BKS-HARAPANINDAH,-6.180215,106.984211,"Jl. Margonda Raya No. 150, RT 09/RW 07",Bekasi,-6.14359,106.95035,-6.15852,106.965693,2026-09-20,06:17:00,07:02:00,2.11,28x14x10,BPOM_Pharma,17.9,Cerah,Sedang,Van,In_Transit,2026-09-20 19:02:00,720,272,SAFE,Alat Kesehatan
100024001366,Same Day,STR-BKS-001,Aditya Putra,HUB-TGR-BSD,-6.302143,106.652194,"Jl. Senopati No. 18, RT 08/RW 09",Tangerang Selatan,-6.289006,106.674584,-6.292163,106.668893,2026-09-21,03:23:00,03:53:00,1.1,19x10x18,Same_Day_Priority,N/A,Cerah,Padat,Motorcycle,In_Transit,2026-09-21 11:53:00,480,1283,SAFE,Gadget & Aksesoris
100024001367,Regular,STR-JKT-014,Ilham Saputra,HUB-JAKTIM-RAWAMANGUN,-6.194218,106.883905,"Jl. Ahmad Yani No. 102, RT 09/RW 05",Jakarta Timur,-6.140133,106.949233,-6.174006,106.909654,2026-09-19,14:00:00,14:44:00,10.0,33x28x25,Standard,N/A,Cerah,Padat,Motorcycle,Incident_Reported,2026-09-20 14:44:00,1440,14,HIGH_RISK,Kecantikan
100024001368,Cargo,STR-TGR-002,Surya Darma,HUB-JAKPUS-TANAHABANG,-6.187841,106.814327,"Jl. Gatot Subroto Kav. 22, RT 03/RW 05",Jakarta Pusat,-6.173611,106.794587,-6.180364,106.806193,2026-09-19,23:16:00,00:16:00,207.1,75x99x108,Heavy_Cargo,N/A,Berawan,Lancar,Van,In_Transit,2026-09-21 00:16:00,1440,586,SAFE,Elektronik Besar
100024001369,Regular,STR-JKT-014,Ilham Saputra,HUB-TGR-BSD,-6.302143,106.652194,"Jl. Ir. H. Djuanda No. 120, RT 05/RW 03",Tangerang Selatan,-6.317131,106.673605,-6.315819,106.6663,2026-09-17,14:20:00,14:45:00,6.1,22x11x26,Standard,N/A,Berawan,Sedang,Motorcycle,In_Transit,2026-09-20 14:45:00,4320,15,MEDIUM_RISK,Elektronik
100024001370,Frozen,STR-TGR-001,Rian Kusuma,HUB-BDG-BATUNUNGGAL,-6.953812,107.627419,"Jl. H.R. Rasuna Said No. 8, RT 01/RW 08",Bandung,-7.004308,107.622706,-6.993343,107.621568,2026-09-21,00:27:00,00:53:00,5.6,33x26x24,Cold_Chain_-2_to_5C,0.4,Cerah,Lancar,Motorcycle,In_Transit,2026-09-21 08:53:00,480,1103,SAFE,Makanan Hewan
100024001371,Regular,STR-TGR-001,Rian Kusuma,HUB-JAKBAR-KEBONJERUK,-6.189512,106.769941,"Jl. Gatot Subroto Kav. 22, RT 07/RW 03",Jakarta Barat,-6.173106,106.818235,-6.182904,106.795612,2026-09-19,05:25:00,05:45:00,5.1,20x29x20,Standard,N/A,Berawan,Lancar,Motorcycle,In_Transit,2026-09-21 05:45:00,2880,915,SAFE,Perlengkapan Rumah
100024001372,Regular,STR-JKT-008,Bayu Nugroho,HUB-TGR-BSD,-6.302143,106.652194,"Jl. Panjang No. 14, RT 03/RW 03",Tangerang Selatan,-6.248243,106.586725,-6.290904,106.637338,2026-09-18,20:42:00,20:59:00,6.4,29x14x14,Standard,N/A,Cerah,Lancar,Motorcycle,In_Transit,2026-09-20 20:59:00,2880,389,SAFE,Elektronik
100024001373,Instant,STR-BKS-001,Aditya Putra,HUB-JAKPUS-TANAHABANG,-6.187841,106.814327,"Jl. Panjang No. 14, RT 04/RW 08",Jakarta Pusat,-6.257446,106.870945,-6.229813,106.851623,2026-09-20,18:35:00,19:04:00,0.9,27x10x8,Instant_Direct,N/A,Berawan,Macet Total,Motorcycle,In_Transit,2026-09-20 22:04:00,180,454,SAFE,Kebutuhan Pokok Cepat
100024001374,Mini Cargo,STR-JKT-004,Hendra Wijaya,HUB-BKS-HARAPANINDAH,-6.180215,106.984211,"Jl. Kemang Raya No. 5, RT 01/RW 05",Bekasi,-6.164505,107.031272,-6.17162,107.00385,2026-09-19,22:44:00,23:42:00,19.1,38x43x34,Bulky_UMKM,N/A,Cerah,Lancar,Van,In_Transit,2026-09-20 23:42:00,1440,552,SAFE,Paket UMKM
100024001375,Same Day,STR-JKT-011,Doni Kurniawan,HUB-TGR-BSD,-6.302143,106.652194,"Jl. TB Simatupang No. 30, RT 07/RW 03",Tangerang Selatan,-6.294818,106.596173,-6.299737,106.614652,2026-09-21,02:44:00,03:05:00,0.5,15x30x23,Same_Day_Priority,N/A,Cerah,Lancar,Motorcycle,Assigned,2026-09-21 11:05:00,480,1235,SAFE,Gadget & Aksesoris
100024001376,Cargo,STR-TGR-002,Surya Darma,HUB-JAKBAR-KEBONJERUK,-6.189512,106.769941,"Jl. Senopati No. 18, RT 03/RW 09",Jakarta Barat,-6.213327,106.722681,-6.20065,106.750355,2026-09-19,01:51:00,02:09:00,200.5,90x59x80,Heavy_Cargo,N/A,Cerah,Sedang,Van,Delivered,2026-09-21 02:09:00,2880,699,SAFE,Otomotif & Mesin
100024001377,Mini Cargo,STR-JKT-006,Fajar Ramadhan,HUB-JAKUT-SUNTER,-6.138472,106.865419,"Jl. Basuki Rahmat No. 40, RT 06/RW 01",Jakarta Utara,-6.1389,106.852062,-6.13734,106.855699,2026-09-19,17:19:00,18:03:00,31.9,40x41x41,Bulky_UMKM,N/A,Cerah,Lancar,Van,In_Transit,2026-09-20 18:03:00,1440,213,SAFE,Sparepart Motor
100024001378,Next Day,STR-JKT-001,Budi Santoso,HUB-BDG-BATUNUNGGAL,-6.953812,107.627419,"Jl. Sudirman No. 45, RT 04/RW 01",Bandung,-6.999008,107.563072,-6.963529,107.614242,2026-09-19,14:14:00,14:56:00,7.2,33x25x13,Standard,N/A,Berawan,Sedang,Motorcycle,In_Transit,2026-09-20 14:56:00,1440,26,MEDIUM_RISK,Mainan Anak
100024001379,PHARMA,STR-JKT-008,Bayu Nugroho,HUB-JAKUT-SUNTER,-6.138472,106.865419,"Jl. Ahmad Yani No. 102, RT 05/RW 06",Jakarta Utara,-6.092718,106.813793,-6.109742,106.834869,2026-09-20,14:54:00,15:15:00,4.92,29x15x17,BPOM_Pharma,20.4,Cerah,Sedang,Motorcycle,In_Transit,2026-09-20 21:15:00,360,405,SAFE,Reagen Lab
100024001380,Cargo,STR-JKT-004,Hendra Wijaya,HUB-SBY-GUBENG,-7.265412,112.752189,"Jl. TB Simatupang No. 30, RT 08/RW 05",Surabaya,-7.223765,112.713479,-7.236954,112.726987,2026-09-20,14:02:00,14:23:00,176.9,72x73x123,Heavy_Cargo,N/A,Cerah,Macet Total,Van,Assigned,2026-09-21 14:23:00,1440,1433,SAFE,Grosir Bahan Industri
100024001381,Instant,STR-JKT-002,Agus Prayitno,HUB-JAKTIM-RAWAMANGUN,-6.194218,106.883905,"Jl. BSD Raya Utama Blok A2, RT 01/RW 01",Jakarta Timur,-6.238803,106.922627,-6.205936,106.895743,2026-09-20,18:06:00,18:45:00,0.8,26x17x5,Instant_Direct,N/A,Cerah,Lancar,Motorcycle,Delivered,2026-09-20 21:45:00,180,435,SAFE,Kebutuhan Pokok Cepat
100024001382,Cargo,STR-JKT-009,Aris Munandar,HUB-JAKPUS-TANAHABANG,-6.187841,106.814327,"Jl. Basuki Rahmat No. 40, RT 03/RW 08",Jakarta Pusat,-6.155568,106.824441,-6.166066,106.823493,2026-09-19,13:50:00,14:37:00,95.7,93x71x145,Heavy_Cargo,N/A,Hujan Deras,Macet Total,Van,In_Transit,2026-09-20 14:37:00,1440,7,HIGH_RISK,Otomotif & Mesin
100024001383,Instant,STR-BKS-001,Aditya Putra,HUB-BDG-BATUNUNGGAL,-6.953812,107.627419,"Jl. Panjang No. 14, RT 04/RW 08",Bandung,-6.903303,107.629113,-6.930485,107.629919,2026-09-20,19:28:00,20:22:00,0.2,10x25x12,Instant_Direct,N/A,Cerah,Padat,Motorcycle,In_Transit,2026-09-20 23:22:00,180,532,SAFE,Kebutuhan Pokok Cepat
100024001384,Instant,STR-JKT-003,Rizky Pratama,HUB-JAKUT-SUNTER,-6.138472,106.865419,"Jl. Pemuda No. 71, RT 05/RW 02",Jakarta Utara,-6.099015,106.839188,-6.112806,106.847441,2026-09-20,13:59:00,14:33:00,3.8,14x22x15,Instant_Direct,N/A,Cerah,Sedang,Motorcycle,Assigned,2026-09-20 16:33:00,120,123,SAFE,Obat Darurat
100024001385,Mini Cargo,STR-JKT-002,Agus Prayitno,HUB-SBY-GUBENG,-7.265412,112.752189,"Jl. Raya Darmo No. 55, RT 09/RW 04",Surabaya,-7.320134,112.736929,-7.308099,112.738391,2026-09-19,07:54:00,08:41:00,20.0,49x47x45,Bulky_UMKM,N/A,Cerah,Sedang,Motorcycle,Assigned,2026-09-21 08:41:00,2880,1091,SAFE,Sparepart Motor
100024001386,Next Day,STR-DPK-001,Indra Gunawan,HUB-JAKPUS-TANAHABANG,-6.187841,106.814327,"Jl. BSD Raya Utama Blok A2, RT 08/RW 09",Jakarta Pusat,-6.12877,106.81389,-6.158835,106.814447,2026-09-19,21:35:00,22:31:00,8.5,37x16x11,Standard,N/A,Hujan Deras,Sedang,Motorcycle,In_Transit,2026-09-20 22:31:00,1440,481,SAFE,Buku
100024001387,Mini Cargo,STR-JKT-005,Eko Prasetyo,HUB-DPK-MARGONDA,-6.372841,106.832714,"Jl. Ahmad Yani No. 102, RT 01/RW 01",Depok,-6.377644,106.817024,-6.375404,106.822853,2026-09-19,09:04:00,09:19:00,10.9,52x47x36,Bulky_UMKM,N/A,Cerah,Sedang,Motorcycle,In_Transit,2026-09-21 09:19:00,2880,1129,SAFE,Bahan Makanan Kering UMKM
100024001388,Regular,STR-TGR-001,Rian Kusuma,HUB-SBY-GUBENG,-7.265412,112.752189,"Jl. Senopati No. 18, RT 04/RW 02",Surabaya,-7.25311,112.729798,-7.256354,112.735474,2026-09-17,18:51:00,19:48:00,4.9,20x24x17,Standard,N/A,Gerimis,Sedang,Motorcycle,Assigned,2026-09-20 19:48:00,4320,318,SAFE,Perlengkapan Rumah
100024001389,Mini Cargo,STR-JKT-013,Gilang Permana,HUB-JAKUT-SUNTER,-6.138472,106.865419,"Jl. TB Simatupang No. 30, RT 04/RW 05",Jakarta Utara,-6.121242,106.817242,-6.131399,106.83599,2026-09-18,17:00:00,17:38:00,34.2,48x32x42,Bulky_UMKM,N/A,Cerah,Sedang,Van,In_Transit,2026-09-20 17:38:00,2880,188,SAFE,Bahan Makanan Kering UMKM
100024001390,Next Day,STR-TGR-001,Rian Kusuma,HUB-JAKSEL-TEBET,-6.225588,106.855324,"Jl. Kemang Raya No. 5, RT 07/RW 05",Jakarta Selatan,-6.167733,106.806156,-6.21757,106.845048,2026-09-20,02:53:00,03:23:00,1.6,20x13x27,Standard,N/A,Berawan,Sedang,Motorcycle,Delivered,2026-09-21 03:23:00,1440,773,SAFE,Mainan Anak
100024001391,Instant,STR-TGR-001,Rian Kusuma,HUB-JAKTIM-RAWAMANGUN,-6.194218,106.883905,"Jl. Juanda No. 34, RT 07/RW 02",Jakarta Timur,-6.197353,106.916444,-6.194356,106.905631,2026-09-20,17:17:00,17:50:00,3.3,30x10x16,Instant_Direct,N/A,Gerimis,Padat,Motorcycle,In_Transit,2026-09-20 20:50:00,180,380,SAFE,Kebutuhan Pokok Cepat
100024001392,Dokumen,STR-JKT-001,Budi Santoso,HUB-JAKPUS-TANAHABANG,-6.187841,106.814327,"Jl. Raya Darmo No. 55, RT 06/RW 01",Jakarta Pusat,-6.163873,106.87548,-6.179079,106.842018,2026-09-18,13:52:00,14:38:00,0.8,35x25x2,Secure_Document_Pouch,N/A,Berawan,Padat,Motorcycle,Incident_Reported,2026-09-20 14:38:00,2880,8,HIGH_RISK,Dokumen Penting
100024001393,Instant,STR-JKT-005,Eko Prasetyo,HUB-JAKUT-SUNTER,-6.138472,106.865419,"Jl. Kemang Raya No. 5, RT 01/RW 05",Jakarta Utara,-6.079262,106.825713,-6.10288,106.84365,2026-09-21,02:08:00,03:06:00,2.1,22x14x18,Instant_Direct,N/A,Cerah,Sedang,Motorcycle,In_Transit,2026-09-21 05:06:00,120,876,SAFE,Makanan Siap Saji
100024001394,Regular,STR-JKT-006,Fajar Ramadhan,HUB-DPK-MARGONDA,-6.372841,106.832714,"Jl. M.H. Thamrin No. 12, RT 07/RW 08",Depok,-6.390408,106.809916,-6.378138,106.830561,2026-09-18,12:55:00,13:49:00,0.9,21x28x16,Standard,N/A,Banjir,Padat,Van,In_Transit,2026-09-20 13:49:00,2880,-41,BREACHED,Perlengkapan Rumah
100024001395,Next Day,STR-JKT-006,Fajar Ramadhan,HUB-DPK-MARGONDA,-6.372841,106.832714,"Jl. Kemang Raya No. 5, RT 04/RW 04",Depok,-6.317674,106.890445,-6.34843,106.857134,2026-09-20,12:23:00,12:45:00,6.0,27x30x29,Standard,N/A,Gerimis,Lancar,Van,In_Transit,2026-09-21 12:45:00,1440,1335,SAFE,Sepatu
100024001396,Same Day,STR-JKT-003,Rizky Pratama,HUB-JAKSEL-TEBET,-6.225588,106.855324,"Jl. Ir. H. Djuanda No. 120, RT 03/RW 03",Jakarta Selatan,-6.228334,106.80767,-6.230515,106.814833,2026-09-21,04:35:00,05:21:00,3.5,16x20x19,Same_Day_Priority,N/A,Cerah,Sedang,Motorcycle,Assigned,2026-09-21 13:21:00,480,1371,SAFE,Snack & Makanan Kering
100024001397,Next Day,STR-JKT-002,Agus Prayitno,HUB-DPK-MARGONDA,-6.372841,106.832714,"Jl. Senopati No. 18, RT 09/RW 01",Depok,-6.332341,106.887407,-6.342928,106.874819,2026-09-19,20:00:00,20:47:00,9.1,23x23x23,Standard,N/A,Cerah,Sedang,Motorcycle,In_Transit,2026-09-20 20:47:00,1440,377,SAFE,Elektronik Kecil
100024001398,Regular,STR-JKT-006,Fajar Ramadhan,HUB-JAKUT-SUNTER,-6.138472,106.865419,"Jl. Margonda Raya No. 150, RT 05/RW 08",Jakarta Utara,-6.139722,106.797259,-6.137246,106.830032,2026-09-17,14:22:00,14:53:00,5.6,21x24x27,Standard,N/A,Gerimis,Macet Total,Van,In_Transit,2026-09-20 14:53:00,4320,23,MEDIUM_RISK,Kecantikan
100024001399,Next Day,STR-BKS-001,Aditya Putra,HUB-BDG-BATUNUNGGAL,-6.953812,107.627419,"Jl. Ahmad Yani No. 102, RT 08/RW 08",Bandung,-6.98729,107.619232,-6.976632,107.620182,2026-09-19,16:13:00,16:53:00,9.6,19x27x19,Standard,N/A,Hujan Deras,Lancar,Motorcycle,In_Transit,2026-09-20 16:53:00,1440,143,SAFE,Sepatu
100024001400,Cargo,STR-JKT-006,Fajar Ramadhan,HUB-JAKTIM-RAWAMANGUN,-6.194218,106.883905,"Jl. BSD Raya Utama Blok A2, RT 05/RW 02",Jakarta Timur,-6.192447,106.952352,-6.191722,106.934413,2026-09-17,14:07:00,15:07:00,199.9,77x42x92,Heavy_Cargo,N/A,Cerah,Padat,Van,In_Transit,2026-09-20 15:07:00,4320,37,SAFE,Grosir Bahan Industri
100024001401,Next Day,STR-JKT-011,Doni Kurniawan,HUB-JAKPUS-TANAHABANG,-6.187841,106.814327,"Jl. Raya Darmo No. 55, RT 06/RW 02",Jakarta Pusat,-6.247443,106.861833,-6.224268,106.845774,2026-09-19,13:53:00,14:51:00,1.8,36x21x17,Standard,N/A,Gerimis,Padat,Motorcycle,In_Transit,2026-09-20 14:51:00,1440,21,MEDIUM_RISK,Elektronik Kecil
100024001402,Regular,STR-JKT-001,Budi Santoso,HUB-BKS-HARAPANINDAH,-6.180215,106.984211,"Jl. Panjang No. 14, RT 09/RW 01",Bekasi,-6.139363,106.926075,-6.153954,106.951252,2026-09-18,14:45:00,15:10:00,10.5,39x22x25,Standard,N/A,Gerimis,Lancar,Motorcycle,In_Transit,2026-09-20 15:10:00,2880,40,SAFE,Pakaian
100024001403,Next Day,STR-JKT-012,Wahyu Hidayat,HUB-JAKBAR-KEBONJERUK,-6.189512,106.769941,"Jl. Margonda Raya No. 150, RT 09/RW 06",Jakarta Barat,-6.158078,106.707615,-6.16925,106.722868,2026-09-20,11:07:00,11:27:00,4.4,36x11x20,Standard,N/A,Cerah,Sedang,Motorcycle,In_Transit,2026-09-21 11:27:00,1440,1257,SAFE,Pakaian
100024001404,Mini Cargo,STR-DPK-001,Indra Gunawan,HUB-JAKSEL-TEBET,-6.225588,106.855324,"Jl. Sudirman No. 45, RT 03/RW 01",Jakarta Selatan,-6.288414,106.850981,-6.270887,106.853616,2026-09-19,19:49:00,20:09:00,10.0,54x45x27,Bulky_UMKM,N/A,Cerah,Lancar,Motorcycle,In_Transit,2026-09-20 20:09:00,1440,339,SAFE,Tekstil & Garmen
100024001405,Dokumen,STR-JKT-014,Ilham Saputra,HUB-SBY-GUBENG,-7.265412,112.752189,"Jl. Juanda No. 34, RT 06/RW 04",Surabaya,-7.209241,112.748083,-7.21968,112.748814,2026-09-19,04:58:00,05:29:00,1.15,35x25x2,Secure_Document_Pouch,N/A,Cerah,Padat,Motorcycle,Assigned,2026-09-21 05:29:00,2880,899,SAFE,Dokumen Penting
100024001406,Regular,STR-JKT-008,Bayu Nugroho,HUB-JAKTIM-RAWAMANGUN,-6.194218,106.883905,"Jl. Senopati No. 18, RT 01/RW 05",Jakarta Timur,-6.210517,106.908853,-6.202234,106.89941,2026-09-19,13:52:00,14:36:00,6.8,16x21x12,Standard,N/A,Cerah,Macet Total,Motorcycle,Incident_Reported,2026-09-20 14:36:00,1440,6,HIGH_RISK,Elektronik
100024001407,Frozen,STR-JKT-003,Rizky Pratama,HUB-JAKPUS-TANAHABANG,-6.187841,106.814327,"Jl. Basuki Rahmat No. 40, RT 08/RW 07",Jakarta Pusat,-6.136265,106.854845,-6.151986,106.843428,2026-09-21,05:25:00,06:09:00,10.1,30x25x30,Cold_Chain_-2_to_5C,3.3,Gerimis,Sedang,Motorcycle,In_Transit,2026-09-21 14:09:00,480,1419,SAFE,Makanan Beku
100024001408,Instant,STR-JKT-001,Budi Santoso,HUB-TGR-BSD,-6.302143,106.652194,"Jl. Raya Darmo No. 55, RT 01/RW 09",Tangerang Selatan,-6.299208,106.668347,-6.300845,106.657688,2026-09-20,11:15:00,12:06:00,3.4,24x18x13,Instant_Direct,N/A,Gerimis,Sedang,Motorcycle,In_Transit,2026-09-20 14:06:00,120,-24,BREACHED,Obat Darurat
100024001409,Next Day,STR-JKT-014,Ilham Saputra,HUB-JAKPUS-TANAHABANG,-6.187841,106.814327,"Jl. Raya Darmo No. 55, RT 02/RW 02",Jakarta Pusat,-6.232269,106.796671,-6.204205,106.808318,2026-09-19,17:12:00,18:10:00,8.1,17x27x18,Standard,N/A,Berawan,Lancar,Motorcycle,In_Transit,2026-09-20 18:10:00,1440,220,SAFE,Buku
100024001410,Next Day,STR-JKT-008,Bayu Nugroho,HUB-BDG-BATUNUNGGAL,-6.953812,107.627419,"Jl. Boulevard Barat Kelapa Gading, RT 07/RW 02",Bandung,-6.930248,107.659184,-6.938528,107.642904,2026-09-19,21:50:00,22:14:00,6.7,37x27x10,Standard,N/A,Cerah,Sedang,Motorcycle,In_Transit,2026-09-20 22:14:00,1440,464,SAFE,Pakaian
100024001411,Mini Cargo,STR-DPK-001,Indra Gunawan,HUB-JAKUT-SUNTER,-6.138472,106.865419,"Jl. Ahmad Yani No. 102, RT 06/RW 05",Jakarta Utara,-6.186791,106.881687,-6.176817,106.876463,2026-09-19,20:07:00,20:40:00,35.4,47x28x42,Bulky_UMKM,N/A,Berawan,Sedang,Motorcycle,In_Transit,2026-09-20 20:40:00,1440,370,SAFE,Tekstil & Garmen
100024001412,Dokumen,STR-JKT-003,Rizky Pratama,HUB-SBY-GUBENG,-7.265412,112.752189,"Jl. Kebon Jeruk Raya No. 88, RT 08/RW 02",Surabaya,-7.233374,112.721395,-7.256736,112.739041,2026-09-19,09:04:00,09:46:00,0.21,35x25x2,Secure_Document_Pouch,N/A,Gerimis,Sedang,Motorcycle,In_Transit,2026-09-21 09:46:00,2880,1156,SAFE,Dokumen Penting
100024001413,Regular,STR-BKS-001,Aditya Putra,HUB-TGR-BSD,-6.302143,106.652194,"Jl. Senopati No. 18, RT 07/RW 08",Tangerang Selatan,-6.297196,106.695408,-6.302345,106.671079,2026-09-19,05:08:00,05:41:00,9.0,32x26x24,Standard,N/A,Berawan,Sedang,Motorcycle,In_Transit,2026-09-21 05:41:00,2880,911,SAFE,Kecantikan
100024001414,Next Day,STR-TGR-002,Surya Darma,HUB-DPK-MARGONDA,-6.372841,106.832714,"Jl. TB Simatupang No. 30, RT 04/RW 07",Depok,-6.336652,106.898021,-6.364419,106.855789,2026-09-19,14:43:00,15:11:00,2.2,29x20x12,Standard,N/A,Berawan,Macet Total,Van,In_Transit,2026-09-20 15:11:00,1440,41,SAFE,Mainan Anak
100024001415,PHARMA,STR-JKT-002,Agus Prayitno,HUB-BDG-BATUNUNGGAL,-6.953812,107.627419,"Jl. Pemuda No. 71, RT 08/RW 04",Bandung,-6.939419,107.572942,-6.941138,107.587372,2026-09-20,13:25:00,13:55:00,8.35,28x18x16,BPOM_Pharma,21.3,Cerah,Lancar,Motorcycle,Assigned,2026-09-21 13:55:00,1440,1405,SAFE,Obat Resep
100024001416,Regular,STR-JKT-009,Aris Munandar,HUB-DPK-MARGONDA,-6.372841,106.832714,"Jl. Kebon Jeruk Raya No. 88, RT 02/RW 07",Depok,-6.43889,106.821358,-6.410993,106.828334,2026-09-19,13:04:00,13:53:00,3.9,21x24x15,Standard,N/A,Gerimis,Macet Total,Van,In_Transit,2026-09-20 13:53:00,1440,-37,BREACHED,Kecantikan
100024001417,Instant,STR-TGR-001,Rian Kusuma,HUB-JAKUT-SUNTER,-6.138472,106.865419,"Jl. H.R. Rasuna Said No. 8, RT 03/RW 02",Jakarta Utara,-6.166717,106.917528,-6.151543,106.883456,2026-09-20,12:10:00,12:45:00,4.5,27x11x17,Instant_Direct,N/A,Cerah,Padat,Motorcycle,In_Transit,2026-09-20 14:45:00,120,15,MEDIUM_RISK,Kebutuhan Pokok Cepat
100024001418,Same Day,STR-TGR-001,Rian Kusuma,HUB-SBY-GUBENG,-7.265412,112.752189,"Jl. Pemuda No. 71, RT 02/RW 09",Surabaya,-7.214765,112.728575,-7.245196,112.741611,2026-09-20,12:01:00,12:43:00,1.6,19x12x15,Same_Day_Priority,N/A,Berawan,Sedang,Motorcycle,In_Transit,2026-09-20 20:43:00,480,373,SAFE,Gadget & Aksesoris
100024001419,PHARMA,STR-JKT-008,Bayu Nugroho,HUB-TGR-BSD,-6.302143,106.652194,"Jl. Pemuda No. 71, RT 03/RW 09",Tangerang Selatan,-6.255358,106.668077,-6.279815,106.659548,2026-09-19,19:56:00,20:25:00,3.98,16x15x12,BPOM_Pharma,17.2,Hujan Deras,Padat,Motorcycle,Assigned,2026-09-20 20:25:00,1440,355,SAFE,Alat Kesehatan
100024001420,Regular,STR-TGR-002,Surya Darma,HUB-SBY-GUBENG,-7.265412,112.752189,"Jl. Senopati No. 18, RT 04/RW 03",Surabaya,-7.259757,112.803576,-7.260986,112.777981,2026-09-18,21:47:00,22:10:00,14.7,19x24x25,Standard,N/A,Gerimis,Padat,Van,In_Transit,2026-09-20 22:10:00,2880,460,SAFE,Olahraga
100024001421,Next Day,STR-JKT-011,Doni Kurniawan,HUB-TGR-BSD,-6.302143,106.652194,"Jl. Kebon Jeruk Raya No. 88, RT 03/RW 01",Tangerang Selatan,-6.346082,106.602358,-6.323695,106.625749,2026-09-20,06:37:00,07:34:00,4.7,17x10x23,Standard,N/A,Cerah,Lancar,Motorcycle,In_Transit,2026-09-21 07:34:00,1440,1024,SAFE,Sepatu
100024001422,Mini Cargo,STR-JKT-005,Eko Prasetyo,HUB-JAKUT-SUNTER,-6.138472,106.865419,"Jl. Boulevard Barat Kelapa Gading, RT 08/RW 04",Jakarta Utara,-6.11919,106.843993,-6.122295,106.851891,2026-09-20,05:04:00,05:35:00,33.3,57x39x35,Bulky_UMKM,N/A,Cerah,Macet Total,Motorcycle,In_Transit,2026-09-21 05:35:00,1440,905,SAFE,Paket UMKM
100024001423,Same Day,STR-JKT-003,Rizky Pratama,HUB-TGR-BSD,-6.302143,106.652194,"Jl. TB Simatupang No. 30, RT 03/RW 09",Tangerang Selatan,-6.273342,106.647968,-6.29884,106.651154,2026-09-20,21:46:00,22:22:00,5.6,16x14x20,Same_Day_Priority,N/A,Gerimis,Lancar,Motorcycle,In_Transit,2026-09-21 06:22:00,480,952,SAFE,Snack & Makanan Kering
100024001424,Same Day,STR-JKT-002,Agus Prayitno,HUB-SBY-GUBENG,-7.265412,112.752189,"Jl. Juanda No. 34, RT 01/RW 05",Surabaya,-7.23371,112.780239,-7.255236,112.760473,2026-09-20,05:42:00,06:38:00,2.8,33x23x19,Same_Day_Priority,N/A,Gerimis,Padat,Motorcycle,In_Transit,2026-09-20 14:38:00,480,8,HIGH_RISK,Gadget & Aksesoris
100024001425,Next Day,STR-JKT-003,Rizky Pratama,HUB-TGR-BSD,-6.302143,106.652194,"Jl. Panjang No. 14, RT 07/RW 08",Tangerang Selatan,-6.318927,106.583616,-6.317314,106.596662,2026-09-19,21:33:00,22:09:00,9.7,20x19x27,Standard,N/A,Cerah,Lancar,Motorcycle,In_Transit,2026-09-20 22:09:00,1440,459,SAFE,Mainan Anak
100024001426,Next Day,STR-JKT-001,Budi Santoso,HUB-DPK-MARGONDA,-6.372841,106.832714,"Jl. Panjang No. 14, RT 06/RW 05",Depok,-6.43878,106.855007,-6.404297,106.843727,2026-09-20,05:08:00,05:28:00,6.5,34x20x16,Standard,N/A,Cerah,Sedang,Motorcycle,In_Transit,2026-09-21 05:28:00,1440,898,SAFE,Pakaian
100024001427,Dokumen,STR-JKT-011,Doni Kurniawan,HUB-JAKPUS-TANAHABANG,-6.187841,106.814327,"Jl. Asia Afrika No. 80, RT 08/RW 02",Jakarta Pusat,-6.137517,106.778618,-6.161106,106.794629,2026-09-19,03:00:00,03:54:00,0.69,35x25x2,Secure_Document_Pouch,N/A,Cerah,Lancar,Motorcycle,In_Transit,2026-09-21 03:54:00,2880,804,SAFE,Dokumen Penting
100024001428,PHARMA,STR-JKT-004,Hendra Wijaya,HUB-BDG-BATUNUNGGAL,-6.953812,107.627419,"Jl. Kemang Raya No. 5, RT 04/RW 08",Bandung,-6.915304,107.568016,-6.936356,107.593721,2026-09-20,09:10:00,09:49:00,5.51,29x17x12,BPOM_Pharma,15.6,Cerah,Sedang,Van,In_Transit,2026-09-20 21:49:00,720,439,SAFE,Reagen Lab
100024001429,Next Day,STR-JKT-013,Gilang Permana,HUB-SBY-GUBENG,-7.265412,112.752189,"Jl. Raya Pajajaran No. 9, RT 06/RW 06",Surabaya,-7.283879,112.779746,-7.273309,112.766658,2026-09-20,03:21:00,03:44:00,3.6,35x17x30,Standard,N/A,Hujan Deras,Lancar,Van,In_Transit,2026-09-21 03:44:00,1440,794,SAFE,Buku
100024001430,Instant,STR-DPK-001,Indra Gunawan,HUB-DPK-MARGONDA,-6.372841,106.832714,"Jl. Gatot Subroto Kav. 22, RT 09/RW 04",Depok,-6.426778,106.834666,-6.411238,106.83292,2026-09-20,17:53:00,18:33:00,4.5,14x11x19,Instant_Direct,N/A,Berawan,Lancar,Motorcycle,In_Transit,2026-09-20 20:33:00,120,363,SAFE,Minuman Segar
100024001431,Regular,STR-JKT-005,Eko Prasetyo,HUB-JAKBAR-KEBONJERUK,-6.189512,106.769941,"Jl. Pemuda No. 71, RT 05/RW 06",Jakarta Barat,-6.174076,106.799308,-6.184203,106.775494,2026-09-19,14:35:00,14:51:00,7.3,27x29x18,Standard,N/A,Cerah,Padat,Motorcycle,In_Transit,2026-09-20 14:51:00,1440,21,MEDIUM_RISK,Kecantikan
100024001432,Cargo,STR-JKT-007,Dimas Setiawan,HUB-JAKTIM-RAWAMANGUN,-6.194218,106.883905,"Jl. Senopati No. 18, RT 02/RW 03",Jakarta Timur,-6.222192,106.821841,-6.215347,106.84101,2026-09-18,00:31:00,00:47:00,184.9,99x67x79,Heavy_Cargo,N/A,Gerimis,Lancar,Cargo_Truck,In_Transit,2026-09-21 00:47:00,4320,617,SAFE,Otomotif & Mesin
100024001433,Regular,STR-JKT-011,Doni Kurniawan,HUB-JAKBAR-KEBONJERUK,-6.189512,106.769941,"Jl. Raya Pajajaran No. 9, RT 06/RW 01",Jakarta Barat,-6.144328,106.826106,-6.169312,106.790575,2026-09-19,00:09:00,00:43:00,1.6,40x30x17,Standard,N/A,Gerimis,Sedang,Motorcycle,In_Transit,2026-09-21 00:43:00,2880,613,SAFE,Elektronik
100024001434,Regular,STR-TGR-002,Surya Darma,HUB-SBY-GUBENG,-7.265412,112.752189,"Jl. Kebon Jeruk Raya No. 88, RT 05/RW 09",Surabaya,-7.323238,112.817504,-7.276895,112.768638,2026-09-20,06:47:00,07:13:00,10.5,29x23x27,Standard,N/A,Cerah,Lancar,Van,In_Transit,2026-09-21 07:13:00,1440,1003,SAFE,Kecantikan
100024001435,Same Day,STR-JKT-008,Bayu Nugroho,HUB-JAKTIM-RAWAMANGUN,-6.194218,106.883905,"Jl. Kemang Raya No. 5, RT 09/RW 02",Jakarta Timur,-6.247982,106.830215,-6.205266,106.872395,2026-09-20,07:33:00,08:25:00,4.1,20x29x11,Same_Day_Priority,N/A,Cerah,Sedang,Motorcycle,In_Transit,2026-09-20 16:25:00,480,115,SAFE,Pakaian
100024001436,Same Day,STR-TGR-001,Rian Kusuma,HUB-TGR-BSD,-6.302143,106.652194,"Jl. M.H. Thamrin No. 12, RT 09/RW 03",Tangerang Selatan,-6.350053,106.598576,-6.327465,106.624885,2026-09-20,06:06:00,06:35:00,5.2,21x13x24,Same_Day_Priority,N/A,Berawan,Padat,Motorcycle,Incident_Reported,2026-09-20 14:35:00,480,5,HIGH_RISK,Kosmetik
100024001437,PHARMA,STR-TGR-002,Surya Darma,HUB-BKS-HARAPANINDAH,-6.180215,106.984211,"Jl. Gatot Subroto Kav. 22, RT 08/RW 02",Bekasi,-6.181747,107.053049,-6.18022,107.042635,2026-09-20,08:04:00,08:26:00,1.06,18x18x17,BPOM_Pharma,15.3,Berawan,Padat,Van,In_Transit,2026-09-20 14:26:00,360,-4,BREACHED,Vaksin & Biologis
100024001438,Regular,STR-TGR-001,Rian Kusuma,HUB-JAKTIM-RAWAMANGUN,-6.194218,106.883905,"Jl. Boulevard Barat Kelapa Gading, RT 07/RW 01",Jakarta Timur,-6.261008,106.938135,-6.213163,106.900073,2026-09-17,17:17:00,17:41:00,5.4,37x25x24,Standard,N/A,Cerah,Sedang,Motorcycle,In_Transit,2026-09-20 17:41:00,4320,191,SAFE,Perlengkapan Rumah
100024001439,Mini Cargo,STR-JKT-002,Agus Prayitno,HUB-DPK-MARGONDA,-6.372841,106.832714,"Jl. Sudirman No. 45, RT 04/RW 08",Depok,-6.421558,106.773248,-6.391538,106.805794,2026-09-20,07:49:00,08:16:00,15.1,58x47x44,Bulky_UMKM,N/A,Berawan,Lancar,Motorcycle,Assigned,2026-09-21 08:16:00,1440,1066,SAFE,Sparepart Motor
100024001440,Next Day,STR-JKT-005,Eko Prasetyo,HUB-BKS-HARAPANINDAH,-6.180215,106.984211,"Jl. Boulevard Barat Kelapa Gading, RT 05/RW 07",Bekasi,-6.129855,106.943019,-6.155478,106.962928,2026-09-20,04:21:00,04:37:00,9.9,22x16x24,Standard,N/A,Cerah,Sedang,Motorcycle,In_Transit,2026-09-21 04:37:00,1440,847,SAFE,Pakaian
100024001441,Cargo,STR-JKT-004,Hendra Wijaya,HUB-TGR-BSD,-6.302143,106.652194,"Jl. Panjang No. 14, RT 01/RW 09",Tangerang Selatan,-6.298935,106.58344,-6.30163,106.643087,2026-09-18,23:03:00,23:36:00,236.8,75x61x163,Heavy_Cargo,N/A,Cerah,Lancar,Van,Delivered,2026-09-20 23:36:00,2880,546,SAFE,Grosir Bahan Industri
100024001442,Next Day,STR-JKT-005,Eko Prasetyo,HUB-BDG-BATUNUNGGAL,-6.953812,107.627419,"Jl. Sudirman No. 45, RT 08/RW 03",Bandung,-6.946524,107.644646,-6.950937,107.636865,2026-09-19,14:20:00,14:55:00,7.0,32x20x18,Standard,N/A,Gerimis,Padat,Motorcycle,Assigned,2026-09-20 14:55:00,1440,25,MEDIUM_RISK,Elektronik Kecil
100024001443,Regular,STR-JKT-008,Bayu Nugroho,HUB-SBY-GUBENG,-7.265412,112.752189,"Jl. Pemuda No. 71, RT 09/RW 03",Surabaya,-7.227711,112.807372,-7.232868,112.800132,2026-09-17,22:39:00,23:06:00,8.4,30x16x22,Standard,N/A,Cerah,Sedang,Motorcycle,In_Transit,2026-09-20 23:06:00,4320,516,SAFE,Olahraga
100024001444,Regular,STR-TGR-001,Rian Kusuma,HUB-JAKSEL-TEBET,-6.225588,106.855324,"Jl. Margonda Raya No. 150, RT 07/RW 05",Jakarta Selatan,-6.291032,106.882604,-6.254608,106.867381,2026-09-19,06:58:00,07:27:00,3.7,39x12x14,Standard,N/A,Gerimis,Lancar,Motorcycle,In_Transit,2026-09-21 07:27:00,2880,1017,SAFE,Pakaian
100024001445,Same Day,STR-JKT-011,Doni Kurniawan,HUB-JAKTIM-RAWAMANGUN,-6.194218,106.883905,"Jl. Sudirman No. 45, RT 09/RW 02",Jakarta Timur,-6.183706,106.881215,-6.193806,106.883512,2026-09-20,05:45:00,06:44:00,3.4,32x13x19,Same_Day_Priority,N/A,Berawan,Macet Total,Motorcycle,In_Transit,2026-09-20 14:44:00,480,14,HIGH_RISK,Kosmetik
100024001446,Regular,STR-JKT-013,Gilang Permana,HUB-BKS-HARAPANINDAH,-6.180215,106.984211,"Jl. BSD Raya Utama Blok A2, RT 02/RW 02",Bekasi,-6.174753,106.930768,-6.175718,106.966871,2026-09-18,20:14:00,20:45:00,5.3,37x30x18,Standard,N/A,Cerah,Sedang,Van,In_Transit,2026-09-20 20:45:00,2880,375,SAFE,Kecantikan
100024001447,Same Day,STR-DPK-001,Indra Gunawan,HUB-JAKPUS-TANAHABANG,-6.187841,106.814327,"Jl. Kebon Jeruk Raya No. 88, RT 08/RW 08",Jakarta Pusat,-6.204673,106.849755,-6.198605,106.845404,2026-09-20,05:38:00,06:36:00,2.3,25x18x20,Same_Day_Priority,N/A,Hujan Deras,Sedang,Motorcycle,In_Transit,2026-09-20 14:36:00,480,6,HIGH_RISK,Snack & Makanan Kering
100024001448,Same Day,STR-BKS-001,Aditya Putra,HUB-JAKSEL-TEBET,-6.225588,106.855324,"Jl. TB Simatupang No. 30, RT 03/RW 08",Jakarta Selatan,-6.263267,106.786296,-6.232908,106.840285,2026-09-20,14:08:00,14:36:00,3.6,23x14x13,Same_Day_Priority,N/A,Hujan Deras,Lancar,Motorcycle,In_Transit,2026-09-20 22:36:00,480,486,SAFE,Gadget & Aksesoris
100024001449,Next Day,STR-JKT-014,Ilham Saputra,HUB-BDG-BATUNUNGGAL,-6.953812,107.627419,"Jl. Juanda No. 34, RT 01/RW 04",Bandung,-6.972341,107.667473,-6.956824,107.637006,2026-09-19,13:48:00,14:47:00,0.8,18x12x16,Standard,N/A,Cerah,Padat,Motorcycle,In_Transit,2026-09-20 14:47:00,1440,17,MEDIUM_RISK,Buku
100024001450,Mini Cargo,STR-JKT-013,Gilang Permana,HUB-JAKSEL-TEBET,-6.225588,106.855324,"Jl. Raya Pajajaran No. 9, RT 08/RW 01",Jakarta Selatan,-6.261911,106.899599,-6.246641,106.879573,2026-09-18,13:45:00,14:11:00,28.4,48x35x48,Bulky_UMKM,N/A,Berawan,Padat,Van,In_Transit,2026-09-20 14:11:00,2880,-19,BREACHED,Paket UMKM
100024001451,Same Day,STR-JKT-001,Budi Santoso,HUB-JAKUT-SUNTER,-6.138472,106.865419,"Jl. Raya Pajajaran No. 9, RT 06/RW 07",Jakarta Utara,-6.122644,106.849627,-6.130953,106.858694,2026-09-20,06:05:00,06:37:00,1.2,17x30x24,Same_Day_Priority,N/A,Berawan,Lancar,Motorcycle,In_Transit,2026-09-20 14:37:00,480,7,HIGH_RISK,Kosmetik
100024001452,Next Day,STR-DPK-001,Indra Gunawan,HUB-JAKUT-SUNTER,-6.138472,106.865419,"Jl. Margonda Raya No. 150, RT 04/RW 09",Jakarta Utara,-6.110876,106.840068,-6.131898,106.856054,2026-09-19,14:07:00,14:50:00,7.3,36x11x11,Standard,N/A,Cerah,Padat,Motorcycle,In_Transit,2026-09-20 14:50:00,1440,20,MEDIUM_RISK,Pakaian
100024001453,Next Day,STR-JKT-012,Wahyu Hidayat,HUB-JAKBAR-KEBONJERUK,-6.189512,106.769941,"Jl. Gatot Subroto Kav. 22, RT 04/RW 01",Jakarta Barat,-6.241949,106.799635,-6.206861,106.779986,2026-09-20,09:24:00,10:24:00,2.2,37x30x17,Standard,N/A,Cerah,Lancar,Motorcycle,In_Transit,2026-09-21 10:24:00,1440,1194,SAFE,Elektronik Kecil
100024001454,Regular,STR-JKT-005,Eko Prasetyo,HUB-BDG-BATUNUNGGAL,-6.953812,107.627419,"Jl. Boulevard Barat Kelapa Gading, RT 07/RW 08",Bandung,-6.995533,107.587276,-6.964796,107.61648,2026-09-18,09:16:00,10:01:00,6.4,25x22x18,Standard,N/A,Cerah,Lancar,Motorcycle,In_Transit,2026-09-21 10:01:00,4320,1171,SAFE,Kecantikan
100024001455,Regular,STR-JKT-001,Budi Santoso,HUB-BDG-BATUNUNGGAL,-6.953812,107.627419,"Jl. Juanda No. 34, RT 01/RW 09",Bandung,-6.945361,107.681113,-6.950844,107.663019,2026-09-20,00:14:00,00:33:00,7.5,33x13x13,Standard,N/A,Cerah,Sedang,Motorcycle,In_Transit,2026-09-21 00:33:00,1440,603,SAFE,Kecantikan
100024001456,Same Day,STR-JKT-014,Ilham Saputra,HUB-JAKUT-SUNTER,-6.138472,106.865419,"Jl. Kebon Jeruk Raya No. 88, RT 01/RW 08",Jakarta Utara,-6.155017,106.886368,-6.149167,106.884892,2026-09-20,16:56:00,17:26:00,1.9,31x27x20,Same_Day_Priority,N/A,Cerah,Sedang,Motorcycle,In_Transit,2026-09-21 01:26:00,480,656,SAFE,Kosmetik
100024001457,Dokumen,STR-JKT-003,Rizky Pratama,HUB-DPK-MARGONDA,-6.372841,106.832714,"Jl. M.H. Thamrin No. 12, RT 08/RW 09",Depok,-6.306973,106.841054,-6.322919,106.838613,2026-09-18,18:51:00,19:12:00,0.57,35x25x2,Secure_Document_Pouch,N/A,Berawan,Lancar,Motorcycle,In_Transit,2026-09-20 19:12:00,2880,282,SAFE,Dokumen Penting
100024001458,Cargo,STR-JKT-015,Ahmad Fauzi,HUB-BDG-BATUNUNGGAL,-6.953812,107.627419,"Jl. Raya Darmo No. 55, RT 01/RW 07",Bandung,-6.907848,107.634503,-6.943663,107.62919,2026-09-18,04:12:00,05:08:00,131.5,96x93x76,Heavy_Cargo,N/A,Berawan,Lancar,Cargo_Truck,Delivered,2026-09-21 05:08:00,4320,878,SAFE,Furnitur
100024001459,Next Day,STR-JKT-001,Budi Santoso,HUB-BKS-HARAPANINDAH,-6.180215,106.984211,"Jl. Sudirman No. 45, RT 01/RW 04",Bekasi,-6.207174,107.020328,-6.199075,107.004183,2026-09-20,06:54:00,07:12:00,4.7,40x17x25,Standard,N/A,Cerah,Sedang,Motorcycle,In_Transit,2026-09-21 07:12:00,1440,1002,SAFE,Mainan Anak
100024001460,Next Day,STR-JKT-009,Aris Munandar,HUB-BKS-HARAPANINDAH,-6.180215,106.984211,"Jl. Senopati No. 18, RT 01/RW 08",Bekasi,-6.121548,107.012918,-6.15172,106.997731,2026-09-19,15:30:00,16:16:00,3.1,23x29x14,Standard,N/A,Berawan,Padat,Van,Assigned,2026-09-20 16:16:00,1440,106,SAFE,Buku
100024001461,Next Day,STR-JKT-014,Ilham Saputra,HUB-BKS-HARAPANINDAH,-6.180215,106.984211,"Jl. Pemuda No. 71, RT 05/RW 06",Bekasi,-6.119473,106.938851,-6.156322,106.964242,2026-09-20,05:22:00,06:09:00,6.9,17x29x26,Standard,N/A,Cerah,Sedang,Motorcycle,In_Transit,2026-09-21 06:09:00,1440,939,SAFE,Sepatu
100024001462,Frozen,STR-JKT-011,Doni Kurniawan,HUB-JAKUT-SUNTER,-6.138472,106.865419,"Jl. Pemuda No. 71, RT 06/RW 03",Jakarta Utara,-6.138694,106.876254,-6.135989,106.864313,2026-09-20,08:30:00,09:09:00,7.5,27x16x21,Cold_Chain_-2_to_5C,3.5,Cerah,Macet Total,Motorcycle,In_Transit,2026-09-20 17:09:00,480,159,SAFE,Daging & Seafood
100024001463,PHARMA,STR-JKT-002,Agus Prayitno,HUB-TGR-BSD,-6.302143,106.652194,"Jl. M.H. Thamrin No. 12, RT 08/RW 05",Tangerang Selatan,-6.348087,106.711891,-6.34133,106.69801,2026-09-20,03:40:00,04:25:00,3.85,25x12x20,BPOM_Pharma,17.4,Berawan,Lancar,Motorcycle,In_Transit,2026-09-20 16:25:00,720,115,SAFE,Obat Resep
100024001464,Regular,STR-JKT-005,Eko Prasetyo,HUB-BDG-BATUNUNGGAL,-6.953812,107.627419,"Jl. Boulevard Barat Kelapa Gading, RT 04/RW 07",Bandung,-6.995797,107.663827,-6.974101,107.644899,2026-09-20,04:11:00,05:00:00,7.5,22x16x18,Standard,N/A,Berawan,Lancar,Motorcycle,Delivered,2026-09-21 05:00:00,1440,870,SAFE,Elektronik
100024001465,Dokumen,STR-JKT-005,Eko Prasetyo,HUB-JAKTIM-RAWAMANGUN,-6.194218,106.883905,"Jl. Kebon Jeruk Raya No. 88, RT 08/RW 03",Jakarta Timur,-6.155952,106.921814,-6.184455,106.897437,2026-09-18,13:52:00,14:51:00,1.1,35x25x2,Secure_Document_Pouch,N/A,Cerah,Lancar,Motorcycle,In_Transit,2026-09-20 14:51:00,2880,21,MEDIUM_RISK,Dokumen Penting
100024001466,Regular,STR-JKT-004,Hendra Wijaya,HUB-BDG-BATUNUNGGAL,-6.953812,107.627419,"Jl. Kemang Raya No. 5, RT 08/RW 01",Bandung,-6.926802,107.601126,-6.938871,107.613797,2026-09-18,20:58:00,21:36:00,9.6,32x26x16,Standard,N/A,Cerah,Sedang,Van,In_Transit,2026-09-20 21:36:00,2880,426,SAFE,Olahraga
100024001467,Cargo,STR-JKT-013,Gilang Permana,HUB-JAKBAR-KEBONJERUK,-6.189512,106.769941,"Jl. Juanda No. 34, RT 04/RW 08",Jakarta Barat,-6.241608,106.790335,-6.229058,106.782794,2026-09-18,13:49:00,14:40:00,225.7,93x83x64,Heavy_Cargo,N/A,Hujan Deras,Padat,Van,In_Transit,2026-09-20 14:40:00,2880,10,HIGH_RISK,Grosir Bahan Industri
100024001468,Next Day,STR-JKT-006,Fajar Ramadhan,HUB-BKS-HARAPANINDAH,-6.180215,106.984211,"Jl. TB Simatupang No. 30, RT 02/RW 06",Bekasi,-6.208804,107.032392,-6.192824,107.005455,2026-09-20,08:34:00,09:29:00,4.6,15x20x16,Standard,N/A,Berawan,Sedang,Van,Assigned,2026-09-21 09:29:00,1440,1139,SAFE,Sepatu
100024001469,Regular,STR-BKS-001,Aditya Putra,HUB-SBY-GUBENG,-7.265412,112.752189,"Jl. Asia Afrika No. 80, RT 09/RW 04",Surabaya,-7.275397,112.756294,-7.272642,112.757346,2026-09-20,09:37:00,10:36:00,13.7,36x26x16,Standard,N/A,Cerah,Sedang,Motorcycle,In_Transit,2026-09-21 10:36:00,1440,1206,SAFE,Elektronik
100024001470,Regular,STR-TGR-001,Rian Kusuma,HUB-JAKBAR-KEBONJERUK,-6.189512,106.769941,"Jl. Boulevard Barat Kelapa Gading, RT 02/RW 01",Jakarta Barat,-6.176371,106.752319,-6.181145,106.762906,2026-09-19,13:58:00,14:32:00,9.7,39x11x22,Standard,N/A,Gerimis,Padat,Motorcycle,In_Transit,2026-09-20 14:32:00,1440,2,HIGH_RISK,Kecantikan
100024001471,Next Day,STR-DPK-001,Indra Gunawan,HUB-JAKUT-SUNTER,-6.138472,106.865419,"Jl. Boulevard Barat Kelapa Gading, RT 02/RW 01",Jakarta Utara,-6.092435,106.8762,-6.115946,106.871407,2026-09-19,14:04:00,14:55:00,4.1,19x13x20,Standard,N/A,Cerah,Lancar,Motorcycle,In_Transit,2026-09-20 14:55:00,1440,25,MEDIUM_RISK,Elektronik Kecil
100024001472,Regular,STR-JKT-012,Wahyu Hidayat,HUB-DPK-MARGONDA,-6.372841,106.832714,"Jl. Basuki Rahmat No. 40, RT 06/RW 05",Depok,-6.401547,106.842901,-6.398588,106.841894,2026-09-19,13:35:00,14:20:00,6.4,28x30x21,Standard,N/A,Hujan Deras,Padat,Motorcycle,In_Transit,2026-09-20 14:20:00,1440,-10,BREACHED,Elektronik
100024001473,Next Day,STR-JKT-014,Ilham Saputra,HUB-JAKSEL-TEBET,-6.225588,106.855324,"Jl. Juanda No. 34, RT 04/RW 07",Jakarta Selatan,-6.288087,106.88869,-6.237973,106.863873,2026-09-19,22:13:00,22:38:00,7.5,36x24x16,Standard,N/A,Berawan,Macet Total,Motorcycle,Delivered,2026-09-20 22:38:00,1440,488,SAFE,Sepatu
100024001474,Regular,STR-TGR-001,Rian Kusuma,HUB-BDG-BATUNUNGGAL,-6.953812,107.627419,"Jl. Sudirman No. 45, RT 02/RW 02",Bandung,-6.96053,107.636418,-6.960242,107.633543,2026-09-17,13:21:00,13:45:00,10.9,38x10x24,Standard,N/A,Berawan,Padat,Motorcycle,In_Transit,2026-09-20 13:45:00,4320,-45,BREACHED,Elektronik
100024001475,Same Day,STR-JKT-001,Budi Santoso,HUB-DPK-MARGONDA,-6.372841,106.832714,"Jl. Asia Afrika No. 80, RT 06/RW 06",Depok,-6.334544,106.840781,-6.350644,106.838135,2026-09-20,16:16:00,16:37:00,5.6,34x10x16,Same_Day_Priority,N/A,Cerah,Macet Total,Motorcycle,Delivered,2026-09-21 00:37:00,480,607,SAFE,Gadget & Aksesoris
100024001476,Same Day,STR-JKT-014,Ilham Saputra,HUB-TGR-BSD,-6.302143,106.652194,"Jl. Kebon Jeruk Raya No. 88, RT 05/RW 07",Tangerang Selatan,-6.282753,106.660486,-6.299938,106.653467,2026-09-21,01:41:00,02:41:00,5.7,22x27x24,Same_Day_Priority,N/A,Berawan,Lancar,Motorcycle,In_Transit,2026-09-21 10:41:00,480,1211,SAFE,Pakaian
100024001477,Next Day,STR-JKT-009,Aris Munandar,HUB-SBY-GUBENG,-7.265412,112.752189,"Jl. Kemang Raya No. 5, RT 08/RW 09",Surabaya,-7.331213,112.728635,-7.292889,112.738982,2026-09-20,01:08:00,01:25:00,9.8,23x17x18,Standard,N/A,Berawan,Lancar,Van,In_Transit,2026-09-21 01:25:00,1440,655,SAFE,Elektronik Kecil
100024001478,Same Day,STR-JKT-008,Bayu Nugroho,HUB-TGR-BSD,-6.302143,106.652194,"Jl. Kebon Jeruk Raya No. 88, RT 01/RW 09",Tangerang Selatan,-6.285487,106.652665,-6.293557,106.649741,2026-09-21,04:36:00,05:05:00,3.1,34x30x15,Same_Day_Priority,N/A,Berawan,Sedang,Motorcycle,In_Transit,2026-09-21 13:05:00,480,1355,SAFE,Snack & Makanan Kering
100024001479,Mini Cargo,STR-JKT-002,Agus Prayitno,HUB-TGR-BSD,-6.302143,106.652194,"Jl. H.R. Rasuna Said No. 8, RT 06/RW 07",Tangerang Selatan,-6.336984,106.638992,-6.312436,106.645284,2026-09-18,13:18:00,14:00:00,11.5,57x34x33,Bulky_UMKM,N/A,Gerimis,Lancar,Motorcycle,In_Transit,2026-09-20 14:00:00,2880,-30,BREACHED,Bahan Makanan Kering UMKM
100024001480,Same Day,STR-JKT-001,Budi Santoso,HUB-JAKSEL-TEBET,-6.225588,106.855324,"Jl. Raya Darmo No. 55, RT 02/RW 02",Jakarta Selatan,-6.265917,106.841655,-6.244338,106.850459,2026-09-20,12:49:00,13:26:00,6.9,22x28x22,Same_Day_Priority,N/A,Cerah,Padat,Motorcycle,In_Transit,2026-09-20 21:26:00,480,416,SAFE,Snack & Makanan Kering
100024001481,Same Day,STR-TGR-001,Rian Kusuma,HUB-BDG-BATUNUNGGAL,-6.953812,107.627419,"Jl. Pemuda No. 71, RT 02/RW 06",Bandung,-6.924278,107.655686,-6.933765,107.641559,2026-09-20,13:51:00,14:38:00,3.2,27x10x13,Same_Day_Priority,N/A,Cerah,Lancar,Motorcycle,In_Transit,2026-09-20 22:38:00,480,488,SAFE,Kosmetik
100024001482,Cargo,STR-JKT-006,Fajar Ramadhan,HUB-JAKSEL-TEBET,-6.225588,106.855324,"Jl. H.R. Rasuna Said No. 8, RT 01/RW 02",Jakarta Selatan,-6.272159,106.832747,-6.262275,106.838544,2026-09-18,13:58:00,14:54:00,276.1,55x98x97,Heavy_Cargo,N/A,Berawan,Padat,Van,Assigned,2026-09-20 14:54:00,2880,24,MEDIUM_RISK,Elektronik Besar
100024001483,Instant,STR-BKS-001,Aditya Putra,HUB-SBY-GUBENG,-7.265412,112.752189,"Jl. Boulevard Barat Kelapa Gading, RT 01/RW 06",Surabaya,-7.255863,112.763165,-7.263305,112.756999,2026-09-21,06:46:00,07:43:00,1.3,28x23x19,Instant_Direct,N/A,Cerah,Padat,Motorcycle,In_Transit,2026-09-21 10:43:00,180,1213,SAFE,Makanan Siap Saji
100024001484,Next Day,STR-JKT-005,Eko Prasetyo,HUB-BDG-BATUNUNGGAL,-6.953812,107.627419,"Jl. Senopati No. 18, RT 09/RW 06",Bandung,-7.022206,107.600985,-7.008869,107.604138,2026-09-19,14:02:00,14:29:00,9.6,22x16x14,Standard,N/A,Cerah,Padat,Motorcycle,In_Transit,2026-09-20 14:29:00,1440,-1,BREACHED,Pakaian
100024001485,Same Day,STR-JKT-011,Doni Kurniawan,HUB-JAKTIM-RAWAMANGUN,-6.194218,106.883905,"Jl. M.H. Thamrin No. 12, RT 04/RW 08",Jakarta Timur,-6.258325,106.93592,-6.240559,106.920254,2026-09-20,09:03:00,09:34:00,3.9,26x22x14,Same_Day_Priority,N/A,Gerimis,Sedang,Motorcycle,In_Transit,2026-09-20 17:34:00,480,184,SAFE,Gadget & Aksesoris
100024001486,Same Day,STR-JKT-002,Agus Prayitno,HUB-JAKBAR-KEBONJERUK,-6.189512,106.769941,"Jl. TB Simatupang No. 30, RT 01/RW 04",Jakarta Barat,-6.249951,106.82848,-6.240566,106.817025,2026-09-20,19:58:00,20:20:00,3.3,30x12x15,Same_Day_Priority,N/A,Berawan,Padat,Motorcycle,In_Transit,2026-09-21 04:20:00,480,830,SAFE,Pakaian
100024001487,Regular,STR-DPK-001,Indra Gunawan,HUB-JAKBAR-KEBONJERUK,-6.189512,106.769941,"Jl. Kebon Jeruk Raya No. 88, RT 04/RW 04",Jakarta Barat,-6.183626,106.825831,-6.188089,106.805437,2026-09-19,13:43:00,14:05:00,8.8,19x11x23,Standard,N/A,Gerimis,Macet Total,Motorcycle,Incident_Reported,2026-09-20 14:05:00,1440,-25,BREACHED,Elektronik
100024001488,Mini Cargo,STR-JKT-002,Agus Prayitno,HUB-TGR-BSD,-6.302143,106.652194,"Jl. H.R. Rasuna Said No. 8, RT 01/RW 07",Tangerang Selatan,-6.288138,106.65989,-6.292095,106.660031,2026-09-20,10:14:00,10:33:00,36.9,41x25x31,Bulky_UMKM,N/A,Berawan,Padat,Motorcycle,In_Transit,2026-09-21 10:33:00,1440,1203,SAFE,Tekstil & Garmen
100024001489,Regular,STR-JKT-003,Rizky Pratama,HUB-JAKPUS-TANAHABANG,-6.187841,106.814327,"Jl. Ir. H. Djuanda No. 120, RT 01/RW 05",Jakarta Pusat,-6.146876,106.745151,-6.176469,106.799677,2026-09-17,14:28:00,14:58:00,10.5,30x13x18,Standard,N/A,Berawan,Padat,Motorcycle,In_Transit,2026-09-20 14:58:00,4320,28,MEDIUM_RISK,Pakaian
100024001490,Next Day,STR-JKT-013,Gilang Permana,HUB-JAKUT-SUNTER,-6.138472,106.865419,"Jl. Ahmad Yani No. 102, RT 09/RW 01",Jakarta Utara,-6.169203,106.917958,-6.1443,106.874941,2026-09-19,18:39:00,19:34:00,4.3,34x27x17,Standard,N/A,Berawan,Sedang,Van,In_Transit,2026-09-20 19:34:00,1440,304,SAFE,Mainan Anak
100024001491,Mini Cargo,STR-BKS-001,Aditya Putra,HUB-SBY-GUBENG,-7.265412,112.752189,"Jl. TB Simatupang No. 30, RT 01/RW 05",Surabaya,-7.243871,112.750385,-7.257148,112.749209,2026-09-19,05:51:00,06:35:00,34.9,35x35x47,Bulky_UMKM,N/A,Gerimis,Macet Total,Motorcycle,In_Transit,2026-09-21 06:35:00,2880,965,SAFE,Tekstil & Garmen
100024001492,Same Day,STR-JKT-008,Bayu Nugroho,HUB-JAKBAR-KEBONJERUK,-6.189512,106.769941,"Jl. Pemuda No. 71, RT 08/RW 03",Jakarta Barat,-6.136573,106.81284,-6.176761,106.784868,2026-09-21,04:12:00,04:35:00,4.9,27x26x20,Same_Day_Priority,N/A,Cerah,Sedang,Motorcycle,Delivered,2026-09-21 12:35:00,480,1325,SAFE,Pakaian
100024001493,Frozen,STR-JKT-013,Gilang Permana,HUB-BKS-HARAPANINDAH,-6.180215,106.984211,"Jl. BSD Raya Utama Blok A2, RT 03/RW 09",Bekasi,-6.232088,107.02714,-6.225248,107.020969,2026-09-20,06:43:00,07:21:00,2.0,32x28x30,Cold_Chain_-2_to_5C,-1.0,Berawan,Lancar,Van,In_Transit,2026-09-20 15:21:00,480,51,SAFE,Makanan Beku
100024001494,Mini Cargo,STR-JKT-008,Bayu Nugroho,HUB-DPK-MARGONDA,-6.372841,106.832714,"Jl. Raya Pajajaran No. 9, RT 03/RW 04",Depok,-6.327828,106.804063,-6.358725,106.827176,2026-09-19,13:46:00,14:34:00,15.9,40x48x32,Bulky_UMKM,N/A,Berawan,Sedang,Motorcycle,In_Transit,2026-09-20 14:34:00,1440,4,HIGH_RISK,Paket UMKM
100024001495,Mini Cargo,STR-JKT-013,Gilang Permana,HUB-SBY-GUBENG,-7.265412,112.752189,"Jl. M.H. Thamrin No. 12, RT 06/RW 03",Surabaya,-7.292166,112.736856,-7.272517,112.74839,2026-09-18,13:30:00,14:08:00,11.2,32x31x43,Bulky_UMKM,N/A,Banjir,Macet Total,Van,Incident_Reported,2026-09-20 14:08:00,2880,-22,BREACHED,Paket UMKM
100024001496,Regular,STR-JKT-009,Aris Munandar,HUB-SBY-GUBENG,-7.265412,112.752189,"Jl. H.R. Rasuna Said No. 8, RT 01/RW 02",Surabaya,-7.200917,112.769504,-7.244832,112.756175,2026-09-19,10:34:00,10:50:00,11.0,40x18x30,Standard,N/A,Cerah,Lancar,Van,Assigned,2026-09-21 10:50:00,2880,1220,SAFE,Pakaian
100024001497,Next Day,STR-JKT-004,Hendra Wijaya,HUB-DPK-MARGONDA,-6.372841,106.832714,"Jl. Juanda No. 34, RT 08/RW 09",Depok,-6.371162,106.799847,-6.369375,106.808004,2026-09-19,14:26:00,14:54:00,4.6,31x14x17,Standard,N/A,Cerah,Lancar,Van,In_Transit,2026-09-20 14:54:00,1440,24,MEDIUM_RISK,Pakaian
100024001498,Frozen,STR-TGR-002,Surya Darma,HUB-BDG-BATUNUNGGAL,-6.953812,107.627419,"Jl. BSD Raya Utama Blok A2, RT 03/RW 05",Bandung,-7.012499,107.572686,-6.965996,107.619702,2026-09-20,06:15:00,06:58:00,7.6,33x21x25,Cold_Chain_-2_to_5C,1.4,Cerah,Sedang,Van,Assigned,2026-09-20 14:58:00,480,28,MEDIUM_RISK,Buah & Sayuran Segar
100024001499,Cargo,STR-JKT-010,Teguh Wibowo,HUB-TGR-BSD,-6.302143,106.652194,"Jl. Ir. H. Djuanda No. 120, RT 03/RW 04",Tangerang Selatan,-6.250785,106.640576,-6.268053,106.644348,2026-09-20,07:21:00,07:56:00,115.9,61x48x131,Heavy_Cargo,N/A,Berawan,Lancar,Cargo_Truck,In_Transit,2026-09-21 07:56:00,1440,1046,SAFE,Otomotif & Mesin
